v -0.103659 2.775 -0.72
v -0.054878 -0.205779 -0.72
v -0.103659 -0.263706 -0.72
newmtl 1
Ka 0.6666666666666666 0.6666666666666666 0.6666666666666666
Kd 0.6666666666666666 0.6666666666666666 0.6666666666666666
Ks 0.4666666666666667 0.4666666666666667 0.4666666666666667
d 0.0
endmtl
v -0.054878 -0.260657 -0.72
v 0.213415 -0.260657 -0.72
v -0.042683 0.184465 -0.72
v 0.146341 0.184465 -0.72
v 0.146341 0.019831 -0.72
v 0.310976 -0.234742 -0.72
v 0.310976 -0.179864 -0.72
v 0.213415 0.239343 -0.72
v 0.146341 -0.035047 -0.72
v 0.146341 -0.205779 -0.72
v -0.030488 -0.035047 -0.72
v -0.030488 0.019831 -0.72
v 0.981707 -0.260657 -0.72
v 0.477956 -0.263706 -0.72
v 0.72561 -0.260657 -0.72
v 0.51017 -0.260366 -0.72
v 0.558632 -0.243685 -0.72
v -0.042683 0.239343 -0.72
v 0.656539 0.10765 -0.72
v 0.627233 0.154397 -0.72
v 0.914634 0.239343 -0.72
v 0.477302 0.185033 -0.72
v 0.514726 0.171527 -0.72
v 0.319937 -0.184828 -0.72
v 0.549334 0.148375 -0.72
v 0.579527 0.115042 -0.72
v 0.615854 -0.015992 -0.72
v 0.610791 -0.07012 -0.72
v 0.597207 -0.113127 -0.72
v 0.485946 -0.206645 -0.72
v 0.43931 -0.211877 -0.72
v 0.522378 -0.193233 -0.72
v 0.553065 -0.17255 -0.72
v 0.576528 -0.147797 -0.72
v 0.37294 -0.20451 -0.72
v 0.600141 0.076437 -0.72
v 0.613469 0.02291 -0.72
v 0.598851 -0.218002 -0.72
v 0.636407 -0.178463 -0.72
v 0.72561 -0.205779 -0.72
v 0.663044 -0.13092 -0.72
v 0.914634 -0.205779 -0.72
v 0.678092 -0.077996 -0.72
v 0.682927 -0.020089 -0.72
v 0.675734 0.050996 -0.72
v 0.582092 0.19781 -0.72
v 0.5346 0.225147 -0.72
v 0.478859 0.241341 -0.72
v 0.428639 0.24544 -0.72
v 0.368784 0.24131 -0.72
v 0.310976 0.225623 -0.72
v 0.310976 0.15855 -0.72
v 0.367295 0.182667 -0.72
v 0.428068 0.190562 -0.72
v 0.414797 -0.263706 -0.72
v 0.43488 -0.26652 -0.72
v -0.103659 -2.775 -0.72
v 0.448552 -0.266755 -0.72
v 0.981707 0.239343 -0.72
v 2.775 2.775 -0.72
v 2.775 -0.263706 -0.72
v 2.775 -2.775 -0.72
v -2.775 -2.775 -0.72
v -2.775 -0.263706 -0.72
v 0.364273 -0.256626 -0.72
v -0.591463 -0.260657 -0.72
v -0.529911 -0.123618 -0.72
v -0.501237 -0.16834 -0.72
v -0.969512 -0.260657 -0.72
v -1.042683 -0.260657 -0.72
v -0.847561 0.239343 -0.72
v -2.775 2.775 -0.72
v -0.780488 0.239343 -0.72
v -0.460082 -0.207745 -0.72
v -0.407875 -0.238084 -0.72
v -0.350262 -0.255257 -0.72
v -0.288396 -0.260657 -0.72
v -0.152439 -0.260657 -0.72
v -0.152439 0.239343 -0.72
v -0.29354 0.239343 -0.72
v -0.479221 0.174149 -0.72
v -0.514578 0.134942 -0.72
v -0.537815 0.091942 -0.72
v -0.365777 0.231621 -0.72
v -0.424277 0.211079 -0.72
v -0.478698 0.174608 -0.72
v -0.664634 -0.260657 -0.72
v -0.712367 -0.120413 -0.72
v -0.918921 -0.120413 -0.72
v -0.551244 0.042679 -0.72
v -0.554878 -0.004369 -0.72
v -0.547862 -0.071283 -0.72
v -6.598874 6.876571 -0.7
v -6.876571 6.598874 -0.7
v -6.65 7.0 0.0
newmtl 2
Ka 0.2980392156862745 0.2980392156862745 0.2980392156862745
Kd 0.20784313725490197 0.20784313725490197 0.20784313725490197
Ks 0.01568627450980392 0.01568627450980392 0.01568627450980392
d 0.0
endmtl
v -7.0 6.65 0.0
v -6.28 7.0 0.0
v -6.12 7.0 0.0
v -5.88 7.0 0.0
v -5.72 7.0 0.0
v -5.48 7.0 0.0
v -5.32 7.0 0.0
v -5.08 7.0 0.0
v -4.92 7.0 0.0
v -4.68 7.0 0.0
v -4.52 7.0 0.0
v -4.28 7.0 0.0
v -4.12 7.0 0.0
v -3.88 7.0 0.0
v -3.72 7.0 0.0
v -3.48 7.0 0.0
v -3.32 7.0 0.0
v -3.08 7.0 0.0
v -2.92 7.0 0.0
v -2.68 7.0 0.0
v -2.52 7.0 0.0
v -2.28 7.0 0.0
v -2.12 7.0 0.0
v -1.88 7.0 0.0
v -1.72 7.0 0.0
v 6.598874 6.876571 -0.7
v -1.48 7.0 0.0
v -1.32 7.0 0.0
v -1.08 7.0 0.0
v -0.92 7.0 0.0
v -0.68 7.0 0.0
v -0.52 7.0 0.0
v -0.28 7.0 0.0
v -0.12 7.0 0.0
v 0.12 7.0 0.0
v 0.28 7.0 0.0
v 0.52 7.0 0.0
v 0.68 7.0 0.0
v 0.92 7.0 0.0
v 1.08 7.0 0.0
v 1.32 7.0 0.0
v 1.48 7.0 0.0
v 1.72 7.0 0.0
v 1.88 7.0 0.0
v 2.12 7.0 0.0
v 2.28 7.0 0.0
v 2.52 7.0 0.0
v 2.68 7.0 0.0
v 2.92 7.0 0.0
v 3.08 7.0 0.0
v 3.32 7.0 0.0
v 3.48 7.0 0.0
v 3.72 7.0 0.0
v 3.88 7.0 0.0
v 4.12 7.0 0.0
v 4.28 7.0 0.0
v 4.52 7.0 0.0
v 4.68 7.0 0.0
v 4.92 7.0 0.0
v 5.08 7.0 0.0
v 5.32 7.0 0.0
v 5.48 7.0 0.0
v 5.72 7.0 0.0
v 5.88 7.0 0.0
v 6.12 7.0 0.0
v 6.28 7.0 0.0
v 6.65 7.0 0.0
v 6.876571 6.598874 -0.7
v 7.0 6.65 0.0
v 7.0 6.28 0.0
v 7.0 6.12 0.0
v 7.0 5.88 0.0
v 7.0 5.72 0.0
v 7.0 5.48 0.0
v 7.0 5.32 0.0
v 7.0 5.08 0.0
v 7.0 4.92 0.0
v 7.0 4.68 0.0
v 7.0 4.52 0.0
v 7.0 4.28 0.0
v 7.0 4.12 0.0
v 7.0 3.88 0.0
v 7.0 3.72 0.0
v 7.0 3.48 0.0
v 7.0 3.32 0.0
v 7.0 3.08 0.0
v 7.0 2.92 0.0
v 7.0 2.68 0.0
v 7.0 2.52 0.0
v 7.0 2.28 0.0
v 7.0 2.12 0.0
v 7.0 1.88 0.0
v 7.0 1.72 0.0
v 6.876571 -6.598874 -0.7
v 7.0 1.48 0.0
v 7.0 1.32 0.0
v 7.0 1.08 0.0
v 7.0 0.92 0.0
v 7.0 0.68 0.0
v 7.0 0.52 0.0
v 7.0 0.28 0.0
v 7.0 0.12 0.0
v 7.0 -0.12 0.0
v 7.0 -0.28 0.0
v 7.0 -0.52 0.0
v 7.0 -0.68 0.0
v 7.0 -0.92 0.0
v 7.0 -1.08 0.0
v 7.0 -1.32 0.0
v 7.0 -1.48 0.0
v 7.0 -1.72 0.0
v 7.0 -1.88 0.0
v 7.0 -2.12 0.0
v 7.0 -2.28 0.0
v 7.0 -2.52 0.0
v 7.0 -2.68 0.0
v 7.0 -2.92 0.0
v 7.0 -3.08 0.0
v 7.0 -3.32 0.0
v 7.0 -3.48 0.0
v 7.0 -3.72 0.0
v 7.0 -3.88 0.0
v 7.0 -4.12 0.0
v 7.0 -4.28 0.0
v 7.0 -4.52 0.0
v 7.0 -4.68 0.0
v 7.0 -4.92 0.0
v 7.0 -5.08 0.0
v 7.0 -5.32 0.0
v 7.0 -5.48 0.0
v 7.0 -5.72 0.0
v 7.0 -5.88 0.0
v 7.0 -6.12 0.0
v 7.0 -6.28 0.0
v 7.0 -6.65 0.0
v 6.598874 -6.876571 -0.7
v 6.65 -7.0 0.0
v 6.28 -7.0 0.0
v 6.12 -7.0 0.0
v 5.88 -7.0 0.0
v 5.72 -7.0 0.0
v 5.48 -7.0 0.0
v 5.32 -7.0 0.0
v 5.08 -7.0 0.0
v 4.92 -7.0 0.0
v 4.68 -7.0 0.0
v 4.52 -7.0 0.0
v 4.28 -7.0 0.0
v 4.12 -7.0 0.0
v 3.88 -7.0 0.0
v 3.72 -7.0 0.0
v 3.48 -7.0 0.0
v 3.32 -7.0 0.0
v 3.08 -7.0 0.0
v 2.92 -7.0 0.0
v 2.68 -7.0 0.0
v 2.52 -7.0 0.0
v 2.28 -7.0 0.0
v 2.12 -7.0 0.0
v 1.88 -7.0 0.0
v 1.72 -7.0 0.0
v -6.648874 -6.876571 -0.7
v 1.48 -7.0 0.0
v 1.32 -7.0 0.0
v 1.08 -7.0 0.0
v 0.92 -7.0 0.0
v 0.68 -7.0 0.0
v 0.52 -7.0 0.0
v 0.28 -7.0 0.0
v 0.12 -7.0 0.0
v -0.12 -7.0 0.0
v -0.28 -7.0 0.0
v -0.52 -7.0 0.0
v -0.68 -7.0 0.0
v -0.92 -7.0 0.0
v -1.08 -7.0 0.0
v -1.32 -7.0 0.0
v -1.48 -7.0 0.0
v -1.72 -7.0 0.0
v -1.88 -7.0 0.0
v -2.12 -7.0 0.0
v -2.28 -7.0 0.0
v -2.52 -7.0 0.0
v -2.68 -7.0 0.0
v -2.92 -7.0 0.0
v -3.08 -7.0 0.0
v -3.32 -7.0 0.0
v -3.48 -7.0 0.0
v -3.72 -7.0 0.0
v -3.88 -7.0 0.0
v -4.12 -7.0 0.0
v -4.28 -7.0 0.0
v -4.52 -7.0 0.0
v -4.68 -7.0 0.0
v -4.92 -7.0 0.0
v -5.08 -7.0 0.0
v -5.32 -7.0 0.0
v -5.48 -7.0 0.0
v -5.72 -7.0 0.0
v -5.88 -7.0 0.0
v -6.12 -7.0 0.0
v -6.28 -7.0 0.0
v -6.7 -7.0 0.0
v -6.876571 -6.648874 -0.7
v -7.0 -6.7 0.0
v -7.0 -6.28 0.0
v -7.0 0.28 -0.0
v -7.0 0.52 -0.0
v -7.0 -6.12 0.0
v -7.0 -5.88 0.0
v -7.0 -5.72 0.0
v -7.0 0.68 -0.0
v -7.0 0.92 -0.0
v -7.0 1.08 -0.0
v -7.0 1.32 -0.0
v -7.0 1.48 -0.0
v -7.0 1.72 -0.0
v -7.0 1.88 -0.0
v -7.0 2.12 -0.0
v -7.0 2.28 -0.0
v -7.0 -5.48 0.0
v -7.0 -5.32 0.0
v -7.0 -5.08 0.0
v -7.0 2.52 -0.0
v -7.0 2.68 -0.0
v -7.0 2.92 -0.0
v -7.0 -4.92 0.0
v -7.0 -4.68 0.0
v -7.0 -4.52 0.0
v -7.0 3.08 -0.0
v -7.0 3.32 -0.0
v -7.0 3.48 -0.0
v -7.0 -4.28 0.0
v -7.0 -4.12 0.0
v -7.0 -3.88 0.0
v -7.0 3.72 -0.0
v -7.0 3.88 -0.0
v -7.0 4.12 -0.0
v -7.0 -3.72 0.0
v -7.0 -3.48 0.0
v -7.0 -3.32 0.0
v -7.0 4.28 -0.0
v -7.0 4.52 -0.0
v -7.0 4.68 -0.0
v -7.0 -3.08 0.0
v -7.0 -2.92 0.0
v -7.0 -2.68 0.0
v -7.0 4.92 -0.0
v -7.0 5.08 -0.0
v -7.0 5.32 -0.0
v -7.0 -2.52 0.0
v -7.0 -2.28 0.0
v -7.0 -2.12 0.0
v -7.0 5.48 -0.0
v -7.0 5.72 -0.0
v -7.0 5.88 -0.0
v -7.0 -1.88 0.0
v -7.0 -1.72 0.0
v -7.0 -1.48 0.0
v -7.0 6.12 -0.0
v -7.0 6.28 -0.0
v -7.0 -1.32 0.0
v -7.0 -1.08 0.0
v -7.0 -0.92 0.0
v -7.0 -0.68 0.0
v -7.0 -0.52 0.0
v -7.0 -0.28 0.0
v -7.0 -0.12 0.0
v -7.0 0.12 -0.0
v 2.775 -2.775 -0.7
v 2.775 2.775 -0.7
v -2.775 -2.775 -0.7
v -2.775 2.775 -0.7
v -6.876571 6.598874 0.7
v -6.598874 6.876571 0.7
v -6.973551 2.92 0.15
v -6.973551 1.72 0.15
v -6.973551 4.12 0.15
v -6.973551 1.48 0.15
v -6.973551 1.32 0.15
v -6.973551 6.28 0.15
v -6.973551 6.12 0.15
v -6.973551 5.88 0.15
v -6.973551 5.72 0.15
v -6.973551 2.68 0.15
v -6.973551 2.52 0.15
v -6.973551 2.28 0.15
v -6.973551 2.12 0.15
v -6.973551 1.88 0.15
v -6.973551 1.08 0.15
v -6.973551 0.92 0.15
v -6.973551 5.48 0.15
v -6.973551 5.32 0.15
v -6.973551 3.88 0.15
v -6.973551 3.72 0.15
v -6.973551 3.48 0.15
v -6.973551 3.32 0.15
v -6.973551 3.08 0.15
v -6.973551 0.68 0.15
v -6.973551 0.52 0.15
v -6.973551 -0.68 0.15
v -6.973551 5.08 0.15
v -6.973551 4.92 0.15
v -6.973551 4.68 0.15
v -6.973551 4.52 0.15
v -6.973551 4.28 0.15
v -6.973551 0.28 0.15
v -6.973551 0.12 0.15
v -6.973551 -0.12 0.15
v -6.973551 -0.28 0.15
v -6.973551 -1.48 0.15
v -6.973551 -2.28 0.15
v -6.973551 -0.92 0.15
v -6.973551 -1.08 0.15
v -6.973551 -0.52 0.15
v -6.973551 -1.72 0.15
v -6.973551 -1.88 0.15
v -6.973551 -3.48 0.15
v -6.973551 -1.32 0.15
v -6.973551 -2.52 0.15
v -6.973551 -2.68 0.15
v -6.973551 -2.12 0.15
v -6.973551 -4.68 0.15
v -6.973551 -2.92 0.15
v -6.973551 -3.08 0.15
v -6.973551 -3.72 0.15
v -6.973551 -3.88 0.15
v -6.973551 -3.32 0.15
v -6.973551 -4.12 0.15
v -6.973551 -4.28 0.15
v -6.973551 -5.08 0.15
v -6.973551 -5.32 0.15
v -6.973551 -5.88 0.15
v -6.973551 -6.28 0.15
v -6.876571 -6.648874 0.7
v -6.973551 -6.12 0.15
v -6.973551 -4.92 0.15
v -6.973551 -4.52 0.15
v -6.973551 -5.48 0.15
v -6.973551 -5.72 0.15
v -6.648874 -6.876571 0.7
v 1.72 -6.973551 0.15
v 1.88 -6.973551 0.15
v 6.598874 -6.876571 0.7
v -2.12 -6.973551 0.15
v 1.48 -6.973551 0.15
v 2.52 -6.973551 0.15
v 2.68 -6.973551 0.15
v -5.72 -6.973551 0.15
v -1.32 -6.973551 0.15
v 2.28 -6.973551 0.15
v -6.28 -6.973551 0.15
v -6.12 -6.973551 0.15
v -4.92 -6.973551 0.15
v 2.12 -6.973551 0.15
v 3.32 -6.973551 0.15
v 3.48 -6.973551 0.15
v -3.32 -6.973551 0.15
v -2.68 -6.973551 0.15
v -2.52 -6.973551 0.15
v -1.88 -6.973551 0.15
v -1.72 -6.973551 0.15
v -0.52 -6.973551 0.15
v 3.08 -6.973551 0.15
v -5.48 -6.973551 0.15
v -5.32 -6.973551 0.15
v -2.28 -6.973551 0.15
v 2.92 -6.973551 0.15
v 4.12 -6.973551 0.15
v 4.28 -6.973551 0.15
v -5.88 -6.973551 0.15
v -4.12 -6.973551 0.15
v -2.92 -6.973551 0.15
v -1.08 -6.973551 0.15
v -0.92 -6.973551 0.15
v 3.88 -6.973551 0.15
v 3.72 -6.973551 0.15
v 4.92 -6.973551 0.15
v 5.08 -6.973551 0.15
v -4.68 -6.973551 0.15
v -4.52 -6.973551 0.15
v -1.48 -6.973551 0.15
v -0.28 -6.973551 0.15
v -0.12 -6.973551 0.15
v 0.28 -6.973551 0.15
v 0.12 -6.973551 0.15
v 0.92 -6.973551 0.15
v 1.08 -6.973551 0.15
v 4.68 -6.973551 0.15
v -5.08 -6.973551 0.15
v -3.08 -6.973551 0.15
v 0.68 -6.973551 0.15
v 4.52 -6.973551 0.15
v 5.72 -6.973551 0.15
v 5.88 -6.973551 0.15
v -3.88 -6.973551 0.15
v -3.72 -6.973551 0.15
v -0.68 -6.973551 0.15
v 0.52 -6.973551 0.15
v 1.32 -6.973551 0.15
v 5.48 -6.973551 0.15
v -4.28 -6.973551 0.15
v 5.32 -6.973551 0.15
v 6.28 -6.973551 0.15
v 6.12 -6.973551 0.15
v -3.48 -6.973551 0.15
v 6.876571 -6.598874 0.7
v 6.973551 -2.52 0.15
v 6.973551 6.28 0.15
v 6.876571 6.598874 0.7
v 6.973551 6.12 0.15
v 6.973551 -4.12 0.15
v 6.973551 -2.28 0.15
v 6.973551 -2.12 0.15
v 6.973551 -0.12 0.15
v 6.973551 0.68 0.15
v 6.973551 5.08 0.15
v 6.973551 -6.28 0.15
v 6.973551 -6.12 0.15
v 6.973551 -1.88 0.15
v 6.973551 -1.72 0.15
v 6.973551 2.28 0.15
v 6.973551 -5.88 0.15
v 6.973551 -5.72 0.15
v 6.973551 -3.88 0.15
v 6.973551 -3.72 0.15
v 6.973551 -1.48 0.15
v 6.973551 -1.32 0.15
v 6.973551 0.12 0.15
v 6.973551 0.28 0.15
v 6.973551 1.48 0.15
v 6.973551 2.68 0.15
v 6.973551 4.28 0.15
v 6.973551 5.88 0.15
v 6.973551 -5.48 0.15
v 6.973551 -5.32 0.15
v 6.973551 -3.48 0.15
v 6.973551 -3.32 0.15
v 6.973551 -3.08 0.15
v 6.973551 -2.92 0.15
v 6.973551 -2.68 0.15
v 6.973551 -1.08 0.15
v 6.973551 -0.92 0.15
v 6.973551 -0.68 0.15
v 6.973551 -0.52 0.15
v 6.973551 -0.28 0.15
v 6.973551 -5.08 0.15
v 6.973551 -4.92 0.15
v 6.973551 -4.68 0.15
v 6.973551 -4.52 0.15
v 6.973551 -4.28 0.15
v 6.973551 0.92 0.15
v 6.973551 1.08 0.15
v 6.973551 2.92 0.15
v 6.973551 3.08 0.15
v 6.973551 0.52 0.15
v 6.973551 1.72 0.15
v 6.973551 1.88 0.15
v 6.973551 2.52 0.15
v 6.973551 3.32 0.15
v 6.973551 3.48 0.15
v 6.973551 1.32 0.15
v 6.973551 2.12 0.15
v 6.973551 5.32 0.15
v 6.973551 5.48 0.15
v 6.973551 3.72 0.15
v 6.973551 3.88 0.15
v 6.973551 4.52 0.15
v 6.973551 4.68 0.15
v 6.973551 4.92 0.15
v 6.973551 5.72 0.15
v 6.973551 4.12 0.15
v 6.598874 6.876571 0.7
v 6.28 6.973551 0.15
v 6.12 6.973551 0.15
v 4.92 6.973551 0.15
v 5.88 6.973551 0.15
v 5.72 6.973551 0.15
v 3.32 6.973551 0.15
v 1.72 6.973551 0.15
v 1.48 6.973551 0.15
v 5.48 6.973551 0.15
v 5.32 6.973551 0.15
v 4.68 6.973551 0.15
v 4.52 6.973551 0.15
v 3.08 6.973551 0.15
v 2.92 6.973551 0.15
v 5.08 6.973551 0.15
v 4.28 6.973551 0.15
v 4.12 6.973551 0.15
v 2.68 6.973551 0.15
v 2.52 6.973551 0.15
v 0.92 6.973551 0.15
v 1.08 6.973551 0.15
v 1.32 6.973551 0.15
v 3.88 6.973551 0.15
v 3.72 6.973551 0.15
v 2.28 6.973551 0.15
v 2.12 6.973551 0.15
v 1.88 6.973551 0.15
v 3.48 6.973551 0.15
v 0.12 6.973551 0.15
v -0.12 6.973551 0.15
v -0.28 6.973551 0.15
v 0.68 6.973551 0.15
v 0.52 6.973551 0.15
v 0.28 6.973551 0.15
v -0.68 6.973551 0.15
v -0.92 6.973551 0.15
v -1.08 6.973551 0.15
v -0.52 6.973551 0.15
v -1.48 6.973551 0.15
v -1.72 6.973551 0.15
v -1.88 6.973551 0.15
v -1.32 6.973551 0.15
v -2.28 6.973551 0.15
v -2.52 6.973551 0.15
v -2.68 6.973551 0.15
v -2.12 6.973551 0.15
v -3.08 6.973551 0.15
v -3.32 6.973551 0.15
v -3.48 6.973551 0.15
v -2.92 6.973551 0.15
v -4.12 6.973551 0.15
v -4.28 6.973551 0.15
v -3.88 6.973551 0.15
v -3.72 6.973551 0.15
v -4.68 6.973551 0.15
v -4.92 6.973551 0.15
v -5.08 6.973551 0.15
v -4.52 6.973551 0.15
v -5.48 6.973551 0.15
v -5.72 6.973551 0.15
v -5.88 6.973551 0.15
v -5.32 6.973551 0.15
v -6.28 6.973551 0.15
v -6.12 6.973551 0.15
v -5.476571 -5.876571 0.7
v -5.490201 -5.980099 0.7
v -5.530161 -6.076571 0.7
v -5.593728 -6.159414 0.7
v -6.262941 -5.980099 0.7
v -6.276571 -5.876571 0.7
v -6.262941 -5.773044 0.7
v -6.222981 -5.676571 0.7
v -6.159414 -5.593728 0.7
v -5.676571 -6.222981 0.7
v -5.773044 -6.262941 0.7
v -5.876571 -6.276571 0.7
v -5.980099 -6.262941 0.7
v -6.076571 -6.222981 0.7
v -6.159414 -6.159414 0.7
v -6.222981 -6.076571 0.7
v -5.593728 -5.593728 0.7
v -5.530161 -5.676571 0.7
v -5.490201 -5.773044 0.7
v -6.076571 -5.530161 0.7
v -5.980099 -5.490201 0.7
v -5.876571 -5.476571 0.7
v -5.773044 -5.490201 0.7
v -5.676571 -5.530161 0.7
v 6.28 7.35 0.15
v 6.12 7.35 0.15
v 6.12 7.35 0.0
v 6.28 7.35 0.0
v 6.28 7.401764 0.143185
v 6.28 7.362941 -0.001704
v 6.28 7.45 0.123205
v 6.28 7.375 -0.006699
v 6.28 7.491421 0.091421
v 6.28 7.385355 -0.014645
v 6.28 7.523205 0.05
v 6.28 7.393301 -0.025
v 6.28 7.543185 0.001764
v 6.28 7.398296 -0.037059
v 6.28 7.55 -0.05
v 6.28 7.4 -0.05
v 6.28 7.55 -0.55
v 6.28 7.4 -0.55
v 6.28 7.553408 -0.575882
v 6.28 7.408518 -0.614705
v 6.28 7.563397 -0.6
v 6.28 7.433494 -0.675
v 6.28 7.579289 -0.620711
v 6.28 7.473223 -0.726777
v 6.28 7.6 -0.636603
v 6.28 7.525 -0.766506
v 6.28 7.624118 -0.646593
v 6.28 7.585295 -0.791481
v 6.28 7.65 -0.65
v 6.28 7.65 -0.8
v 6.28 8.0 -0.65
v 6.28 8.0 -0.8
v 6.12 7.362941 -0.001704
v 6.12 7.401764 0.143185
v 6.12 7.375 -0.006699
v 6.12 7.45 0.123205
v 6.12 7.385355 -0.014645
v 6.12 7.491421 0.091421
v 6.12 7.393301 -0.025
v 6.12 7.523205 0.05
v 6.12 7.398296 -0.037059
v 6.12 7.543185 0.001764
v 6.12 7.4 -0.05
v 6.12 7.55 -0.05
v 6.12 7.4 -0.55
v 6.12 7.55 -0.55
v 6.12 7.408518 -0.614705
v 6.12 7.553408 -0.575882
v 6.12 7.433494 -0.675
v 6.12 7.563397 -0.6
v 6.12 7.473223 -0.726777
v 6.12 7.579289 -0.620711
v 6.12 7.525 -0.766506
v 6.12 7.6 -0.636603
v 6.12 7.585295 -0.791481
v 6.12 7.624118 -0.646593
v 6.12 7.65 -0.8
v 6.12 7.65 -0.65
v 6.12 8.0 -0.8
v 6.12 8.0 -0.65
v 5.88 7.35 0.15
v 5.72 7.35 0.15
v 5.72 7.35 0.0
v 5.88 7.35 0.0
v 5.88 7.401764 0.143185
v 5.88 7.362941 -0.001704
v 5.88 7.45 0.123205
v 5.88 7.375 -0.006699
v 5.88 7.491421 0.091421
v 5.88 7.385355 -0.014645
v 5.88 7.523205 0.05
v 5.88 7.393301 -0.025
v 5.88 7.543185 0.001764
v 5.88 7.398296 -0.037059
v 5.88 7.55 -0.05
v 5.88 7.4 -0.05
v 5.88 7.55 -0.55
v 5.88 7.4 -0.55
v 5.88 7.553408 -0.575882
v 5.88 7.408518 -0.614705
v 5.88 7.563397 -0.6
v 5.88 7.433494 -0.675
v 5.88 7.579289 -0.620711
v 5.88 7.473223 -0.726777
v 5.88 7.6 -0.636603
v 5.88 7.525 -0.766506
v 5.88 7.624118 -0.646593
v 5.88 7.585295 -0.791481
v 5.88 7.65 -0.65
v 5.88 7.65 -0.8
v 5.88 8.0 -0.65
v 5.88 8.0 -0.8
v 5.72 7.362941 -0.001704
v 5.72 7.401764 0.143185
v 5.72 7.375 -0.006699
v 5.72 7.45 0.123205
v 5.72 7.385355 -0.014645
v 5.72 7.491421 0.091421
v 5.72 7.393301 -0.025
v 5.72 7.523205 0.05
v 5.72 7.398296 -0.037059
v 5.72 7.543185 0.001764
v 5.72 7.4 -0.05
v 5.72 7.55 -0.05
v 5.72 7.4 -0.55
v 5.72 7.55 -0.55
v 5.72 7.408518 -0.614705
v 5.72 7.553408 -0.575882
v 5.72 7.433494 -0.675
v 5.72 7.563397 -0.6
v 5.72 7.473223 -0.726777
v 5.72 7.579289 -0.620711
v 5.72 7.525 -0.766506
v 5.72 7.6 -0.636603
v 5.72 7.585295 -0.791481
v 5.72 7.624118 -0.646593
v 5.72 7.65 -0.8
v 5.72 7.65 -0.65
v 5.72 8.0 -0.8
v 5.72 8.0 -0.65
v 5.48 7.35 0.15
v 5.32 7.35 0.15
v 5.32 7.35 0.0
v 5.48 7.35 0.0
v 5.48 7.401764 0.143185
v 5.48 7.362941 -0.001704
v 5.48 7.45 0.123205
v 5.48 7.375 -0.006699
v 5.48 7.491421 0.091421
v 5.48 7.385355 -0.014645
v 5.48 7.523205 0.05
v 5.48 7.393301 -0.025
v 5.48 7.543185 0.001764
v 5.48 7.398296 -0.037059
v 5.48 7.55 -0.05
v 5.48 7.4 -0.05
v 5.48 7.55 -0.55
v 5.48 7.4 -0.55
v 5.48 7.553408 -0.575882
v 5.48 7.408518 -0.614705
v 5.48 7.563397 -0.6
v 5.48 7.433494 -0.675
v 5.48 7.579289 -0.620711
v 5.48 7.473223 -0.726777
v 5.48 7.6 -0.636603
v 5.48 7.525 -0.766506
v 5.48 7.624118 -0.646593
v 5.48 7.585295 -0.791481
v 5.48 7.65 -0.65
v 5.48 7.65 -0.8
v 5.48 8.0 -0.65
v 5.48 8.0 -0.8
v 5.32 7.362941 -0.001704
v 5.32 7.401764 0.143185
v 5.32 7.375 -0.006699
v 5.32 7.45 0.123205
v 5.32 7.385355 -0.014645
v 5.32 7.491421 0.091421
v 5.32 7.393301 -0.025
v 5.32 7.523205 0.05
v 5.32 7.398296 -0.037059
v 5.32 7.543185 0.001764
v 5.32 7.4 -0.05
v 5.32 7.55 -0.05
v 5.32 7.4 -0.55
v 5.32 7.55 -0.55
v 5.32 7.408518 -0.614705
v 5.32 7.553408 -0.575882
v 5.32 7.433494 -0.675
v 5.32 7.563397 -0.6
v 5.32 7.473223 -0.726777
v 5.32 7.579289 -0.620711
v 5.32 7.525 -0.766506
v 5.32 7.6 -0.636603
v 5.32 7.585295 -0.791481
v 5.32 7.624118 -0.646593
v 5.32 7.65 -0.8
v 5.32 7.65 -0.65
v 5.32 8.0 -0.8
v 5.32 8.0 -0.65
v 5.08 7.35 0.15
v 4.92 7.35 0.15
v 4.92 7.35 0.0
v 5.08 7.35 0.0
v 5.08 7.401764 0.143185
v 5.08 7.362941 -0.001704
v 5.08 7.45 0.123205
v 5.08 7.375 -0.006699
v 5.08 7.491421 0.091421
v 5.08 7.385355 -0.014645
v 5.08 7.523205 0.05
v 5.08 7.393301 -0.025
v 5.08 7.543185 0.001764
v 5.08 7.398296 -0.037059
v 5.08 7.55 -0.05
v 5.08 7.4 -0.05
v 5.08 7.55 -0.55
v 5.08 7.4 -0.55
v 5.08 7.553408 -0.575882
v 5.08 7.408518 -0.614705
v 5.08 7.563397 -0.6
v 5.08 7.433494 -0.675
v 5.08 7.579289 -0.620711
v 5.08 7.473223 -0.726777
v 5.08 7.6 -0.636603
v 5.08 7.525 -0.766506
v 5.08 7.624118 -0.646593
v 5.08 7.585295 -0.791481
v 5.08 7.65 -0.65
v 5.08 7.65 -0.8
v 5.08 8.0 -0.65
v 5.08 8.0 -0.8
v 4.92 7.362941 -0.001704
v 4.92 7.401764 0.143185
v 4.92 7.375 -0.006699
v 4.92 7.45 0.123205
v 4.92 7.385355 -0.014645
v 4.92 7.491421 0.091421
v 4.92 7.393301 -0.025
v 4.92 7.523205 0.05
v 4.92 7.398296 -0.037059
v 4.92 7.543185 0.001764
v 4.92 7.4 -0.05
v 4.92 7.55 -0.05
v 4.92 7.4 -0.55
v 4.92 7.55 -0.55
v 4.92 7.408518 -0.614705
v 4.92 7.553408 -0.575882
v 4.92 7.433494 -0.675
v 4.92 7.563397 -0.6
v 4.92 7.473223 -0.726777
v 4.92 7.579289 -0.620711
v 4.92 7.525 -0.766506
v 4.92 7.6 -0.636603
v 4.92 7.585295 -0.791481
v 4.92 7.624118 -0.646593
v 4.92 7.65 -0.8
v 4.92 7.65 -0.65
v 4.92 8.0 -0.8
v 4.92 8.0 -0.65
v 4.68 7.35 0.15
v 4.52 7.35 0.15
v 4.52 7.35 0.0
v 4.68 7.35 0.0
v 4.68 7.401764 0.143185
v 4.68 7.362941 -0.001704
v 4.68 7.45 0.123205
v 4.68 7.375 -0.006699
v 4.68 7.491421 0.091421
v 4.68 7.385355 -0.014645
v 4.68 7.523205 0.05
v 4.68 7.393301 -0.025
v 4.68 7.543185 0.001764
v 4.68 7.398296 -0.037059
v 4.68 7.55 -0.05
v 4.68 7.4 -0.05
v 4.68 7.55 -0.55
v 4.68 7.4 -0.55
v 4.68 7.553408 -0.575882
v 4.68 7.408518 -0.614705
v 4.68 7.563397 -0.6
v 4.68 7.433494 -0.675
v 4.68 7.579289 -0.620711
v 4.68 7.473223 -0.726777
v 4.68 7.6 -0.636603
v 4.68 7.525 -0.766506
v 4.68 7.624118 -0.646593
v 4.68 7.585295 -0.791481
v 4.68 7.65 -0.65
v 4.68 7.65 -0.8
v 4.68 8.0 -0.65
v 4.68 8.0 -0.8
v 4.52 7.362941 -0.001704
v 4.52 7.401764 0.143185
v 4.52 7.375 -0.006699
v 4.52 7.45 0.123205
v 4.52 7.385355 -0.014645
v 4.52 7.491421 0.091421
v 4.52 7.393301 -0.025
v 4.52 7.523205 0.05
v 4.52 7.398296 -0.037059
v 4.52 7.543185 0.001764
v 4.52 7.4 -0.05
v 4.52 7.55 -0.05
v 4.52 7.4 -0.55
v 4.52 7.55 -0.55
v 4.52 7.408518 -0.614705
v 4.52 7.553408 -0.575882
v 4.52 7.433494 -0.675
v 4.52 7.563397 -0.6
v 4.52 7.473223 -0.726777
v 4.52 7.579289 -0.620711
v 4.52 7.525 -0.766506
v 4.52 7.6 -0.636603
v 4.52 7.585295 -0.791481
v 4.52 7.624118 -0.646593
v 4.52 7.65 -0.8
v 4.52 7.65 -0.65
v 4.52 8.0 -0.8
v 4.52 8.0 -0.65
v 4.28 7.35 0.15
v 4.12 7.35 0.15
v 4.12 7.35 0.0
v 4.28 7.35 0.0
v 4.28 7.401764 0.143185
v 4.28 7.362941 -0.001704
v 4.28 7.45 0.123205
v 4.28 7.375 -0.006699
v 4.28 7.491421 0.091421
v 4.28 7.385355 -0.014645
v 4.28 7.523205 0.05
v 4.28 7.393301 -0.025
v 4.28 7.543185 0.001764
v 4.28 7.398296 -0.037059
v 4.28 7.55 -0.05
v 4.28 7.4 -0.05
v 4.28 7.55 -0.55
v 4.28 7.4 -0.55
v 4.28 7.553408 -0.575882
v 4.28 7.408518 -0.614705
v 4.28 7.563397 -0.6
v 4.28 7.433494 -0.675
v 4.28 7.579289 -0.620711
v 4.28 7.473223 -0.726777
v 4.28 7.6 -0.636603
v 4.28 7.525 -0.766506
v 4.28 7.624118 -0.646593
v 4.28 7.585295 -0.791481
v 4.28 7.65 -0.65
v 4.28 7.65 -0.8
v 4.28 8.0 -0.65
v 4.28 8.0 -0.8
v 4.12 7.362941 -0.001704
v 4.12 7.401764 0.143185
v 4.12 7.375 -0.006699
v 4.12 7.45 0.123205
v 4.12 7.385355 -0.014645
v 4.12 7.491421 0.091421
v 4.12 7.393301 -0.025
v 4.12 7.523205 0.05
v 4.12 7.398296 -0.037059
v 4.12 7.543185 0.001764
v 4.12 7.4 -0.05
v 4.12 7.55 -0.05
v 4.12 7.4 -0.55
v 4.12 7.55 -0.55
v 4.12 7.408518 -0.614705
v 4.12 7.553408 -0.575882
v 4.12 7.433494 -0.675
v 4.12 7.563397 -0.6
v 4.12 7.473223 -0.726777
v 4.12 7.579289 -0.620711
v 4.12 7.525 -0.766506
v 4.12 7.6 -0.636603
v 4.12 7.585295 -0.791481
v 4.12 7.624118 -0.646593
v 4.12 7.65 -0.8
v 4.12 7.65 -0.65
v 4.12 8.0 -0.8
v 4.12 8.0 -0.65
v 3.88 7.35 0.15
v 3.72 7.35 0.15
v 3.72 7.35 0.0
v 3.88 7.35 0.0
v 3.88 7.401764 0.143185
v 3.88 7.362941 -0.001704
v 3.88 7.45 0.123205
v 3.88 7.375 -0.006699
v 3.88 7.491421 0.091421
v 3.88 7.385355 -0.014645
v 3.88 7.523205 0.05
v 3.88 7.393301 -0.025
v 3.88 7.543185 0.001764
v 3.88 7.398296 -0.037059
v 3.88 7.55 -0.05
v 3.88 7.4 -0.05
v 3.88 7.55 -0.55
v 3.88 7.4 -0.55
v 3.88 7.553408 -0.575882
v 3.88 7.408518 -0.614705
v 3.88 7.563397 -0.6
v 3.88 7.433494 -0.675
v 3.88 7.579289 -0.620711
v 3.88 7.473223 -0.726777
v 3.88 7.6 -0.636603
v 3.88 7.525 -0.766506
v 3.88 7.624118 -0.646593
v 3.88 7.585295 -0.791481
v 3.88 7.65 -0.65
v 3.88 7.65 -0.8
v 3.88 8.0 -0.65
v 3.88 8.0 -0.8
v 3.72 7.362941 -0.001704
v 3.72 7.401764 0.143185
v 3.72 7.375 -0.006699
v 3.72 7.45 0.123205
v 3.72 7.385355 -0.014645
v 3.72 7.491421 0.091421
v 3.72 7.393301 -0.025
v 3.72 7.523205 0.05
v 3.72 7.398296 -0.037059
v 3.72 7.543185 0.001764
v 3.72 7.4 -0.05
v 3.72 7.55 -0.05
v 3.72 7.4 -0.55
v 3.72 7.55 -0.55
v 3.72 7.408518 -0.614705
v 3.72 7.553408 -0.575882
v 3.72 7.433494 -0.675
v 3.72 7.563397 -0.6
v 3.72 7.473223 -0.726777
v 3.72 7.579289 -0.620711
v 3.72 7.525 -0.766506
v 3.72 7.6 -0.636603
v 3.72 7.585295 -0.791481
v 3.72 7.624118 -0.646593
v 3.72 7.65 -0.8
v 3.72 7.65 -0.65
v 3.72 8.0 -0.8
v 3.72 8.0 -0.65
v 3.48 7.35 0.15
v 3.32 7.35 0.15
v 3.32 7.35 0.0
v 3.48 7.35 0.0
v 3.48 7.401764 0.143185
v 3.48 7.362941 -0.001704
v 3.48 7.45 0.123205
v 3.48 7.375 -0.006699
v 3.48 7.491421 0.091421
v 3.48 7.385355 -0.014645
v 3.48 7.523205 0.05
v 3.48 7.393301 -0.025
v 3.48 7.543185 0.001764
v 3.48 7.398296 -0.037059
v 3.48 7.55 -0.05
v 3.48 7.4 -0.05
v 3.48 7.55 -0.55
v 3.48 7.4 -0.55
v 3.48 7.553408 -0.575882
v 3.48 7.408518 -0.614705
v 3.48 7.563397 -0.6
v 3.48 7.433494 -0.675
v 3.48 7.579289 -0.620711
v 3.48 7.473223 -0.726777
v 3.48 7.6 -0.636603
v 3.48 7.525 -0.766506
v 3.48 7.624118 -0.646593
v 3.48 7.585295 -0.791481
v 3.48 7.65 -0.65
v 3.48 7.65 -0.8
v 3.48 8.0 -0.65
v 3.48 8.0 -0.8
v 3.32 7.362941 -0.001704
v 3.32 7.401764 0.143185
v 3.32 7.375 -0.006699
v 3.32 7.45 0.123205
v 3.32 7.385355 -0.014645
v 3.32 7.491421 0.091421
v 3.32 7.393301 -0.025
v 3.32 7.523205 0.05
v 3.32 7.398296 -0.037059
v 3.32 7.543185 0.001764
v 3.32 7.4 -0.05
v 3.32 7.55 -0.05
v 3.32 7.4 -0.55
v 3.32 7.55 -0.55
v 3.32 7.408518 -0.614705
v 3.32 7.553408 -0.575882
v 3.32 7.433494 -0.675
v 3.32 7.563397 -0.6
v 3.32 7.473223 -0.726777
v 3.32 7.579289 -0.620711
v 3.32 7.525 -0.766506
v 3.32 7.6 -0.636603
v 3.32 7.585295 -0.791481
v 3.32 7.624118 -0.646593
v 3.32 7.65 -0.8
v 3.32 7.65 -0.65
v 3.32 8.0 -0.8
v 3.32 8.0 -0.65
v 3.08 7.35 0.15
v 2.92 7.35 0.15
v 2.92 7.35 0.0
v 3.08 7.35 0.0
v 3.08 7.401764 0.143185
v 3.08 7.362941 -0.001704
v 3.08 7.45 0.123205
v 3.08 7.375 -0.006699
v 3.08 7.491421 0.091421
v 3.08 7.385355 -0.014645
v 3.08 7.523205 0.05
v 3.08 7.393301 -0.025
v 3.08 7.543185 0.001764
v 3.08 7.398296 -0.037059
v 3.08 7.55 -0.05
v 3.08 7.4 -0.05
v 3.08 7.55 -0.55
v 3.08 7.4 -0.55
v 3.08 7.553408 -0.575882
v 3.08 7.408518 -0.614705
v 3.08 7.563397 -0.6
v 3.08 7.433494 -0.675
v 3.08 7.579289 -0.620711
v 3.08 7.473223 -0.726777
v 3.08 7.6 -0.636603
v 3.08 7.525 -0.766506
v 3.08 7.624118 -0.646593
v 3.08 7.585295 -0.791481
v 3.08 7.65 -0.65
v 3.08 7.65 -0.8
v 3.08 8.0 -0.65
v 3.08 8.0 -0.8
v 2.92 7.362941 -0.001704
v 2.92 7.401764 0.143185
v 2.92 7.375 -0.006699
v 2.92 7.45 0.123205
v 2.92 7.385355 -0.014645
v 2.92 7.491421 0.091421
v 2.92 7.393301 -0.025
v 2.92 7.523205 0.05
v 2.92 7.398296 -0.037059
v 2.92 7.543185 0.001764
v 2.92 7.4 -0.05
v 2.92 7.55 -0.05
v 2.92 7.4 -0.55
v 2.92 7.55 -0.55
v 2.92 7.408518 -0.614705
v 2.92 7.553408 -0.575882
v 2.92 7.433494 -0.675
v 2.92 7.563397 -0.6
v 2.92 7.473223 -0.726777
v 2.92 7.579289 -0.620711
v 2.92 7.525 -0.766506
v 2.92 7.6 -0.636603
v 2.92 7.585295 -0.791481
v 2.92 7.624118 -0.646593
v 2.92 7.65 -0.8
v 2.92 7.65 -0.65
v 2.92 8.0 -0.8
v 2.92 8.0 -0.65
v 2.68 7.35 0.15
v 2.52 7.35 0.15
v 2.52 7.35 0.0
v 2.68 7.35 0.0
v 2.68 7.401764 0.143185
v 2.68 7.362941 -0.001704
v 2.68 7.45 0.123205
v 2.68 7.375 -0.006699
v 2.68 7.491421 0.091421
v 2.68 7.385355 -0.014645
v 2.68 7.523205 0.05
v 2.68 7.393301 -0.025
v 2.68 7.543185 0.001764
v 2.68 7.398296 -0.037059
v 2.68 7.55 -0.05
v 2.68 7.4 -0.05
v 2.68 7.55 -0.55
v 2.68 7.4 -0.55
v 2.68 7.553408 -0.575882
v 2.68 7.408518 -0.614705
v 2.68 7.563397 -0.6
v 2.68 7.433494 -0.675
v 2.68 7.579289 -0.620711
v 2.68 7.473223 -0.726777
v 2.68 7.6 -0.636603
v 2.68 7.525 -0.766506
v 2.68 7.624118 -0.646593
v 2.68 7.585295 -0.791481
v 2.68 7.65 -0.65
v 2.68 7.65 -0.8
v 2.68 8.0 -0.65
v 2.68 8.0 -0.8
v 2.52 7.362941 -0.001704
v 2.52 7.401764 0.143185
v 2.52 7.375 -0.006699
v 2.52 7.45 0.123205
v 2.52 7.385355 -0.014645
v 2.52 7.491421 0.091421
v 2.52 7.393301 -0.025
v 2.52 7.523205 0.05
v 2.52 7.398296 -0.037059
v 2.52 7.543185 0.001764
v 2.52 7.4 -0.05
v 2.52 7.55 -0.05
v 2.52 7.4 -0.55
v 2.52 7.55 -0.55
v 2.52 7.408518 -0.614705
v 2.52 7.553408 -0.575882
v 2.52 7.433494 -0.675
v 2.52 7.563397 -0.6
v 2.52 7.473223 -0.726777
v 2.52 7.579289 -0.620711
v 2.52 7.525 -0.766506
v 2.52 7.6 -0.636603
v 2.52 7.585295 -0.791481
v 2.52 7.624118 -0.646593
v 2.52 7.65 -0.8
v 2.52 7.65 -0.65
v 2.52 8.0 -0.8
v 2.52 8.0 -0.65
v 2.28 7.35 0.15
v 2.12 7.35 0.15
v 2.12 7.35 0.0
v 2.28 7.35 0.0
v 2.28 7.401764 0.143185
v 2.28 7.362941 -0.001704
v 2.28 7.45 0.123205
v 2.28 7.375 -0.006699
v 2.28 7.491421 0.091421
v 2.28 7.385355 -0.014645
v 2.28 7.523205 0.05
v 2.28 7.393301 -0.025
v 2.28 7.543185 0.001764
v 2.28 7.398296 -0.037059
v 2.28 7.55 -0.05
v 2.28 7.4 -0.05
v 2.28 7.55 -0.55
v 2.28 7.4 -0.55
v 2.28 7.553408 -0.575882
v 2.28 7.408518 -0.614705
v 2.28 7.563397 -0.6
v 2.28 7.433494 -0.675
v 2.28 7.579289 -0.620711
v 2.28 7.473223 -0.726777
v 2.28 7.6 -0.636603
v 2.28 7.525 -0.766506
v 2.28 7.624118 -0.646593
v 2.28 7.585295 -0.791481
v 2.28 7.65 -0.65
v 2.28 7.65 -0.8
v 2.28 8.0 -0.65
v 2.28 8.0 -0.8
v 2.12 7.362941 -0.001704
v 2.12 7.401764 0.143185
v 2.12 7.375 -0.006699
v 2.12 7.45 0.123205
v 2.12 7.385355 -0.014645
v 2.12 7.491421 0.091421
v 2.12 7.393301 -0.025
v 2.12 7.523205 0.05
v 2.12 7.398296 -0.037059
v 2.12 7.543185 0.001764
v 2.12 7.4 -0.05
v 2.12 7.55 -0.05
v 2.12 7.4 -0.55
v 2.12 7.55 -0.55
v 2.12 7.408518 -0.614705
v 2.12 7.553408 -0.575882
v 2.12 7.433494 -0.675
v 2.12 7.563397 -0.6
v 2.12 7.473223 -0.726777
v 2.12 7.579289 -0.620711
v 2.12 7.525 -0.766506
v 2.12 7.6 -0.636603
v 2.12 7.585295 -0.791481
v 2.12 7.624118 -0.646593
v 2.12 7.65 -0.8
v 2.12 7.65 -0.65
v 2.12 8.0 -0.8
v 2.12 8.0 -0.65
v 1.88 7.35 0.15
v 1.72 7.35 0.15
v 1.72 7.35 0.0
v 1.88 7.35 0.0
v 1.88 7.401764 0.143185
v 1.88 7.362941 -0.001704
v 1.88 7.45 0.123205
v 1.88 7.375 -0.006699
v 1.88 7.491421 0.091421
v 1.88 7.385355 -0.014645
v 1.88 7.523205 0.05
v 1.88 7.393301 -0.025
v 1.88 7.543185 0.001764
v 1.88 7.398296 -0.037059
v 1.88 7.55 -0.05
v 1.88 7.4 -0.05
v 1.88 7.55 -0.55
v 1.88 7.4 -0.55
v 1.88 7.553408 -0.575882
v 1.88 7.408518 -0.614705
v 1.88 7.563397 -0.6
v 1.88 7.433494 -0.675
v 1.88 7.579289 -0.620711
v 1.88 7.473223 -0.726777
v 1.88 7.6 -0.636603
v 1.88 7.525 -0.766506
v 1.88 7.624118 -0.646593
v 1.88 7.585295 -0.791481
v 1.88 7.65 -0.65
v 1.88 7.65 -0.8
v 1.88 8.0 -0.65
v 1.88 8.0 -0.8
v 1.72 7.362941 -0.001704
v 1.72 7.401764 0.143185
v 1.72 7.375 -0.006699
v 1.72 7.45 0.123205
v 1.72 7.385355 -0.014645
v 1.72 7.491421 0.091421
v 1.72 7.393301 -0.025
v 1.72 7.523205 0.05
v 1.72 7.398296 -0.037059
v 1.72 7.543185 0.001764
v 1.72 7.4 -0.05
v 1.72 7.55 -0.05
v 1.72 7.4 -0.55
v 1.72 7.55 -0.55
v 1.72 7.408518 -0.614705
v 1.72 7.553408 -0.575882
v 1.72 7.433494 -0.675
v 1.72 7.563397 -0.6
v 1.72 7.473223 -0.726777
v 1.72 7.579289 -0.620711
v 1.72 7.525 -0.766506
v 1.72 7.6 -0.636603
v 1.72 7.585295 -0.791481
v 1.72 7.624118 -0.646593
v 1.72 7.65 -0.8
v 1.72 7.65 -0.65
v 1.72 8.0 -0.8
v 1.72 8.0 -0.65
v 1.48 7.35 0.15
v 1.32 7.35 0.15
v 1.32 7.35 0.0
v 1.48 7.35 0.0
v 1.48 7.401764 0.143185
v 1.48 7.362941 -0.001704
v 1.48 7.45 0.123205
v 1.48 7.375 -0.006699
v 1.48 7.491421 0.091421
v 1.48 7.385355 -0.014645
v 1.48 7.523205 0.05
v 1.48 7.393301 -0.025
v 1.48 7.543185 0.001764
v 1.48 7.398296 -0.037059
v 1.48 7.55 -0.05
v 1.48 7.4 -0.05
v 1.48 7.55 -0.55
v 1.48 7.4 -0.55
v 1.48 7.553408 -0.575882
v 1.48 7.408518 -0.614705
v 1.48 7.563397 -0.6
v 1.48 7.433494 -0.675
v 1.48 7.579289 -0.620711
v 1.48 7.473223 -0.726777
v 1.48 7.6 -0.636603
v 1.48 7.525 -0.766506
v 1.48 7.624118 -0.646593
v 1.48 7.585295 -0.791481
v 1.48 7.65 -0.65
v 1.48 7.65 -0.8
v 1.48 8.0 -0.65
v 1.48 8.0 -0.8
v 1.32 7.362941 -0.001704
v 1.32 7.401764 0.143185
v 1.32 7.375 -0.006699
v 1.32 7.45 0.123205
v 1.32 7.385355 -0.014645
v 1.32 7.491421 0.091421
v 1.32 7.393301 -0.025
v 1.32 7.523205 0.05
v 1.32 7.398296 -0.037059
v 1.32 7.543185 0.001764
v 1.32 7.4 -0.05
v 1.32 7.55 -0.05
v 1.32 7.4 -0.55
v 1.32 7.55 -0.55
v 1.32 7.408518 -0.614705
v 1.32 7.553408 -0.575882
v 1.32 7.433494 -0.675
v 1.32 7.563397 -0.6
v 1.32 7.473223 -0.726777
v 1.32 7.579289 -0.620711
v 1.32 7.525 -0.766506
v 1.32 7.6 -0.636603
v 1.32 7.585295 -0.791481
v 1.32 7.624118 -0.646593
v 1.32 7.65 -0.8
v 1.32 7.65 -0.65
v 1.32 8.0 -0.8
v 1.32 8.0 -0.65
v 1.08 7.35 0.15
v 0.92 7.35 0.15
v 0.92 7.35 0.0
v 1.08 7.35 0.0
v 1.08 7.401764 0.143185
v 1.08 7.362941 -0.001704
v 1.08 7.45 0.123205
v 1.08 7.375 -0.006699
v 1.08 7.491421 0.091421
v 1.08 7.385355 -0.014645
v 1.08 7.523205 0.05
v 1.08 7.393301 -0.025
v 1.08 7.543185 0.001764
v 1.08 7.398296 -0.037059
v 1.08 7.55 -0.05
v 1.08 7.4 -0.05
v 1.08 7.55 -0.55
v 1.08 7.4 -0.55
v 1.08 7.553408 -0.575882
v 1.08 7.408518 -0.614705
v 1.08 7.563397 -0.6
v 1.08 7.433494 -0.675
v 1.08 7.579289 -0.620711
v 1.08 7.473223 -0.726777
v 1.08 7.6 -0.636603
v 1.08 7.525 -0.766506
v 1.08 7.624118 -0.646593
v 1.08 7.585295 -0.791481
v 1.08 7.65 -0.65
v 1.08 7.65 -0.8
v 1.08 8.0 -0.65
v 1.08 8.0 -0.8
v 0.92 7.362941 -0.001704
v 0.92 7.401764 0.143185
v 0.92 7.375 -0.006699
v 0.92 7.45 0.123205
v 0.92 7.385355 -0.014645
v 0.92 7.491421 0.091421
v 0.92 7.393301 -0.025
v 0.92 7.523205 0.05
v 0.92 7.398296 -0.037059
v 0.92 7.543185 0.001764
v 0.92 7.4 -0.05
v 0.92 7.55 -0.05
v 0.92 7.4 -0.55
v 0.92 7.55 -0.55
v 0.92 7.408518 -0.614705
v 0.92 7.553408 -0.575882
v 0.92 7.433494 -0.675
v 0.92 7.563397 -0.6
v 0.92 7.473223 -0.726777
v 0.92 7.579289 -0.620711
v 0.92 7.525 -0.766506
v 0.92 7.6 -0.636603
v 0.92 7.585295 -0.791481
v 0.92 7.624118 -0.646593
v 0.92 7.65 -0.8
v 0.92 7.65 -0.65
v 0.92 8.0 -0.8
v 0.92 8.0 -0.65
v 0.68 7.35 0.15
v 0.52 7.35 0.15
v 0.52 7.35 0.0
v 0.68 7.35 0.0
v 0.68 7.401764 0.143185
v 0.68 7.362941 -0.001704
v 0.68 7.45 0.123205
v 0.68 7.375 -0.006699
v 0.68 7.491421 0.091421
v 0.68 7.385355 -0.014645
v 0.68 7.523205 0.05
v 0.68 7.393301 -0.025
v 0.68 7.543185 0.001764
v 0.68 7.398296 -0.037059
v 0.68 7.55 -0.05
v 0.68 7.4 -0.05
v 0.68 7.55 -0.55
v 0.68 7.4 -0.55
v 0.68 7.553408 -0.575882
v 0.68 7.408518 -0.614705
v 0.68 7.563397 -0.6
v 0.68 7.433494 -0.675
v 0.68 7.579289 -0.620711
v 0.68 7.473223 -0.726777
v 0.68 7.6 -0.636603
v 0.68 7.525 -0.766506
v 0.68 7.624118 -0.646593
v 0.68 7.585295 -0.791481
v 0.68 7.65 -0.65
v 0.68 7.65 -0.8
v 0.68 8.0 -0.65
v 0.68 8.0 -0.8
v 0.52 7.362941 -0.001704
v 0.52 7.401764 0.143185
v 0.52 7.375 -0.006699
v 0.52 7.45 0.123205
v 0.52 7.385355 -0.014645
v 0.52 7.491421 0.091421
v 0.52 7.393301 -0.025
v 0.52 7.523205 0.05
v 0.52 7.398296 -0.037059
v 0.52 7.543185 0.001764
v 0.52 7.4 -0.05
v 0.52 7.55 -0.05
v 0.52 7.4 -0.55
v 0.52 7.55 -0.55
v 0.52 7.408518 -0.614705
v 0.52 7.553408 -0.575882
v 0.52 7.433494 -0.675
v 0.52 7.563397 -0.6
v 0.52 7.473223 -0.726777
v 0.52 7.579289 -0.620711
v 0.52 7.525 -0.766506
v 0.52 7.6 -0.636603
v 0.52 7.585295 -0.791481
v 0.52 7.624118 -0.646593
v 0.52 7.65 -0.8
v 0.52 7.65 -0.65
v 0.52 8.0 -0.8
v 0.52 8.0 -0.65
v 0.28 7.35 0.15
v 0.12 7.35 0.15
v 0.12 7.35 0.0
v 0.28 7.35 0.0
v 0.28 7.401764 0.143185
v 0.28 7.362941 -0.001704
v 0.28 7.45 0.123205
v 0.28 7.375 -0.006699
v 0.28 7.491421 0.091421
v 0.28 7.385355 -0.014645
v 0.28 7.523205 0.05
v 0.28 7.393301 -0.025
v 0.28 7.543185 0.001764
v 0.28 7.398296 -0.037059
v 0.28 7.55 -0.05
v 0.28 7.4 -0.05
v 0.28 7.55 -0.55
v 0.28 7.4 -0.55
v 0.28 7.553408 -0.575882
v 0.28 7.408518 -0.614705
v 0.28 7.563397 -0.6
v 0.28 7.433494 -0.675
v 0.28 7.579289 -0.620711
v 0.28 7.473223 -0.726777
v 0.28 7.6 -0.636603
v 0.28 7.525 -0.766506
v 0.28 7.624118 -0.646593
v 0.28 7.585295 -0.791481
v 0.28 7.65 -0.65
v 0.28 7.65 -0.8
v 0.28 8.0 -0.65
v 0.28 8.0 -0.8
v 0.12 7.362941 -0.001704
v 0.12 7.401764 0.143185
v 0.12 7.375 -0.006699
v 0.12 7.45 0.123205
v 0.12 7.385355 -0.014645
v 0.12 7.491421 0.091421
v 0.12 7.393301 -0.025
v 0.12 7.523205 0.05
v 0.12 7.398296 -0.037059
v 0.12 7.543185 0.001764
v 0.12 7.4 -0.05
v 0.12 7.55 -0.05
v 0.12 7.4 -0.55
v 0.12 7.55 -0.55
v 0.12 7.408518 -0.614705
v 0.12 7.553408 -0.575882
v 0.12 7.433494 -0.675
v 0.12 7.563397 -0.6
v 0.12 7.473223 -0.726777
v 0.12 7.579289 -0.620711
v 0.12 7.525 -0.766506
v 0.12 7.6 -0.636603
v 0.12 7.585295 -0.791481
v 0.12 7.624118 -0.646593
v 0.12 7.65 -0.8
v 0.12 7.65 -0.65
v 0.12 8.0 -0.8
v 0.12 8.0 -0.65
v -0.12 7.35 0.15
v -0.28 7.35 0.15
v -0.28 7.35 0.0
v -0.12 7.35 0.0
v -0.12 7.401764 0.143185
v -0.12 7.362941 -0.001704
v -0.12 7.45 0.123205
v -0.12 7.375 -0.006699
v -0.12 7.491421 0.091421
v -0.12 7.385355 -0.014645
v -0.12 7.523205 0.05
v -0.12 7.393301 -0.025
v -0.12 7.543185 0.001764
v -0.12 7.398296 -0.037059
v -0.12 7.55 -0.05
v -0.12 7.4 -0.05
v -0.12 7.55 -0.55
v -0.12 7.4 -0.55
v -0.12 7.553408 -0.575882
v -0.12 7.408518 -0.614705
v -0.12 7.563397 -0.6
v -0.12 7.433494 -0.675
v -0.12 7.579289 -0.620711
v -0.12 7.473223 -0.726777
v -0.12 7.6 -0.636603
v -0.12 7.525 -0.766506
v -0.12 7.624118 -0.646593
v -0.12 7.585295 -0.791481
v -0.12 7.65 -0.65
v -0.12 7.65 -0.8
v -0.12 8.0 -0.65
v -0.12 8.0 -0.8
v -0.28 7.362941 -0.001704
v -0.28 7.401764 0.143185
v -0.28 7.375 -0.006699
v -0.28 7.45 0.123205
v -0.28 7.385355 -0.014645
v -0.28 7.491421 0.091421
v -0.28 7.393301 -0.025
v -0.28 7.523205 0.05
v -0.28 7.398296 -0.037059
v -0.28 7.543185 0.001764
v -0.28 7.4 -0.05
v -0.28 7.55 -0.05
v -0.28 7.4 -0.55
v -0.28 7.55 -0.55
v -0.28 7.408518 -0.614705
v -0.28 7.553408 -0.575882
v -0.28 7.433494 -0.675
v -0.28 7.563397 -0.6
v -0.28 7.473223 -0.726777
v -0.28 7.579289 -0.620711
v -0.28 7.525 -0.766506
v -0.28 7.6 -0.636603
v -0.28 7.585295 -0.791481
v -0.28 7.624118 -0.646593
v -0.28 7.65 -0.8
v -0.28 7.65 -0.65
v -0.28 8.0 -0.8
v -0.28 8.0 -0.65
v -0.52 7.35 0.15
v -0.68 7.35 0.15
v -0.68 7.35 0.0
v -0.52 7.35 0.0
v -0.52 7.401764 0.143185
v -0.52 7.362941 -0.001704
v -0.52 7.45 0.123205
v -0.52 7.375 -0.006699
v -0.52 7.491421 0.091421
v -0.52 7.385355 -0.014645
v -0.52 7.523205 0.05
v -0.52 7.393301 -0.025
v -0.52 7.543185 0.001764
v -0.52 7.398296 -0.037059
v -0.52 7.55 -0.05
v -0.52 7.4 -0.05
v -0.52 7.55 -0.55
v -0.52 7.4 -0.55
v -0.52 7.553408 -0.575882
v -0.52 7.408518 -0.614705
v -0.52 7.563397 -0.6
v -0.52 7.433494 -0.675
v -0.52 7.579289 -0.620711
v -0.52 7.473223 -0.726777
v -0.52 7.6 -0.636603
v -0.52 7.525 -0.766506
v -0.52 7.624118 -0.646593
v -0.52 7.585295 -0.791481
v -0.52 7.65 -0.65
v -0.52 7.65 -0.8
v -0.52 8.0 -0.65
v -0.52 8.0 -0.8
v -0.68 7.362941 -0.001704
v -0.68 7.401764 0.143185
v -0.68 7.375 -0.006699
v -0.68 7.45 0.123205
v -0.68 7.385355 -0.014645
v -0.68 7.491421 0.091421
v -0.68 7.393301 -0.025
v -0.68 7.523205 0.05
v -0.68 7.398296 -0.037059
v -0.68 7.543185 0.001764
v -0.68 7.4 -0.05
v -0.68 7.55 -0.05
v -0.68 7.4 -0.55
v -0.68 7.55 -0.55
v -0.68 7.408518 -0.614705
v -0.68 7.553408 -0.575882
v -0.68 7.433494 -0.675
v -0.68 7.563397 -0.6
v -0.68 7.473223 -0.726777
v -0.68 7.579289 -0.620711
v -0.68 7.525 -0.766506
v -0.68 7.6 -0.636603
v -0.68 7.585295 -0.791481
v -0.68 7.624118 -0.646593
v -0.68 7.65 -0.8
v -0.68 7.65 -0.65
v -0.68 8.0 -0.8
v -0.68 8.0 -0.65
v -0.92 7.35 0.15
v -1.08 7.35 0.15
v -1.08 7.35 0.0
v -0.92 7.35 0.0
v -0.92 7.401764 0.143185
v -0.92 7.362941 -0.001704
v -0.92 7.45 0.123205
v -0.92 7.375 -0.006699
v -0.92 7.491421 0.091421
v -0.92 7.385355 -0.014645
v -0.92 7.523205 0.05
v -0.92 7.393301 -0.025
v -0.92 7.543185 0.001764
v -0.92 7.398296 -0.037059
v -0.92 7.55 -0.05
v -0.92 7.4 -0.05
v -0.92 7.55 -0.55
v -0.92 7.4 -0.55
v -0.92 7.553408 -0.575882
v -0.92 7.408518 -0.614705
v -0.92 7.563397 -0.6
v -0.92 7.433494 -0.675
v -0.92 7.579289 -0.620711
v -0.92 7.473223 -0.726777
v -0.92 7.6 -0.636603
v -0.92 7.525 -0.766506
v -0.92 7.624118 -0.646593
v -0.92 7.585295 -0.791481
v -0.92 7.65 -0.65
v -0.92 7.65 -0.8
v -0.92 8.0 -0.65
v -0.92 8.0 -0.8
v -1.08 7.362941 -0.001704
v -1.08 7.401764 0.143185
v -1.08 7.375 -0.006699
v -1.08 7.45 0.123205
v -1.08 7.385355 -0.014645
v -1.08 7.491421 0.091421
v -1.08 7.393301 -0.025
v -1.08 7.523205 0.05
v -1.08 7.398296 -0.037059
v -1.08 7.543185 0.001764
v -1.08 7.4 -0.05
v -1.08 7.55 -0.05
v -1.08 7.4 -0.55
v -1.08 7.55 -0.55
v -1.08 7.408518 -0.614705
v -1.08 7.553408 -0.575882
v -1.08 7.433494 -0.675
v -1.08 7.563397 -0.6
v -1.08 7.473223 -0.726777
v -1.08 7.579289 -0.620711
v -1.08 7.525 -0.766506
v -1.08 7.6 -0.636603
v -1.08 7.585295 -0.791481
v -1.08 7.624118 -0.646593
v -1.08 7.65 -0.8
v -1.08 7.65 -0.65
v -1.08 8.0 -0.8
v -1.08 8.0 -0.65
v -1.32 7.35 0.15
v -1.48 7.35 0.15
v -1.48 7.35 0.0
v -1.32 7.35 0.0
v -1.32 7.401764 0.143185
v -1.32 7.362941 -0.001704
v -1.32 7.45 0.123205
v -1.32 7.375 -0.006699
v -1.32 7.491421 0.091421
v -1.32 7.385355 -0.014645
v -1.32 7.523205 0.05
v -1.32 7.393301 -0.025
v -1.32 7.543185 0.001764
v -1.32 7.398296 -0.037059
v -1.32 7.55 -0.05
v -1.32 7.4 -0.05
v -1.32 7.55 -0.55
v -1.32 7.4 -0.55
v -1.32 7.553408 -0.575882
v -1.32 7.408518 -0.614705
v -1.32 7.563397 -0.6
v -1.32 7.433494 -0.675
v -1.32 7.579289 -0.620711
v -1.32 7.473223 -0.726777
v -1.32 7.6 -0.636603
v -1.32 7.525 -0.766506
v -1.32 7.624118 -0.646593
v -1.32 7.585295 -0.791481
v -1.32 7.65 -0.65
v -1.32 7.65 -0.8
v -1.32 8.0 -0.65
v -1.32 8.0 -0.8
v -1.48 7.362941 -0.001704
v -1.48 7.401764 0.143185
v -1.48 7.375 -0.006699
v -1.48 7.45 0.123205
v -1.48 7.385355 -0.014645
v -1.48 7.491421 0.091421
v -1.48 7.393301 -0.025
v -1.48 7.523205 0.05
v -1.48 7.398296 -0.037059
v -1.48 7.543185 0.001764
v -1.48 7.4 -0.05
v -1.48 7.55 -0.05
v -1.48 7.4 -0.55
v -1.48 7.55 -0.55
v -1.48 7.408518 -0.614705
v -1.48 7.553408 -0.575882
v -1.48 7.433494 -0.675
v -1.48 7.563397 -0.6
v -1.48 7.473223 -0.726777
v -1.48 7.579289 -0.620711
v -1.48 7.525 -0.766506
v -1.48 7.6 -0.636603
v -1.48 7.585295 -0.791481
v -1.48 7.624118 -0.646593
v -1.48 7.65 -0.8
v -1.48 7.65 -0.65
v -1.48 8.0 -0.8
v -1.48 8.0 -0.65
v -1.72 7.35 0.15
v -1.88 7.35 0.15
v -1.88 7.35 0.0
v -1.72 7.35 0.0
v -1.72 7.401764 0.143185
v -1.72 7.362941 -0.001704
v -1.72 7.45 0.123205
v -1.72 7.375 -0.006699
v -1.72 7.491421 0.091421
v -1.72 7.385355 -0.014645
v -1.72 7.523205 0.05
v -1.72 7.393301 -0.025
v -1.72 7.543185 0.001764
v -1.72 7.398296 -0.037059
v -1.72 7.55 -0.05
v -1.72 7.4 -0.05
v -1.72 7.55 -0.55
v -1.72 7.4 -0.55
v -1.72 7.553408 -0.575882
v -1.72 7.408518 -0.614705
v -1.72 7.563397 -0.6
v -1.72 7.433494 -0.675
v -1.72 7.579289 -0.620711
v -1.72 7.473223 -0.726777
v -1.72 7.6 -0.636603
v -1.72 7.525 -0.766506
v -1.72 7.624118 -0.646593
v -1.72 7.585295 -0.791481
v -1.72 7.65 -0.65
v -1.72 7.65 -0.8
v -1.72 8.0 -0.65
v -1.72 8.0 -0.8
v -1.88 7.362941 -0.001704
v -1.88 7.401764 0.143185
v -1.88 7.375 -0.006699
v -1.88 7.45 0.123205
v -1.88 7.385355 -0.014645
v -1.88 7.491421 0.091421
v -1.88 7.393301 -0.025
v -1.88 7.523205 0.05
v -1.88 7.398296 -0.037059
v -1.88 7.543185 0.001764
v -1.88 7.4 -0.05
v -1.88 7.55 -0.05
v -1.88 7.4 -0.55
v -1.88 7.55 -0.55
v -1.88 7.408518 -0.614705
v -1.88 7.553408 -0.575882
v -1.88 7.433494 -0.675
v -1.88 7.563397 -0.6
v -1.88 7.473223 -0.726777
v -1.88 7.579289 -0.620711
v -1.88 7.525 -0.766506
v -1.88 7.6 -0.636603
v -1.88 7.585295 -0.791481
v -1.88 7.624118 -0.646593
v -1.88 7.65 -0.8
v -1.88 7.65 -0.65
v -1.88 8.0 -0.8
v -1.88 8.0 -0.65
v -2.12 7.35 0.15
v -2.28 7.35 0.15
v -2.28 7.35 0.0
v -2.12 7.35 0.0
v -2.12 7.401764 0.143185
v -2.12 7.362941 -0.001704
v -2.12 7.45 0.123205
v -2.12 7.375 -0.006699
v -2.12 7.491421 0.091421
v -2.12 7.385355 -0.014645
v -2.12 7.523205 0.05
v -2.12 7.393301 -0.025
v -2.12 7.543185 0.001764
v -2.12 7.398296 -0.037059
v -2.12 7.55 -0.05
v -2.12 7.4 -0.05
v -2.12 7.55 -0.55
v -2.12 7.4 -0.55
v -2.12 7.553408 -0.575882
v -2.12 7.408518 -0.614705
v -2.12 7.563397 -0.6
v -2.12 7.433494 -0.675
v -2.12 7.579289 -0.620711
v -2.12 7.473223 -0.726777
v -2.12 7.6 -0.636603
v -2.12 7.525 -0.766506
v -2.12 7.624118 -0.646593
v -2.12 7.585295 -0.791481
v -2.12 7.65 -0.65
v -2.12 7.65 -0.8
v -2.12 8.0 -0.65
v -2.12 8.0 -0.8
v -2.28 7.362941 -0.001704
v -2.28 7.401764 0.143185
v -2.28 7.375 -0.006699
v -2.28 7.45 0.123205
v -2.28 7.385355 -0.014645
v -2.28 7.491421 0.091421
v -2.28 7.393301 -0.025
v -2.28 7.523205 0.05
v -2.28 7.398296 -0.037059
v -2.28 7.543185 0.001764
v -2.28 7.4 -0.05
v -2.28 7.55 -0.05
v -2.28 7.4 -0.55
v -2.28 7.55 -0.55
v -2.28 7.408518 -0.614705
v -2.28 7.553408 -0.575882
v -2.28 7.433494 -0.675
v -2.28 7.563397 -0.6
v -2.28 7.473223 -0.726777
v -2.28 7.579289 -0.620711
v -2.28 7.525 -0.766506
v -2.28 7.6 -0.636603
v -2.28 7.585295 -0.791481
v -2.28 7.624118 -0.646593
v -2.28 7.65 -0.8
v -2.28 7.65 -0.65
v -2.28 8.0 -0.8
v -2.28 8.0 -0.65
v -2.52 7.35 0.15
v -2.68 7.35 0.15
v -2.68 7.35 0.0
v -2.52 7.35 0.0
v -2.52 7.401764 0.143185
v -2.52 7.362941 -0.001704
v -2.52 7.45 0.123205
v -2.52 7.375 -0.006699
v -2.52 7.491421 0.091421
v -2.52 7.385355 -0.014645
v -2.52 7.523205 0.05
v -2.52 7.393301 -0.025
v -2.52 7.543185 0.001764
v -2.52 7.398296 -0.037059
v -2.52 7.55 -0.05
v -2.52 7.4 -0.05
v -2.52 7.55 -0.55
v -2.52 7.4 -0.55
v -2.52 7.553408 -0.575882
v -2.52 7.408518 -0.614705
v -2.52 7.563397 -0.6
v -2.52 7.433494 -0.675
v -2.52 7.579289 -0.620711
v -2.52 7.473223 -0.726777
v -2.52 7.6 -0.636603
v -2.52 7.525 -0.766506
v -2.52 7.624118 -0.646593
v -2.52 7.585295 -0.791481
v -2.52 7.65 -0.65
v -2.52 7.65 -0.8
v -2.52 8.0 -0.65
v -2.52 8.0 -0.8
v -2.68 7.362941 -0.001704
v -2.68 7.401764 0.143185
v -2.68 7.375 -0.006699
v -2.68 7.45 0.123205
v -2.68 7.385355 -0.014645
v -2.68 7.491421 0.091421
v -2.68 7.393301 -0.025
v -2.68 7.523205 0.05
v -2.68 7.398296 -0.037059
v -2.68 7.543185 0.001764
v -2.68 7.4 -0.05
v -2.68 7.55 -0.05
v -2.68 7.4 -0.55
v -2.68 7.55 -0.55
v -2.68 7.408518 -0.614705
v -2.68 7.553408 -0.575882
v -2.68 7.433494 -0.675
v -2.68 7.563397 -0.6
v -2.68 7.473223 -0.726777
v -2.68 7.579289 -0.620711
v -2.68 7.525 -0.766506
v -2.68 7.6 -0.636603
v -2.68 7.585295 -0.791481
v -2.68 7.624118 -0.646593
v -2.68 7.65 -0.8
v -2.68 7.65 -0.65
v -2.68 8.0 -0.8
v -2.68 8.0 -0.65
v -2.92 7.35 0.15
v -3.08 7.35 0.15
v -3.08 7.35 0.0
v -2.92 7.35 0.0
v -2.92 7.401764 0.143185
v -2.92 7.362941 -0.001704
v -2.92 7.45 0.123205
v -2.92 7.375 -0.006699
v -2.92 7.491421 0.091421
v -2.92 7.385355 -0.014645
v -2.92 7.523205 0.05
v -2.92 7.393301 -0.025
v -2.92 7.543185 0.001764
v -2.92 7.398296 -0.037059
v -2.92 7.55 -0.05
v -2.92 7.4 -0.05
v -2.92 7.55 -0.55
v -2.92 7.4 -0.55
v -2.92 7.553408 -0.575882
v -2.92 7.408518 -0.614705
v -2.92 7.563397 -0.6
v -2.92 7.433494 -0.675
v -2.92 7.579289 -0.620711
v -2.92 7.473223 -0.726777
v -2.92 7.6 -0.636603
v -2.92 7.525 -0.766506
v -2.92 7.624118 -0.646593
v -2.92 7.585295 -0.791481
v -2.92 7.65 -0.65
v -2.92 7.65 -0.8
v -2.92 8.0 -0.65
v -2.92 8.0 -0.8
v -3.08 7.362941 -0.001704
v -3.08 7.401764 0.143185
v -3.08 7.375 -0.006699
v -3.08 7.45 0.123205
v -3.08 7.385355 -0.014645
v -3.08 7.491421 0.091421
v -3.08 7.393301 -0.025
v -3.08 7.523205 0.05
v -3.08 7.398296 -0.037059
v -3.08 7.543185 0.001764
v -3.08 7.4 -0.05
v -3.08 7.55 -0.05
v -3.08 7.4 -0.55
v -3.08 7.55 -0.55
v -3.08 7.408518 -0.614705
v -3.08 7.553408 -0.575882
v -3.08 7.433494 -0.675
v -3.08 7.563397 -0.6
v -3.08 7.473223 -0.726777
v -3.08 7.579289 -0.620711
v -3.08 7.525 -0.766506
v -3.08 7.6 -0.636603
v -3.08 7.585295 -0.791481
v -3.08 7.624118 -0.646593
v -3.08 7.65 -0.8
v -3.08 7.65 -0.65
v -3.08 8.0 -0.8
v -3.08 8.0 -0.65
v -3.32 7.35 0.15
v -3.48 7.35 0.15
v -3.48 7.35 0.0
v -3.32 7.35 0.0
v -3.32 7.401764 0.143185
v -3.32 7.362941 -0.001704
v -3.32 7.45 0.123205
v -3.32 7.375 -0.006699
v -3.32 7.491421 0.091421
v -3.32 7.385355 -0.014645
v -3.32 7.523205 0.05
v -3.32 7.393301 -0.025
v -3.32 7.543185 0.001764
v -3.32 7.398296 -0.037059
v -3.32 7.55 -0.05
v -3.32 7.4 -0.05
v -3.32 7.55 -0.55
v -3.32 7.4 -0.55
v -3.32 7.553408 -0.575882
v -3.32 7.408518 -0.614705
v -3.32 7.563397 -0.6
v -3.32 7.433494 -0.675
v -3.32 7.579289 -0.620711
v -3.32 7.473223 -0.726777
v -3.32 7.6 -0.636603
v -3.32 7.525 -0.766506
v -3.32 7.624118 -0.646593
v -3.32 7.585295 -0.791481
v -3.32 7.65 -0.65
v -3.32 7.65 -0.8
v -3.32 8.0 -0.65
v -3.32 8.0 -0.8
v -3.48 7.362941 -0.001704
v -3.48 7.401764 0.143185
v -3.48 7.375 -0.006699
v -3.48 7.45 0.123205
v -3.48 7.385355 -0.014645
v -3.48 7.491421 0.091421
v -3.48 7.393301 -0.025
v -3.48 7.523205 0.05
v -3.48 7.398296 -0.037059
v -3.48 7.543185 0.001764
v -3.48 7.4 -0.05
v -3.48 7.55 -0.05
v -3.48 7.4 -0.55
v -3.48 7.55 -0.55
v -3.48 7.408518 -0.614705
v -3.48 7.553408 -0.575882
v -3.48 7.433494 -0.675
v -3.48 7.563397 -0.6
v -3.48 7.473223 -0.726777
v -3.48 7.579289 -0.620711
v -3.48 7.525 -0.766506
v -3.48 7.6 -0.636603
v -3.48 7.585295 -0.791481
v -3.48 7.624118 -0.646593
v -3.48 7.65 -0.8
v -3.48 7.65 -0.65
v -3.48 8.0 -0.8
v -3.48 8.0 -0.65
v -3.72 7.35 0.15
v -3.88 7.35 0.15
v -3.88 7.35 0.0
v -3.72 7.35 0.0
v -3.72 7.401764 0.143185
v -3.72 7.362941 -0.001704
v -3.72 7.45 0.123205
v -3.72 7.375 -0.006699
v -3.72 7.491421 0.091421
v -3.72 7.385355 -0.014645
v -3.72 7.523205 0.05
v -3.72 7.393301 -0.025
v -3.72 7.543185 0.001764
v -3.72 7.398296 -0.037059
v -3.72 7.55 -0.05
v -3.72 7.4 -0.05
v -3.72 7.55 -0.55
v -3.72 7.4 -0.55
v -3.72 7.553408 -0.575882
v -3.72 7.408518 -0.614705
v -3.72 7.563397 -0.6
v -3.72 7.433494 -0.675
v -3.72 7.579289 -0.620711
v -3.72 7.473223 -0.726777
v -3.72 7.6 -0.636603
v -3.72 7.525 -0.766506
v -3.72 7.624118 -0.646593
v -3.72 7.585295 -0.791481
v -3.72 7.65 -0.65
v -3.72 7.65 -0.8
v -3.72 8.0 -0.65
v -3.72 8.0 -0.8
v -3.88 7.362941 -0.001704
v -3.88 7.401764 0.143185
v -3.88 7.375 -0.006699
v -3.88 7.45 0.123205
v -3.88 7.385355 -0.014645
v -3.88 7.491421 0.091421
v -3.88 7.393301 -0.025
v -3.88 7.523205 0.05
v -3.88 7.398296 -0.037059
v -3.88 7.543185 0.001764
v -3.88 7.4 -0.05
v -3.88 7.55 -0.05
v -3.88 7.4 -0.55
v -3.88 7.55 -0.55
v -3.88 7.408518 -0.614705
v -3.88 7.553408 -0.575882
v -3.88 7.433494 -0.675
v -3.88 7.563397 -0.6
v -3.88 7.473223 -0.726777
v -3.88 7.579289 -0.620711
v -3.88 7.525 -0.766506
v -3.88 7.6 -0.636603
v -3.88 7.585295 -0.791481
v -3.88 7.624118 -0.646593
v -3.88 7.65 -0.8
v -3.88 7.65 -0.65
v -3.88 8.0 -0.8
v -3.88 8.0 -0.65
v -4.12 7.35 0.15
v -4.28 7.35 0.15
v -4.28 7.35 0.0
v -4.12 7.35 0.0
v -4.12 7.401764 0.143185
v -4.12 7.362941 -0.001704
v -4.12 7.45 0.123205
v -4.12 7.375 -0.006699
v -4.12 7.491421 0.091421
v -4.12 7.385355 -0.014645
v -4.12 7.523205 0.05
v -4.12 7.393301 -0.025
v -4.12 7.543185 0.001764
v -4.12 7.398296 -0.037059
v -4.12 7.55 -0.05
v -4.12 7.4 -0.05
v -4.12 7.55 -0.55
v -4.12 7.4 -0.55
v -4.12 7.553408 -0.575882
v -4.12 7.408518 -0.614705
v -4.12 7.563397 -0.6
v -4.12 7.433494 -0.675
v -4.12 7.579289 -0.620711
v -4.12 7.473223 -0.726777
v -4.12 7.6 -0.636603
v -4.12 7.525 -0.766506
v -4.12 7.624118 -0.646593
v -4.12 7.585295 -0.791481
v -4.12 7.65 -0.65
v -4.12 7.65 -0.8
v -4.12 8.0 -0.65
v -4.12 8.0 -0.8
v -4.28 7.362941 -0.001704
v -4.28 7.401764 0.143185
v -4.28 7.375 -0.006699
v -4.28 7.45 0.123205
v -4.28 7.385355 -0.014645
v -4.28 7.491421 0.091421
v -4.28 7.393301 -0.025
v -4.28 7.523205 0.05
v -4.28 7.398296 -0.037059
v -4.28 7.543185 0.001764
v -4.28 7.4 -0.05
v -4.28 7.55 -0.05
v -4.28 7.4 -0.55
v -4.28 7.55 -0.55
v -4.28 7.408518 -0.614705
v -4.28 7.553408 -0.575882
v -4.28 7.433494 -0.675
v -4.28 7.563397 -0.6
v -4.28 7.473223 -0.726777
v -4.28 7.579289 -0.620711
v -4.28 7.525 -0.766506
v -4.28 7.6 -0.636603
v -4.28 7.585295 -0.791481
v -4.28 7.624118 -0.646593
v -4.28 7.65 -0.8
v -4.28 7.65 -0.65
v -4.28 8.0 -0.8
v -4.28 8.0 -0.65
v -4.52 7.35 0.15
v -4.68 7.35 0.15
v -4.68 7.35 0.0
v -4.52 7.35 0.0
v -4.52 7.401764 0.143185
v -4.52 7.362941 -0.001704
v -4.52 7.45 0.123205
v -4.52 7.375 -0.006699
v -4.52 7.491421 0.091421
v -4.52 7.385355 -0.014645
v -4.52 7.523205 0.05
v -4.52 7.393301 -0.025
v -4.52 7.543185 0.001764
v -4.52 7.398296 -0.037059
v -4.52 7.55 -0.05
v -4.52 7.4 -0.05
v -4.52 7.55 -0.55
v -4.52 7.4 -0.55
v -4.52 7.553408 -0.575882
v -4.52 7.408518 -0.614705
v -4.52 7.563397 -0.6
v -4.52 7.433494 -0.675
v -4.52 7.579289 -0.620711
v -4.52 7.473223 -0.726777
v -4.52 7.6 -0.636603
v -4.52 7.525 -0.766506
v -4.52 7.624118 -0.646593
v -4.52 7.585295 -0.791481
v -4.52 7.65 -0.65
v -4.52 7.65 -0.8
v -4.52 8.0 -0.65
v -4.52 8.0 -0.8
v -4.68 7.362941 -0.001704
v -4.68 7.401764 0.143185
v -4.68 7.375 -0.006699
v -4.68 7.45 0.123205
v -4.68 7.385355 -0.014645
v -4.68 7.491421 0.091421
v -4.68 7.393301 -0.025
v -4.68 7.523205 0.05
v -4.68 7.398296 -0.037059
v -4.68 7.543185 0.001764
v -4.68 7.4 -0.05
v -4.68 7.55 -0.05
v -4.68 7.4 -0.55
v -4.68 7.55 -0.55
v -4.68 7.408518 -0.614705
v -4.68 7.553408 -0.575882
v -4.68 7.433494 -0.675
v -4.68 7.563397 -0.6
v -4.68 7.473223 -0.726777
v -4.68 7.579289 -0.620711
v -4.68 7.525 -0.766506
v -4.68 7.6 -0.636603
v -4.68 7.585295 -0.791481
v -4.68 7.624118 -0.646593
v -4.68 7.65 -0.8
v -4.68 7.65 -0.65
v -4.68 8.0 -0.8
v -4.68 8.0 -0.65
v -4.92 7.35 0.15
v -5.08 7.35 0.15
v -5.08 7.35 0.0
v -4.92 7.35 0.0
v -4.92 7.401764 0.143185
v -4.92 7.362941 -0.001704
v -4.92 7.45 0.123205
v -4.92 7.375 -0.006699
v -4.92 7.491421 0.091421
v -4.92 7.385355 -0.014645
v -4.92 7.523205 0.05
v -4.92 7.393301 -0.025
v -4.92 7.543185 0.001764
v -4.92 7.398296 -0.037059
v -4.92 7.55 -0.05
v -4.92 7.4 -0.05
v -4.92 7.55 -0.55
v -4.92 7.4 -0.55
v -4.92 7.553408 -0.575882
v -4.92 7.408518 -0.614705
v -4.92 7.563397 -0.6
v -4.92 7.433494 -0.675
v -4.92 7.579289 -0.620711
v -4.92 7.473223 -0.726777
v -4.92 7.6 -0.636603
v -4.92 7.525 -0.766506
v -4.92 7.624118 -0.646593
v -4.92 7.585295 -0.791481
v -4.92 7.65 -0.65
v -4.92 7.65 -0.8
v -4.92 8.0 -0.65
v -4.92 8.0 -0.8
v -5.08 7.362941 -0.001704
v -5.08 7.401764 0.143185
v -5.08 7.375 -0.006699
v -5.08 7.45 0.123205
v -5.08 7.385355 -0.014645
v -5.08 7.491421 0.091421
v -5.08 7.393301 -0.025
v -5.08 7.523205 0.05
v -5.08 7.398296 -0.037059
v -5.08 7.543185 0.001764
v -5.08 7.4 -0.05
v -5.08 7.55 -0.05
v -5.08 7.4 -0.55
v -5.08 7.55 -0.55
v -5.08 7.408518 -0.614705
v -5.08 7.553408 -0.575882
v -5.08 7.433494 -0.675
v -5.08 7.563397 -0.6
v -5.08 7.473223 -0.726777
v -5.08 7.579289 -0.620711
v -5.08 7.525 -0.766506
v -5.08 7.6 -0.636603
v -5.08 7.585295 -0.791481
v -5.08 7.624118 -0.646593
v -5.08 7.65 -0.8
v -5.08 7.65 -0.65
v -5.08 8.0 -0.8
v -5.08 8.0 -0.65
v -5.32 7.35 0.15
v -5.48 7.35 0.15
v -5.48 7.35 0.0
v -5.32 7.35 0.0
v -5.32 7.401764 0.143185
v -5.32 7.362941 -0.001704
v -5.32 7.45 0.123205
v -5.32 7.375 -0.006699
v -5.32 7.491421 0.091421
v -5.32 7.385355 -0.014645
v -5.32 7.523205 0.05
v -5.32 7.393301 -0.025
v -5.32 7.543185 0.001764
v -5.32 7.398296 -0.037059
v -5.32 7.55 -0.05
v -5.32 7.4 -0.05
v -5.32 7.55 -0.55
v -5.32 7.4 -0.55
v -5.32 7.553408 -0.575882
v -5.32 7.408518 -0.614705
v -5.32 7.563397 -0.6
v -5.32 7.433494 -0.675
v -5.32 7.579289 -0.620711
v -5.32 7.473223 -0.726777
v -5.32 7.6 -0.636603
v -5.32 7.525 -0.766506
v -5.32 7.624118 -0.646593
v -5.32 7.585295 -0.791481
v -5.32 7.65 -0.65
v -5.32 7.65 -0.8
v -5.32 8.0 -0.65
v -5.32 8.0 -0.8
v -5.48 7.362941 -0.001704
v -5.48 7.401764 0.143185
v -5.48 7.375 -0.006699
v -5.48 7.45 0.123205
v -5.48 7.385355 -0.014645
v -5.48 7.491421 0.091421
v -5.48 7.393301 -0.025
v -5.48 7.523205 0.05
v -5.48 7.398296 -0.037059
v -5.48 7.543185 0.001764
v -5.48 7.4 -0.05
v -5.48 7.55 -0.05
v -5.48 7.4 -0.55
v -5.48 7.55 -0.55
v -5.48 7.408518 -0.614705
v -5.48 7.553408 -0.575882
v -5.48 7.433494 -0.675
v -5.48 7.563397 -0.6
v -5.48 7.473223 -0.726777
v -5.48 7.579289 -0.620711
v -5.48 7.525 -0.766506
v -5.48 7.6 -0.636603
v -5.48 7.585295 -0.791481
v -5.48 7.624118 -0.646593
v -5.48 7.65 -0.8
v -5.48 7.65 -0.65
v -5.48 8.0 -0.8
v -5.48 8.0 -0.65
v -5.72 7.35 0.15
v -5.88 7.35 0.15
v -5.88 7.35 0.0
v -5.72 7.35 0.0
v -5.72 7.401764 0.143185
v -5.72 7.362941 -0.001704
v -5.72 7.45 0.123205
v -5.72 7.375 -0.006699
v -5.72 7.491421 0.091421
v -5.72 7.385355 -0.014645
v -5.72 7.523205 0.05
v -5.72 7.393301 -0.025
v -5.72 7.543185 0.001764
v -5.72 7.398296 -0.037059
v -5.72 7.55 -0.05
v -5.72 7.4 -0.05
v -5.72 7.55 -0.55
v -5.72 7.4 -0.55
v -5.72 7.553408 -0.575882
v -5.72 7.408518 -0.614705
v -5.72 7.563397 -0.6
v -5.72 7.433494 -0.675
v -5.72 7.579289 -0.620711
v -5.72 7.473223 -0.726777
v -5.72 7.6 -0.636603
v -5.72 7.525 -0.766506
v -5.72 7.624118 -0.646593
v -5.72 7.585295 -0.791481
v -5.72 7.65 -0.65
v -5.72 7.65 -0.8
v -5.72 8.0 -0.65
v -5.72 8.0 -0.8
v -5.88 7.362941 -0.001704
v -5.88 7.401764 0.143185
v -5.88 7.375 -0.006699
v -5.88 7.45 0.123205
v -5.88 7.385355 -0.014645
v -5.88 7.491421 0.091421
v -5.88 7.393301 -0.025
v -5.88 7.523205 0.05
v -5.88 7.398296 -0.037059
v -5.88 7.543185 0.001764
v -5.88 7.4 -0.05
v -5.88 7.55 -0.05
v -5.88 7.4 -0.55
v -5.88 7.55 -0.55
v -5.88 7.408518 -0.614705
v -5.88 7.553408 -0.575882
v -5.88 7.433494 -0.675
v -5.88 7.563397 -0.6
v -5.88 7.473223 -0.726777
v -5.88 7.579289 -0.620711
v -5.88 7.525 -0.766506
v -5.88 7.6 -0.636603
v -5.88 7.585295 -0.791481
v -5.88 7.624118 -0.646593
v -5.88 7.65 -0.8
v -5.88 7.65 -0.65
v -5.88 8.0 -0.8
v -5.88 8.0 -0.65
v -6.12 7.35 0.15
v -6.28 7.35 0.15
v -6.28 7.35 0.0
v -6.12 7.35 0.0
v -6.12 7.401764 0.143185
v -6.12 7.362941 -0.001704
v -6.12 7.45 0.123205
v -6.12 7.375 -0.006699
v -6.12 7.491421 0.091421
v -6.12 7.385355 -0.014645
v -6.12 7.523205 0.05
v -6.12 7.393301 -0.025
v -6.12 7.543185 0.001764
v -6.12 7.398296 -0.037059
v -6.12 7.55 -0.05
v -6.12 7.4 -0.05
v -6.12 7.55 -0.55
v -6.12 7.4 -0.55
v -6.12 7.553408 -0.575882
v -6.12 7.408518 -0.614705
v -6.12 7.563397 -0.6
v -6.12 7.433494 -0.675
v -6.12 7.579289 -0.620711
v -6.12 7.473223 -0.726777
v -6.12 7.6 -0.636603
v -6.12 7.525 -0.766506
v -6.12 7.624118 -0.646593
v -6.12 7.585295 -0.791481
v -6.12 7.65 -0.65
v -6.12 7.65 -0.8
v -6.12 8.0 -0.65
v -6.12 8.0 -0.8
v -6.28 7.362941 -0.001704
v -6.28 7.401764 0.143185
v -6.28 7.375 -0.006699
v -6.28 7.45 0.123205
v -6.28 7.385355 -0.014645
v -6.28 7.491421 0.091421
v -6.28 7.393301 -0.025
v -6.28 7.523205 0.05
v -6.28 7.398296 -0.037059
v -6.28 7.543185 0.001764
v -6.28 7.4 -0.05
v -6.28 7.55 -0.05
v -6.28 7.4 -0.55
v -6.28 7.55 -0.55
v -6.28 7.408518 -0.614705
v -6.28 7.553408 -0.575882
v -6.28 7.433494 -0.675
v -6.28 7.563397 -0.6
v -6.28 7.473223 -0.726777
v -6.28 7.579289 -0.620711
v -6.28 7.525 -0.766506
v -6.28 7.6 -0.636603
v -6.28 7.585295 -0.791481
v -6.28 7.624118 -0.646593
v -6.28 7.65 -0.8
v -6.28 7.65 -0.65
v -6.28 8.0 -0.8
v -6.28 8.0 -0.65
v -7.35 6.28 0.15
v -7.35 6.12 0.15
v -7.35 6.12 0.0
v -7.35 6.28 0.0
v -7.401764 6.28 0.143185
v -7.362941 6.28 -0.001704
v -7.45 6.28 0.123205
v -7.375 6.28 -0.006699
v -7.491421 6.28 0.091421
v -7.385355 6.28 -0.014645
v -7.523205 6.28 0.05
v -7.393301 6.28 -0.025
v -7.543185 6.28 0.001764
v -7.398296 6.28 -0.037059
v -7.55 6.28 -0.05
v -7.4 6.28 -0.05
v -7.55 6.28 -0.55
v -7.4 6.28 -0.55
v -7.553408 6.28 -0.575882
v -7.408518 6.28 -0.614705
v -7.563397 6.28 -0.6
v -7.433494 6.28 -0.675
v -7.579289 6.28 -0.620711
v -7.473223 6.28 -0.726777
v -7.6 6.28 -0.636603
v -7.525 6.28 -0.766506
v -7.624118 6.28 -0.646593
v -7.585295 6.28 -0.791481
v -7.65 6.28 -0.65
v -7.65 6.28 -0.8
v -8.0 6.28 -0.65
v -8.0 6.28 -0.8
v -7.362941 6.12 -0.001704
v -7.401764 6.12 0.143185
v -7.375 6.12 -0.006699
v -7.45 6.12 0.123205
v -7.385355 6.12 -0.014645
v -7.491421 6.12 0.091421
v -7.393301 6.12 -0.025
v -7.523205 6.12 0.05
v -7.398296 6.12 -0.037059
v -7.543185 6.12 0.001764
v -7.4 6.12 -0.05
v -7.55 6.12 -0.05
v -7.4 6.12 -0.55
v -7.55 6.12 -0.55
v -7.408518 6.12 -0.614705
v -7.553408 6.12 -0.575882
v -7.433494 6.12 -0.675
v -7.563397 6.12 -0.6
v -7.473223 6.12 -0.726777
v -7.579289 6.12 -0.620711
v -7.525 6.12 -0.766506
v -7.6 6.12 -0.636603
v -7.585295 6.12 -0.791481
v -7.624118 6.12 -0.646593
v -7.65 6.12 -0.8
v -7.65 6.12 -0.65
v -8.0 6.12 -0.8
v -8.0 6.12 -0.65
v -7.35 5.88 0.15
v -7.35 5.72 0.15
v -7.35 5.72 0.0
v -7.35 5.88 0.0
v -7.401764 5.88 0.143185
v -7.362941 5.88 -0.001704
v -7.45 5.88 0.123205
v -7.375 5.88 -0.006699
v -7.491421 5.88 0.091421
v -7.385355 5.88 -0.014645
v -7.523205 5.88 0.05
v -7.393301 5.88 -0.025
v -7.543185 5.88 0.001764
v -7.398296 5.88 -0.037059
v -7.55 5.88 -0.05
v -7.4 5.88 -0.05
v -7.55 5.88 -0.55
v -7.4 5.88 -0.55
v -7.553408 5.88 -0.575882
v -7.408518 5.88 -0.614705
v -7.563397 5.88 -0.6
v -7.433494 5.88 -0.675
v -7.579289 5.88 -0.620711
v -7.473223 5.88 -0.726777
v -7.6 5.88 -0.636603
v -7.525 5.88 -0.766506
v -7.624118 5.88 -0.646593
v -7.585295 5.88 -0.791481
v -7.65 5.88 -0.65
v -7.65 5.88 -0.8
v -8.0 5.88 -0.65
v -8.0 5.88 -0.8
v -7.362941 5.72 -0.001704
v -7.401764 5.72 0.143185
v -7.375 5.72 -0.006699
v -7.45 5.72 0.123205
v -7.385355 5.72 -0.014645
v -7.491421 5.72 0.091421
v -7.393301 5.72 -0.025
v -7.523205 5.72 0.05
v -7.398296 5.72 -0.037059
v -7.543185 5.72 0.001764
v -7.4 5.72 -0.05
v -7.55 5.72 -0.05
v -7.4 5.72 -0.55
v -7.55 5.72 -0.55
v -7.408518 5.72 -0.614705
v -7.553408 5.72 -0.575882
v -7.433494 5.72 -0.675
v -7.563397 5.72 -0.6
v -7.473223 5.72 -0.726777
v -7.579289 5.72 -0.620711
v -7.525 5.72 -0.766506
v -7.6 5.72 -0.636603
v -7.585295 5.72 -0.791481
v -7.624118 5.72 -0.646593
v -7.65 5.72 -0.8
v -7.65 5.72 -0.65
v -8.0 5.72 -0.8
v -8.0 5.72 -0.65
v -7.35 5.48 0.15
v -7.35 5.32 0.15
v -7.35 5.32 0.0
v -7.35 5.48 0.0
v -7.401764 5.48 0.143185
v -7.362941 5.48 -0.001704
v -7.45 5.48 0.123205
v -7.375 5.48 -0.006699
v -7.491421 5.48 0.091421
v -7.385355 5.48 -0.014645
v -7.523205 5.48 0.05
v -7.393301 5.48 -0.025
v -7.543185 5.48 0.001764
v -7.398296 5.48 -0.037059
v -7.55 5.48 -0.05
v -7.4 5.48 -0.05
v -7.55 5.48 -0.55
v -7.4 5.48 -0.55
v -7.553408 5.48 -0.575882
v -7.408518 5.48 -0.614705
v -7.563397 5.48 -0.6
v -7.433494 5.48 -0.675
v -7.579289 5.48 -0.620711
v -7.473223 5.48 -0.726777
v -7.6 5.48 -0.636603
v -7.525 5.48 -0.766506
v -7.624118 5.48 -0.646593
v -7.585295 5.48 -0.791481
v -7.65 5.48 -0.65
v -7.65 5.48 -0.8
v -8.0 5.48 -0.65
v -8.0 5.48 -0.8
v -7.362941 5.32 -0.001704
v -7.401764 5.32 0.143185
v -7.375 5.32 -0.006699
v -7.45 5.32 0.123205
v -7.385355 5.32 -0.014645
v -7.491421 5.32 0.091421
v -7.393301 5.32 -0.025
v -7.523205 5.32 0.05
v -7.398296 5.32 -0.037059
v -7.543185 5.32 0.001764
v -7.4 5.32 -0.05
v -7.55 5.32 -0.05
v -7.4 5.32 -0.55
v -7.55 5.32 -0.55
v -7.408518 5.32 -0.614705
v -7.553408 5.32 -0.575882
v -7.433494 5.32 -0.675
v -7.563397 5.32 -0.6
v -7.473223 5.32 -0.726777
v -7.579289 5.32 -0.620711
v -7.525 5.32 -0.766506
v -7.6 5.32 -0.636603
v -7.585295 5.32 -0.791481
v -7.624118 5.32 -0.646593
v -7.65 5.32 -0.8
v -7.65 5.32 -0.65
v -8.0 5.32 -0.8
v -8.0 5.32 -0.65
v -7.35 5.08 0.15
v -7.35 4.92 0.15
v -7.35 4.92 0.0
v -7.35 5.08 0.0
v -7.401764 5.08 0.143185
v -7.362941 5.08 -0.001704
v -7.45 5.08 0.123205
v -7.375 5.08 -0.006699
v -7.491421 5.08 0.091421
v -7.385355 5.08 -0.014645
v -7.523205 5.08 0.05
v -7.393301 5.08 -0.025
v -7.543185 5.08 0.001764
v -7.398296 5.08 -0.037059
v -7.55 5.08 -0.05
v -7.4 5.08 -0.05
v -7.55 5.08 -0.55
v -7.4 5.08 -0.55
v -7.553408 5.08 -0.575882
v -7.408518 5.08 -0.614705
v -7.563397 5.08 -0.6
v -7.433494 5.08 -0.675
v -7.579289 5.08 -0.620711
v -7.473223 5.08 -0.726777
v -7.6 5.08 -0.636603
v -7.525 5.08 -0.766506
v -7.624118 5.08 -0.646593
v -7.585295 5.08 -0.791481
v -7.65 5.08 -0.65
v -7.65 5.08 -0.8
v -8.0 5.08 -0.65
v -8.0 5.08 -0.8
v -7.362941 4.92 -0.001704
v -7.401764 4.92 0.143185
v -7.375 4.92 -0.006699
v -7.45 4.92 0.123205
v -7.385355 4.92 -0.014645
v -7.491421 4.92 0.091421
v -7.393301 4.92 -0.025
v -7.523205 4.92 0.05
v -7.398296 4.92 -0.037059
v -7.543185 4.92 0.001764
v -7.4 4.92 -0.05
v -7.55 4.92 -0.05
v -7.4 4.92 -0.55
v -7.55 4.92 -0.55
v -7.408518 4.92 -0.614705
v -7.553408 4.92 -0.575882
v -7.433494 4.92 -0.675
v -7.563397 4.92 -0.6
v -7.473223 4.92 -0.726777
v -7.579289 4.92 -0.620711
v -7.525 4.92 -0.766506
v -7.6 4.92 -0.636603
v -7.585295 4.92 -0.791481
v -7.624118 4.92 -0.646593
v -7.65 4.92 -0.8
v -7.65 4.92 -0.65
v -8.0 4.92 -0.8
v -8.0 4.92 -0.65
v -7.35 4.68 0.15
v -7.35 4.52 0.15
v -7.35 4.52 0.0
v -7.35 4.68 0.0
v -7.401764 4.68 0.143185
v -7.362941 4.68 -0.001704
v -7.45 4.68 0.123205
v -7.375 4.68 -0.006699
v -7.491421 4.68 0.091421
v -7.385355 4.68 -0.014645
v -7.523205 4.68 0.05
v -7.393301 4.68 -0.025
v -7.543185 4.68 0.001764
v -7.398296 4.68 -0.037059
v -7.55 4.68 -0.05
v -7.4 4.68 -0.05
v -7.55 4.68 -0.55
v -7.4 4.68 -0.55
v -7.553408 4.68 -0.575882
v -7.408518 4.68 -0.614705
v -7.563397 4.68 -0.6
v -7.433494 4.68 -0.675
v -7.579289 4.68 -0.620711
v -7.473223 4.68 -0.726777
v -7.6 4.68 -0.636603
v -7.525 4.68 -0.766506
v -7.624118 4.68 -0.646593
v -7.585295 4.68 -0.791481
v -7.65 4.68 -0.65
v -7.65 4.68 -0.8
v -8.0 4.68 -0.65
v -8.0 4.68 -0.8
v -7.362941 4.52 -0.001704
v -7.401764 4.52 0.143185
v -7.375 4.52 -0.006699
v -7.45 4.52 0.123205
v -7.385355 4.52 -0.014645
v -7.491421 4.52 0.091421
v -7.393301 4.52 -0.025
v -7.523205 4.52 0.05
v -7.398296 4.52 -0.037059
v -7.543185 4.52 0.001764
v -7.4 4.52 -0.05
v -7.55 4.52 -0.05
v -7.4 4.52 -0.55
v -7.55 4.52 -0.55
v -7.408518 4.52 -0.614705
v -7.553408 4.52 -0.575882
v -7.433494 4.52 -0.675
v -7.563397 4.52 -0.6
v -7.473223 4.52 -0.726777
v -7.579289 4.52 -0.620711
v -7.525 4.52 -0.766506
v -7.6 4.52 -0.636603
v -7.585295 4.52 -0.791481
v -7.624118 4.52 -0.646593
v -7.65 4.52 -0.8
v -7.65 4.52 -0.65
v -8.0 4.52 -0.8
v -8.0 4.52 -0.65
v -7.35 4.28 0.15
v -7.35 4.12 0.15
v -7.35 4.12 0.0
v -7.35 4.28 0.0
v -7.401764 4.28 0.143185
v -7.362941 4.28 -0.001704
v -7.45 4.28 0.123205
v -7.375 4.28 -0.006699
v -7.491421 4.28 0.091421
v -7.385355 4.28 -0.014645
v -7.523205 4.28 0.05
v -7.393301 4.28 -0.025
v -7.543185 4.28 0.001764
v -7.398296 4.28 -0.037059
v -7.55 4.28 -0.05
v -7.4 4.28 -0.05
v -7.55 4.28 -0.55
v -7.4 4.28 -0.55
v -7.553408 4.28 -0.575882
v -7.408518 4.28 -0.614705
v -7.563397 4.28 -0.6
v -7.433494 4.28 -0.675
v -7.579289 4.28 -0.620711
v -7.473223 4.28 -0.726777
v -7.6 4.28 -0.636603
v -7.525 4.28 -0.766506
v -7.624118 4.28 -0.646593
v -7.585295 4.28 -0.791481
v -7.65 4.28 -0.65
v -7.65 4.28 -0.8
v -8.0 4.28 -0.65
v -8.0 4.28 -0.8
v -7.362941 4.12 -0.001704
v -7.401764 4.12 0.143185
v -7.375 4.12 -0.006699
v -7.45 4.12 0.123205
v -7.385355 4.12 -0.014645
v -7.491421 4.12 0.091421
v -7.393301 4.12 -0.025
v -7.523205 4.12 0.05
v -7.398296 4.12 -0.037059
v -7.543185 4.12 0.001764
v -7.4 4.12 -0.05
v -7.55 4.12 -0.05
v -7.4 4.12 -0.55
v -7.55 4.12 -0.55
v -7.408518 4.12 -0.614705
v -7.553408 4.12 -0.575882
v -7.433494 4.12 -0.675
v -7.563397 4.12 -0.6
v -7.473223 4.12 -0.726777
v -7.579289 4.12 -0.620711
v -7.525 4.12 -0.766506
v -7.6 4.12 -0.636603
v -7.585295 4.12 -0.791481
v -7.624118 4.12 -0.646593
v -7.65 4.12 -0.8
v -7.65 4.12 -0.65
v -8.0 4.12 -0.8
v -8.0 4.12 -0.65
v -7.35 3.88 0.15
v -7.35 3.72 0.15
v -7.35 3.72 0.0
v -7.35 3.88 0.0
v -7.401764 3.88 0.143185
v -7.362941 3.88 -0.001704
v -7.45 3.88 0.123205
v -7.375 3.88 -0.006699
v -7.491421 3.88 0.091421
v -7.385355 3.88 -0.014645
v -7.523205 3.88 0.05
v -7.393301 3.88 -0.025
v -7.543185 3.88 0.001764
v -7.398296 3.88 -0.037059
v -7.55 3.88 -0.05
v -7.4 3.88 -0.05
v -7.55 3.88 -0.55
v -7.4 3.88 -0.55
v -7.553408 3.88 -0.575882
v -7.408518 3.88 -0.614705
v -7.563397 3.88 -0.6
v -7.433494 3.88 -0.675
v -7.579289 3.88 -0.620711
v -7.473223 3.88 -0.726777
v -7.6 3.88 -0.636603
v -7.525 3.88 -0.766506
v -7.624118 3.88 -0.646593
v -7.585295 3.88 -0.791481
v -7.65 3.88 -0.65
v -7.65 3.88 -0.8
v -8.0 3.88 -0.65
v -8.0 3.88 -0.8
v -7.362941 3.72 -0.001704
v -7.401764 3.72 0.143185
v -7.375 3.72 -0.006699
v -7.45 3.72 0.123205
v -7.385355 3.72 -0.014645
v -7.491421 3.72 0.091421
v -7.393301 3.72 -0.025
v -7.523205 3.72 0.05
v -7.398296 3.72 -0.037059
v -7.543185 3.72 0.001764
v -7.4 3.72 -0.05
v -7.55 3.72 -0.05
v -7.4 3.72 -0.55
v -7.55 3.72 -0.55
v -7.408518 3.72 -0.614705
v -7.553408 3.72 -0.575882
v -7.433494 3.72 -0.675
v -7.563397 3.72 -0.6
v -7.473223 3.72 -0.726777
v -7.579289 3.72 -0.620711
v -7.525 3.72 -0.766506
v -7.6 3.72 -0.636603
v -7.585295 3.72 -0.791481
v -7.624118 3.72 -0.646593
v -7.65 3.72 -0.8
v -7.65 3.72 -0.65
v -8.0 3.72 -0.8
v -8.0 3.72 -0.65
v -7.35 3.48 0.15
v -7.35 3.32 0.15
v -7.35 3.32 0.0
v -7.35 3.48 0.0
v -7.401764 3.48 0.143185
v -7.362941 3.48 -0.001704
v -7.45 3.48 0.123205
v -7.375 3.48 -0.006699
v -7.491421 3.48 0.091421
v -7.385355 3.48 -0.014645
v -7.523205 3.48 0.05
v -7.393301 3.48 -0.025
v -7.543185 3.48 0.001764
v -7.398296 3.48 -0.037059
v -7.55 3.48 -0.05
v -7.4 3.48 -0.05
v -7.55 3.48 -0.55
v -7.4 3.48 -0.55
v -7.553408 3.48 -0.575882
v -7.408518 3.48 -0.614705
v -7.563397 3.48 -0.6
v -7.433494 3.48 -0.675
v -7.579289 3.48 -0.620711
v -7.473223 3.48 -0.726777
v -7.6 3.48 -0.636603
v -7.525 3.48 -0.766506
v -7.624118 3.48 -0.646593
v -7.585295 3.48 -0.791481
v -7.65 3.48 -0.65
v -7.65 3.48 -0.8
v -8.0 3.48 -0.65
v -8.0 3.48 -0.8
v -7.362941 3.32 -0.001704
v -7.401764 3.32 0.143185
v -7.375 3.32 -0.006699
v -7.45 3.32 0.123205
v -7.385355 3.32 -0.014645
v -7.491421 3.32 0.091421
v -7.393301 3.32 -0.025
v -7.523205 3.32 0.05
v -7.398296 3.32 -0.037059
v -7.543185 3.32 0.001764
v -7.4 3.32 -0.05
v -7.55 3.32 -0.05
v -7.4 3.32 -0.55
v -7.55 3.32 -0.55
v -7.408518 3.32 -0.614705
v -7.553408 3.32 -0.575882
v -7.433494 3.32 -0.675
v -7.563397 3.32 -0.6
v -7.473223 3.32 -0.726777
v -7.579289 3.32 -0.620711
v -7.525 3.32 -0.766506
v -7.6 3.32 -0.636603
v -7.585295 3.32 -0.791481
v -7.624118 3.32 -0.646593
v -7.65 3.32 -0.8
v -7.65 3.32 -0.65
v -8.0 3.32 -0.8
v -8.0 3.32 -0.65
v -7.35 3.08 0.15
v -7.35 2.92 0.15
v -7.35 2.92 0.0
v -7.35 3.08 0.0
v -7.401764 3.08 0.143185
v -7.362941 3.08 -0.001704
v -7.45 3.08 0.123205
v -7.375 3.08 -0.006699
v -7.491421 3.08 0.091421
v -7.385355 3.08 -0.014645
v -7.523205 3.08 0.05
v -7.393301 3.08 -0.025
v -7.543185 3.08 0.001764
v -7.398296 3.08 -0.037059
v -7.55 3.08 -0.05
v -7.4 3.08 -0.05
v -7.55 3.08 -0.55
v -7.4 3.08 -0.55
v -7.553408 3.08 -0.575882
v -7.408518 3.08 -0.614705
v -7.563397 3.08 -0.6
v -7.433494 3.08 -0.675
v -7.579289 3.08 -0.620711
v -7.473223 3.08 -0.726777
v -7.6 3.08 -0.636603
v -7.525 3.08 -0.766506
v -7.624118 3.08 -0.646593
v -7.585295 3.08 -0.791481
v -7.65 3.08 -0.65
v -7.65 3.08 -0.8
v -8.0 3.08 -0.65
v -8.0 3.08 -0.8
v -7.362941 2.92 -0.001704
v -7.401764 2.92 0.143185
v -7.375 2.92 -0.006699
v -7.45 2.92 0.123205
v -7.385355 2.92 -0.014645
v -7.491421 2.92 0.091421
v -7.393301 2.92 -0.025
v -7.523205 2.92 0.05
v -7.398296 2.92 -0.037059
v -7.543185 2.92 0.001764
v -7.4 2.92 -0.05
v -7.55 2.92 -0.05
v -7.4 2.92 -0.55
v -7.55 2.92 -0.55
v -7.408518 2.92 -0.614705
v -7.553408 2.92 -0.575882
v -7.433494 2.92 -0.675
v -7.563397 2.92 -0.6
v -7.473223 2.92 -0.726777
v -7.579289 2.92 -0.620711
v -7.525 2.92 -0.766506
v -7.6 2.92 -0.636603
v -7.585295 2.92 -0.791481
v -7.624118 2.92 -0.646593
v -7.65 2.92 -0.8
v -7.65 2.92 -0.65
v -8.0 2.92 -0.8
v -8.0 2.92 -0.65
v -7.35 2.68 0.15
v -7.35 2.52 0.15
v -7.35 2.52 0.0
v -7.35 2.68 0.0
v -7.401764 2.68 0.143185
v -7.362941 2.68 -0.001704
v -7.45 2.68 0.123205
v -7.375 2.68 -0.006699
v -7.491421 2.68 0.091421
v -7.385355 2.68 -0.014645
v -7.523205 2.68 0.05
v -7.393301 2.68 -0.025
v -7.543185 2.68 0.001764
v -7.398296 2.68 -0.037059
v -7.55 2.68 -0.05
v -7.4 2.68 -0.05
v -7.55 2.68 -0.55
v -7.4 2.68 -0.55
v -7.553408 2.68 -0.575882
v -7.408518 2.68 -0.614705
v -7.563397 2.68 -0.6
v -7.433494 2.68 -0.675
v -7.579289 2.68 -0.620711
v -7.473223 2.68 -0.726777
v -7.6 2.68 -0.636603
v -7.525 2.68 -0.766506
v -7.624118 2.68 -0.646593
v -7.585295 2.68 -0.791481
v -7.65 2.68 -0.65
v -7.65 2.68 -0.8
v -8.0 2.68 -0.65
v -8.0 2.68 -0.8
v -7.362941 2.52 -0.001704
v -7.401764 2.52 0.143185
v -7.375 2.52 -0.006699
v -7.45 2.52 0.123205
v -7.385355 2.52 -0.014645
v -7.491421 2.52 0.091421
v -7.393301 2.52 -0.025
v -7.523205 2.52 0.05
v -7.398296 2.52 -0.037059
v -7.543185 2.52 0.001764
v -7.4 2.52 -0.05
v -7.55 2.52 -0.05
v -7.4 2.52 -0.55
v -7.55 2.52 -0.55
v -7.408518 2.52 -0.614705
v -7.553408 2.52 -0.575882
v -7.433494 2.52 -0.675
v -7.563397 2.52 -0.6
v -7.473223 2.52 -0.726777
v -7.579289 2.52 -0.620711
v -7.525 2.52 -0.766506
v -7.6 2.52 -0.636603
v -7.585295 2.52 -0.791481
v -7.624118 2.52 -0.646593
v -7.65 2.52 -0.8
v -7.65 2.52 -0.65
v -8.0 2.52 -0.8
v -8.0 2.52 -0.65
v -7.35 2.28 0.15
v -7.35 2.12 0.15
v -7.35 2.12 0.0
v -7.35 2.28 0.0
v -7.401764 2.28 0.143185
v -7.362941 2.28 -0.001704
v -7.45 2.28 0.123205
v -7.375 2.28 -0.006699
v -7.491421 2.28 0.091421
v -7.385355 2.28 -0.014645
v -7.523205 2.28 0.05
v -7.393301 2.28 -0.025
v -7.543185 2.28 0.001764
v -7.398296 2.28 -0.037059
v -7.55 2.28 -0.05
v -7.4 2.28 -0.05
v -7.55 2.28 -0.55
v -7.4 2.28 -0.55
v -7.553408 2.28 -0.575882
v -7.408518 2.28 -0.614705
v -7.563397 2.28 -0.6
v -7.433494 2.28 -0.675
v -7.579289 2.28 -0.620711
v -7.473223 2.28 -0.726777
v -7.6 2.28 -0.636603
v -7.525 2.28 -0.766506
v -7.624118 2.28 -0.646593
v -7.585295 2.28 -0.791481
v -7.65 2.28 -0.65
v -7.65 2.28 -0.8
v -8.0 2.28 -0.65
v -8.0 2.28 -0.8
v -7.362941 2.12 -0.001704
v -7.401764 2.12 0.143185
v -7.375 2.12 -0.006699
v -7.45 2.12 0.123205
v -7.385355 2.12 -0.014645
v -7.491421 2.12 0.091421
v -7.393301 2.12 -0.025
v -7.523205 2.12 0.05
v -7.398296 2.12 -0.037059
v -7.543185 2.12 0.001764
v -7.4 2.12 -0.05
v -7.55 2.12 -0.05
v -7.4 2.12 -0.55
v -7.55 2.12 -0.55
v -7.408518 2.12 -0.614705
v -7.553408 2.12 -0.575882
v -7.433494 2.12 -0.675
v -7.563397 2.12 -0.6
v -7.473223 2.12 -0.726777
v -7.579289 2.12 -0.620711
v -7.525 2.12 -0.766506
v -7.6 2.12 -0.636603
v -7.585295 2.12 -0.791481
v -7.624118 2.12 -0.646593
v -7.65 2.12 -0.8
v -7.65 2.12 -0.65
v -8.0 2.12 -0.8
v -8.0 2.12 -0.65
v -7.35 1.88 0.15
v -7.35 1.72 0.15
v -7.35 1.72 0.0
v -7.35 1.88 0.0
v -7.401764 1.88 0.143185
v -7.362941 1.88 -0.001704
v -7.45 1.88 0.123205
v -7.375 1.88 -0.006699
v -7.491421 1.88 0.091421
v -7.385355 1.88 -0.014645
v -7.523205 1.88 0.05
v -7.393301 1.88 -0.025
v -7.543185 1.88 0.001764
v -7.398296 1.88 -0.037059
v -7.55 1.88 -0.05
v -7.4 1.88 -0.05
v -7.55 1.88 -0.55
v -7.4 1.88 -0.55
v -7.553408 1.88 -0.575882
v -7.408518 1.88 -0.614705
v -7.563397 1.88 -0.6
v -7.433494 1.88 -0.675
v -7.579289 1.88 -0.620711
v -7.473223 1.88 -0.726777
v -7.6 1.88 -0.636603
v -7.525 1.88 -0.766506
v -7.624118 1.88 -0.646593
v -7.585295 1.88 -0.791481
v -7.65 1.88 -0.65
v -7.65 1.88 -0.8
v -8.0 1.88 -0.65
v -8.0 1.88 -0.8
v -7.362941 1.72 -0.001704
v -7.401764 1.72 0.143185
v -7.375 1.72 -0.006699
v -7.45 1.72 0.123205
v -7.385355 1.72 -0.014645
v -7.491421 1.72 0.091421
v -7.393301 1.72 -0.025
v -7.523205 1.72 0.05
v -7.398296 1.72 -0.037059
v -7.543185 1.72 0.001764
v -7.4 1.72 -0.05
v -7.55 1.72 -0.05
v -7.4 1.72 -0.55
v -7.55 1.72 -0.55
v -7.408518 1.72 -0.614705
v -7.553408 1.72 -0.575882
v -7.433494 1.72 -0.675
v -7.563397 1.72 -0.6
v -7.473223 1.72 -0.726777
v -7.579289 1.72 -0.620711
v -7.525 1.72 -0.766506
v -7.6 1.72 -0.636603
v -7.585295 1.72 -0.791481
v -7.624118 1.72 -0.646593
v -7.65 1.72 -0.8
v -7.65 1.72 -0.65
v -8.0 1.72 -0.8
v -8.0 1.72 -0.65
v -7.35 1.48 0.15
v -7.35 1.32 0.15
v -7.35 1.32 0.0
v -7.35 1.48 0.0
v -7.401764 1.48 0.143185
v -7.362941 1.48 -0.001704
v -7.45 1.48 0.123205
v -7.375 1.48 -0.006699
v -7.491421 1.48 0.091421
v -7.385355 1.48 -0.014645
v -7.523205 1.48 0.05
v -7.393301 1.48 -0.025
v -7.543185 1.48 0.001764
v -7.398296 1.48 -0.037059
v -7.55 1.48 -0.05
v -7.4 1.48 -0.05
v -7.55 1.48 -0.55
v -7.4 1.48 -0.55
v -7.553408 1.48 -0.575882
v -7.408518 1.48 -0.614705
v -7.563397 1.48 -0.6
v -7.433494 1.48 -0.675
v -7.579289 1.48 -0.620711
v -7.473223 1.48 -0.726777
v -7.6 1.48 -0.636603
v -7.525 1.48 -0.766506
v -7.624118 1.48 -0.646593
v -7.585295 1.48 -0.791481
v -7.65 1.48 -0.65
v -7.65 1.48 -0.8
v -8.0 1.48 -0.65
v -8.0 1.48 -0.8
v -7.362941 1.32 -0.001704
v -7.401764 1.32 0.143185
v -7.375 1.32 -0.006699
v -7.45 1.32 0.123205
v -7.385355 1.32 -0.014645
v -7.491421 1.32 0.091421
v -7.393301 1.32 -0.025
v -7.523205 1.32 0.05
v -7.398296 1.32 -0.037059
v -7.543185 1.32 0.001764
v -7.4 1.32 -0.05
v -7.55 1.32 -0.05
v -7.4 1.32 -0.55
v -7.55 1.32 -0.55
v -7.408518 1.32 -0.614705
v -7.553408 1.32 -0.575882
v -7.433494 1.32 -0.675
v -7.563397 1.32 -0.6
v -7.473223 1.32 -0.726777
v -7.579289 1.32 -0.620711
v -7.525 1.32 -0.766506
v -7.6 1.32 -0.636603
v -7.585295 1.32 -0.791481
v -7.624118 1.32 -0.646593
v -7.65 1.32 -0.8
v -7.65 1.32 -0.65
v -8.0 1.32 -0.8
v -8.0 1.32 -0.65
v -7.35 1.08 0.15
v -7.35 0.92 0.15
v -7.35 0.92 0.0
v -7.35 1.08 0.0
v -7.401764 1.08 0.143185
v -7.362941 1.08 -0.001704
v -7.45 1.08 0.123205
v -7.375 1.08 -0.006699
v -7.491421 1.08 0.091421
v -7.385355 1.08 -0.014645
v -7.523205 1.08 0.05
v -7.393301 1.08 -0.025
v -7.543185 1.08 0.001764
v -7.398296 1.08 -0.037059
v -7.55 1.08 -0.05
v -7.4 1.08 -0.05
v -7.55 1.08 -0.55
v -7.4 1.08 -0.55
v -7.553408 1.08 -0.575882
v -7.408518 1.08 -0.614705
v -7.563397 1.08 -0.6
v -7.433494 1.08 -0.675
v -7.579289 1.08 -0.620711
v -7.473223 1.08 -0.726777
v -7.6 1.08 -0.636603
v -7.525 1.08 -0.766506
v -7.624118 1.08 -0.646593
v -7.585295 1.08 -0.791481
v -7.65 1.08 -0.65
v -7.65 1.08 -0.8
v -8.0 1.08 -0.65
v -8.0 1.08 -0.8
v -7.362941 0.92 -0.001704
v -7.401764 0.92 0.143185
v -7.375 0.92 -0.006699
v -7.45 0.92 0.123205
v -7.385355 0.92 -0.014645
v -7.491421 0.92 0.091421
v -7.393301 0.92 -0.025
v -7.523205 0.92 0.05
v -7.398296 0.92 -0.037059
v -7.543185 0.92 0.001764
v -7.4 0.92 -0.05
v -7.55 0.92 -0.05
v -7.4 0.92 -0.55
v -7.55 0.92 -0.55
v -7.408518 0.92 -0.614705
v -7.553408 0.92 -0.575882
v -7.433494 0.92 -0.675
v -7.563397 0.92 -0.6
v -7.473223 0.92 -0.726777
v -7.579289 0.92 -0.620711
v -7.525 0.92 -0.766506
v -7.6 0.92 -0.636603
v -7.585295 0.92 -0.791481
v -7.624118 0.92 -0.646593
v -7.65 0.92 -0.8
v -7.65 0.92 -0.65
v -8.0 0.92 -0.8
v -8.0 0.92 -0.65
v -7.35 0.68 0.15
v -7.35 0.52 0.15
v -7.35 0.52 0.0
v -7.35 0.68 0.0
v -7.401764 0.68 0.143185
v -7.362941 0.68 -0.001704
v -7.45 0.68 0.123205
v -7.375 0.68 -0.006699
v -7.491421 0.68 0.091421
v -7.385355 0.68 -0.014645
v -7.523205 0.68 0.05
v -7.393301 0.68 -0.025
v -7.543185 0.68 0.001764
v -7.398296 0.68 -0.037059
v -7.55 0.68 -0.05
v -7.4 0.68 -0.05
v -7.55 0.68 -0.55
v -7.4 0.68 -0.55
v -7.553408 0.68 -0.575882
v -7.408518 0.68 -0.614705
v -7.563397 0.68 -0.6
v -7.433494 0.68 -0.675
v -7.579289 0.68 -0.620711
v -7.473223 0.68 -0.726777
v -7.6 0.68 -0.636603
v -7.525 0.68 -0.766506
v -7.624118 0.68 -0.646593
v -7.585295 0.68 -0.791481
v -7.65 0.68 -0.65
v -7.65 0.68 -0.8
v -8.0 0.68 -0.65
v -8.0 0.68 -0.8
v -7.362941 0.52 -0.001704
v -7.401764 0.52 0.143185
v -7.375 0.52 -0.006699
v -7.45 0.52 0.123205
v -7.385355 0.52 -0.014645
v -7.491421 0.52 0.091421
v -7.393301 0.52 -0.025
v -7.523205 0.52 0.05
v -7.398296 0.52 -0.037059
v -7.543185 0.52 0.001764
v -7.4 0.52 -0.05
v -7.55 0.52 -0.05
v -7.4 0.52 -0.55
v -7.55 0.52 -0.55
v -7.408518 0.52 -0.614705
v -7.553408 0.52 -0.575882
v -7.433494 0.52 -0.675
v -7.563397 0.52 -0.6
v -7.473223 0.52 -0.726777
v -7.579289 0.52 -0.620711
v -7.525 0.52 -0.766506
v -7.6 0.52 -0.636603
v -7.585295 0.52 -0.791481
v -7.624118 0.52 -0.646593
v -7.65 0.52 -0.8
v -7.65 0.52 -0.65
v -8.0 0.52 -0.8
v -8.0 0.52 -0.65
v -7.35 0.28 0.15
v -7.35 0.12 0.15
v -7.35 0.12 0.0
v -7.35 0.28 0.0
v -7.401764 0.28 0.143185
v -7.362941 0.28 -0.001704
v -7.45 0.28 0.123205
v -7.375 0.28 -0.006699
v -7.491421 0.28 0.091421
v -7.385355 0.28 -0.014645
v -7.523205 0.28 0.05
v -7.393301 0.28 -0.025
v -7.543185 0.28 0.001764
v -7.398296 0.28 -0.037059
v -7.55 0.28 -0.05
v -7.4 0.28 -0.05
v -7.55 0.28 -0.55
v -7.4 0.28 -0.55
v -7.553408 0.28 -0.575882
v -7.408518 0.28 -0.614705
v -7.563397 0.28 -0.6
v -7.433494 0.28 -0.675
v -7.579289 0.28 -0.620711
v -7.473223 0.28 -0.726777
v -7.6 0.28 -0.636603
v -7.525 0.28 -0.766506
v -7.624118 0.28 -0.646593
v -7.585295 0.28 -0.791481
v -7.65 0.28 -0.65
v -7.65 0.28 -0.8
v -8.0 0.28 -0.65
v -8.0 0.28 -0.8
v -7.362941 0.12 -0.001704
v -7.401764 0.12 0.143185
v -7.375 0.12 -0.006699
v -7.45 0.12 0.123205
v -7.385355 0.12 -0.014645
v -7.491421 0.12 0.091421
v -7.393301 0.12 -0.025
v -7.523205 0.12 0.05
v -7.398296 0.12 -0.037059
v -7.543185 0.12 0.001764
v -7.4 0.12 -0.05
v -7.55 0.12 -0.05
v -7.4 0.12 -0.55
v -7.55 0.12 -0.55
v -7.408518 0.12 -0.614705
v -7.553408 0.12 -0.575882
v -7.433494 0.12 -0.675
v -7.563397 0.12 -0.6
v -7.473223 0.12 -0.726777
v -7.579289 0.12 -0.620711
v -7.525 0.12 -0.766506
v -7.6 0.12 -0.636603
v -7.585295 0.12 -0.791481
v -7.624118 0.12 -0.646593
v -7.65 0.12 -0.8
v -7.65 0.12 -0.65
v -8.0 0.12 -0.8
v -8.0 0.12 -0.65
v -7.35 -0.12 0.15
v -7.35 -0.28 0.15
v -7.35 -0.28 0.0
v -7.35 -0.12 0.0
v -7.401764 -0.12 0.143185
v -7.362941 -0.12 -0.001704
v -7.45 -0.12 0.123205
v -7.375 -0.12 -0.006699
v -7.491421 -0.12 0.091421
v -7.385355 -0.12 -0.014645
v -7.523205 -0.12 0.05
v -7.393301 -0.12 -0.025
v -7.543185 -0.12 0.001764
v -7.398296 -0.12 -0.037059
v -7.55 -0.12 -0.05
v -7.4 -0.12 -0.05
v -7.55 -0.12 -0.55
v -7.4 -0.12 -0.55
v -7.553408 -0.12 -0.575882
v -7.408518 -0.12 -0.614705
v -7.563397 -0.12 -0.6
v -7.433494 -0.12 -0.675
v -7.579289 -0.12 -0.620711
v -7.473223 -0.12 -0.726777
v -7.6 -0.12 -0.636603
v -7.525 -0.12 -0.766506
v -7.624118 -0.12 -0.646593
v -7.585295 -0.12 -0.791481
v -7.65 -0.12 -0.65
v -7.65 -0.12 -0.8
v -8.0 -0.12 -0.65
v -8.0 -0.12 -0.8
v -7.362941 -0.28 -0.001704
v -7.401764 -0.28 0.143185
v -7.375 -0.28 -0.006699
v -7.45 -0.28 0.123205
v -7.385355 -0.28 -0.014645
v -7.491421 -0.28 0.091421
v -7.393301 -0.28 -0.025
v -7.523205 -0.28 0.05
v -7.398296 -0.28 -0.037059
v -7.543185 -0.28 0.001764
v -7.4 -0.28 -0.05
v -7.55 -0.28 -0.05
v -7.4 -0.28 -0.55
v -7.55 -0.28 -0.55
v -7.408518 -0.28 -0.614705
v -7.553408 -0.28 -0.575882
v -7.433494 -0.28 -0.675
v -7.563397 -0.28 -0.6
v -7.473223 -0.28 -0.726777
v -7.579289 -0.28 -0.620711
v -7.525 -0.28 -0.766506
v -7.6 -0.28 -0.636603
v -7.585295 -0.28 -0.791481
v -7.624118 -0.28 -0.646593
v -7.65 -0.28 -0.8
v -7.65 -0.28 -0.65
v -8.0 -0.28 -0.8
v -8.0 -0.28 -0.65
v -7.35 -0.52 0.15
v -7.35 -0.68 0.15
v -7.35 -0.68 0.0
v -7.35 -0.52 0.0
v -7.401764 -0.52 0.143185
v -7.362941 -0.52 -0.001704
v -7.45 -0.52 0.123205
v -7.375 -0.52 -0.006699
v -7.491421 -0.52 0.091421
v -7.385355 -0.52 -0.014645
v -7.523205 -0.52 0.05
v -7.393301 -0.52 -0.025
v -7.543185 -0.52 0.001764
v -7.398296 -0.52 -0.037059
v -7.55 -0.52 -0.05
v -7.4 -0.52 -0.05
v -7.55 -0.52 -0.55
v -7.4 -0.52 -0.55
v -7.553408 -0.52 -0.575882
v -7.408518 -0.52 -0.614705
v -7.563397 -0.52 -0.6
v -7.433494 -0.52 -0.675
v -7.579289 -0.52 -0.620711
v -7.473223 -0.52 -0.726777
v -7.6 -0.52 -0.636603
v -7.525 -0.52 -0.766506
v -7.624118 -0.52 -0.646593
v -7.585295 -0.52 -0.791481
v -7.65 -0.52 -0.65
v -7.65 -0.52 -0.8
v -8.0 -0.52 -0.65
v -8.0 -0.52 -0.8
v -7.362941 -0.68 -0.001704
v -7.401764 -0.68 0.143185
v -7.375 -0.68 -0.006699
v -7.45 -0.68 0.123205
v -7.385355 -0.68 -0.014645
v -7.491421 -0.68 0.091421
v -7.393301 -0.68 -0.025
v -7.523205 -0.68 0.05
v -7.398296 -0.68 -0.037059
v -7.543185 -0.68 0.001764
v -7.4 -0.68 -0.05
v -7.55 -0.68 -0.05
v -7.4 -0.68 -0.55
v -7.55 -0.68 -0.55
v -7.408518 -0.68 -0.614705
v -7.553408 -0.68 -0.575882
v -7.433494 -0.68 -0.675
v -7.563397 -0.68 -0.6
v -7.473223 -0.68 -0.726777
v -7.579289 -0.68 -0.620711
v -7.525 -0.68 -0.766506
v -7.6 -0.68 -0.636603
v -7.585295 -0.68 -0.791481
v -7.624118 -0.68 -0.646593
v -7.65 -0.68 -0.8
v -7.65 -0.68 -0.65
v -8.0 -0.68 -0.8
v -8.0 -0.68 -0.65
v -7.35 -0.92 0.15
v -7.35 -1.08 0.15
v -7.35 -1.08 0.0
v -7.35 -0.92 0.0
v -7.401764 -0.92 0.143185
v -7.362941 -0.92 -0.001704
v -7.45 -0.92 0.123205
v -7.375 -0.92 -0.006699
v -7.491421 -0.92 0.091421
v -7.385355 -0.92 -0.014645
v -7.523205 -0.92 0.05
v -7.393301 -0.92 -0.025
v -7.543185 -0.92 0.001764
v -7.398296 -0.92 -0.037059
v -7.55 -0.92 -0.05
v -7.4 -0.92 -0.05
v -7.55 -0.92 -0.55
v -7.4 -0.92 -0.55
v -7.553408 -0.92 -0.575882
v -7.408518 -0.92 -0.614705
v -7.563397 -0.92 -0.6
v -7.433494 -0.92 -0.675
v -7.579289 -0.92 -0.620711
v -7.473223 -0.92 -0.726777
v -7.6 -0.92 -0.636603
v -7.525 -0.92 -0.766506
v -7.624118 -0.92 -0.646593
v -7.585295 -0.92 -0.791481
v -7.65 -0.92 -0.65
v -7.65 -0.92 -0.8
v -8.0 -0.92 -0.65
v -8.0 -0.92 -0.8
v -7.362941 -1.08 -0.001704
v -7.401764 -1.08 0.143185
v -7.375 -1.08 -0.006699
v -7.45 -1.08 0.123205
v -7.385355 -1.08 -0.014645
v -7.491421 -1.08 0.091421
v -7.393301 -1.08 -0.025
v -7.523205 -1.08 0.05
v -7.398296 -1.08 -0.037059
v -7.543185 -1.08 0.001764
v -7.4 -1.08 -0.05
v -7.55 -1.08 -0.05
v -7.4 -1.08 -0.55
v -7.55 -1.08 -0.55
v -7.408518 -1.08 -0.614705
v -7.553408 -1.08 -0.575882
v -7.433494 -1.08 -0.675
v -7.563397 -1.08 -0.6
v -7.473223 -1.08 -0.726777
v -7.579289 -1.08 -0.620711
v -7.525 -1.08 -0.766506
v -7.6 -1.08 -0.636603
v -7.585295 -1.08 -0.791481
v -7.624118 -1.08 -0.646593
v -7.65 -1.08 -0.8
v -7.65 -1.08 -0.65
v -8.0 -1.08 -0.8
v -8.0 -1.08 -0.65
v -7.35 -1.32 0.15
v -7.35 -1.48 0.15
v -7.35 -1.48 0.0
v -7.35 -1.32 0.0
v -7.401764 -1.32 0.143185
v -7.362941 -1.32 -0.001704
v -7.45 -1.32 0.123205
v -7.375 -1.32 -0.006699
v -7.491421 -1.32 0.091421
v -7.385355 -1.32 -0.014645
v -7.523205 -1.32 0.05
v -7.393301 -1.32 -0.025
v -7.543185 -1.32 0.001764
v -7.398296 -1.32 -0.037059
v -7.55 -1.32 -0.05
v -7.4 -1.32 -0.05
v -7.55 -1.32 -0.55
v -7.4 -1.32 -0.55
v -7.553408 -1.32 -0.575882
v -7.408518 -1.32 -0.614705
v -7.563397 -1.32 -0.6
v -7.433494 -1.32 -0.675
v -7.579289 -1.32 -0.620711
v -7.473223 -1.32 -0.726777
v -7.6 -1.32 -0.636603
v -7.525 -1.32 -0.766506
v -7.624118 -1.32 -0.646593
v -7.585295 -1.32 -0.791481
v -7.65 -1.32 -0.65
v -7.65 -1.32 -0.8
v -8.0 -1.32 -0.65
v -8.0 -1.32 -0.8
v -7.362941 -1.48 -0.001704
v -7.401764 -1.48 0.143185
v -7.375 -1.48 -0.006699
v -7.45 -1.48 0.123205
v -7.385355 -1.48 -0.014645
v -7.491421 -1.48 0.091421
v -7.393301 -1.48 -0.025
v -7.523205 -1.48 0.05
v -7.398296 -1.48 -0.037059
v -7.543185 -1.48 0.001764
v -7.4 -1.48 -0.05
v -7.55 -1.48 -0.05
v -7.4 -1.48 -0.55
v -7.55 -1.48 -0.55
v -7.408518 -1.48 -0.614705
v -7.553408 -1.48 -0.575882
v -7.433494 -1.48 -0.675
v -7.563397 -1.48 -0.6
v -7.473223 -1.48 -0.726777
v -7.579289 -1.48 -0.620711
v -7.525 -1.48 -0.766506
v -7.6 -1.48 -0.636603
v -7.585295 -1.48 -0.791481
v -7.624118 -1.48 -0.646593
v -7.65 -1.48 -0.8
v -7.65 -1.48 -0.65
v -8.0 -1.48 -0.8
v -8.0 -1.48 -0.65
v -7.35 -1.72 0.15
v -7.35 -1.88 0.15
v -7.35 -1.88 0.0
v -7.35 -1.72 0.0
v -7.401764 -1.72 0.143185
v -7.362941 -1.72 -0.001704
v -7.45 -1.72 0.123205
v -7.375 -1.72 -0.006699
v -7.491421 -1.72 0.091421
v -7.385355 -1.72 -0.014645
v -7.523205 -1.72 0.05
v -7.393301 -1.72 -0.025
v -7.543185 -1.72 0.001764
v -7.398296 -1.72 -0.037059
v -7.55 -1.72 -0.05
v -7.4 -1.72 -0.05
v -7.55 -1.72 -0.55
v -7.4 -1.72 -0.55
v -7.553408 -1.72 -0.575882
v -7.408518 -1.72 -0.614705
v -7.563397 -1.72 -0.6
v -7.433494 -1.72 -0.675
v -7.579289 -1.72 -0.620711
v -7.473223 -1.72 -0.726777
v -7.6 -1.72 -0.636603
v -7.525 -1.72 -0.766506
v -7.624118 -1.72 -0.646593
v -7.585295 -1.72 -0.791481
v -7.65 -1.72 -0.65
v -7.65 -1.72 -0.8
v -8.0 -1.72 -0.65
v -8.0 -1.72 -0.8
v -7.362941 -1.88 -0.001704
v -7.401764 -1.88 0.143185
v -7.375 -1.88 -0.006699
v -7.45 -1.88 0.123205
v -7.385355 -1.88 -0.014645
v -7.491421 -1.88 0.091421
v -7.393301 -1.88 -0.025
v -7.523205 -1.88 0.05
v -7.398296 -1.88 -0.037059
v -7.543185 -1.88 0.001764
v -7.4 -1.88 -0.05
v -7.55 -1.88 -0.05
v -7.4 -1.88 -0.55
v -7.55 -1.88 -0.55
v -7.408518 -1.88 -0.614705
v -7.553408 -1.88 -0.575882
v -7.433494 -1.88 -0.675
v -7.563397 -1.88 -0.6
v -7.473223 -1.88 -0.726777
v -7.579289 -1.88 -0.620711
v -7.525 -1.88 -0.766506
v -7.6 -1.88 -0.636603
v -7.585295 -1.88 -0.791481
v -7.624118 -1.88 -0.646593
v -7.65 -1.88 -0.8
v -7.65 -1.88 -0.65
v -8.0 -1.88 -0.8
v -8.0 -1.88 -0.65
v -7.35 -2.12 0.15
v -7.35 -2.28 0.15
v -7.35 -2.28 0.0
v -7.35 -2.12 0.0
v -7.401764 -2.12 0.143185
v -7.362941 -2.12 -0.001704
v -7.45 -2.12 0.123205
v -7.375 -2.12 -0.006699
v -7.491421 -2.12 0.091421
v -7.385355 -2.12 -0.014645
v -7.523205 -2.12 0.05
v -7.393301 -2.12 -0.025
v -7.543185 -2.12 0.001764
v -7.398296 -2.12 -0.037059
v -7.55 -2.12 -0.05
v -7.4 -2.12 -0.05
v -7.55 -2.12 -0.55
v -7.4 -2.12 -0.55
v -7.553408 -2.12 -0.575882
v -7.408518 -2.12 -0.614705
v -7.563397 -2.12 -0.6
v -7.433494 -2.12 -0.675
v -7.579289 -2.12 -0.620711
v -7.473223 -2.12 -0.726777
v -7.6 -2.12 -0.636603
v -7.525 -2.12 -0.766506
v -7.624118 -2.12 -0.646593
v -7.585295 -2.12 -0.791481
v -7.65 -2.12 -0.65
v -7.65 -2.12 -0.8
v -8.0 -2.12 -0.65
v -8.0 -2.12 -0.8
v -7.362941 -2.28 -0.001704
v -7.401764 -2.28 0.143185
v -7.375 -2.28 -0.006699
v -7.45 -2.28 0.123205
v -7.385355 -2.28 -0.014645
v -7.491421 -2.28 0.091421
v -7.393301 -2.28 -0.025
v -7.523205 -2.28 0.05
v -7.398296 -2.28 -0.037059
v -7.543185 -2.28 0.001764
v -7.4 -2.28 -0.05
v -7.55 -2.28 -0.05
v -7.4 -2.28 -0.55
v -7.55 -2.28 -0.55
v -7.408518 -2.28 -0.614705
v -7.553408 -2.28 -0.575882
v -7.433494 -2.28 -0.675
v -7.563397 -2.28 -0.6
v -7.473223 -2.28 -0.726777
v -7.579289 -2.28 -0.620711
v -7.525 -2.28 -0.766506
v -7.6 -2.28 -0.636603
v -7.585295 -2.28 -0.791481
v -7.624118 -2.28 -0.646593
v -7.65 -2.28 -0.8
v -7.65 -2.28 -0.65
v -8.0 -2.28 -0.8
v -8.0 -2.28 -0.65
v -7.35 -2.52 0.15
v -7.35 -2.68 0.15
v -7.35 -2.68 0.0
v -7.35 -2.52 0.0
v -7.401764 -2.52 0.143185
v -7.362941 -2.52 -0.001704
v -7.45 -2.52 0.123205
v -7.375 -2.52 -0.006699
v -7.491421 -2.52 0.091421
v -7.385355 -2.52 -0.014645
v -7.523205 -2.52 0.05
v -7.393301 -2.52 -0.025
v -7.543185 -2.52 0.001764
v -7.398296 -2.52 -0.037059
v -7.55 -2.52 -0.05
v -7.4 -2.52 -0.05
v -7.55 -2.52 -0.55
v -7.4 -2.52 -0.55
v -7.553408 -2.52 -0.575882
v -7.408518 -2.52 -0.614705
v -7.563397 -2.52 -0.6
v -7.433494 -2.52 -0.675
v -7.579289 -2.52 -0.620711
v -7.473223 -2.52 -0.726777
v -7.6 -2.52 -0.636603
v -7.525 -2.52 -0.766506
v -7.624118 -2.52 -0.646593
v -7.585295 -2.52 -0.791481
v -7.65 -2.52 -0.65
v -7.65 -2.52 -0.8
v -8.0 -2.52 -0.65
v -8.0 -2.52 -0.8
v -7.362941 -2.68 -0.001704
v -7.401764 -2.68 0.143185
v -7.375 -2.68 -0.006699
v -7.45 -2.68 0.123205
v -7.385355 -2.68 -0.014645
v -7.491421 -2.68 0.091421
v -7.393301 -2.68 -0.025
v -7.523205 -2.68 0.05
v -7.398296 -2.68 -0.037059
v -7.543185 -2.68 0.001764
v -7.4 -2.68 -0.05
v -7.55 -2.68 -0.05
v -7.4 -2.68 -0.55
v -7.55 -2.68 -0.55
v -7.408518 -2.68 -0.614705
v -7.553408 -2.68 -0.575882
v -7.433494 -2.68 -0.675
v -7.563397 -2.68 -0.6
v -7.473223 -2.68 -0.726777
v -7.579289 -2.68 -0.620711
v -7.525 -2.68 -0.766506
v -7.6 -2.68 -0.636603
v -7.585295 -2.68 -0.791481
v -7.624118 -2.68 -0.646593
v -7.65 -2.68 -0.8
v -7.65 -2.68 -0.65
v -8.0 -2.68 -0.8
v -8.0 -2.68 -0.65
v -7.35 -2.92 0.15
v -7.35 -3.08 0.15
v -7.35 -3.08 0.0
v -7.35 -2.92 0.0
v -7.401764 -2.92 0.143185
v -7.362941 -2.92 -0.001704
v -7.45 -2.92 0.123205
v -7.375 -2.92 -0.006699
v -7.491421 -2.92 0.091421
v -7.385355 -2.92 -0.014645
v -7.523205 -2.92 0.05
v -7.393301 -2.92 -0.025
v -7.543185 -2.92 0.001764
v -7.398296 -2.92 -0.037059
v -7.55 -2.92 -0.05
v -7.4 -2.92 -0.05
v -7.55 -2.92 -0.55
v -7.4 -2.92 -0.55
v -7.553408 -2.92 -0.575882
v -7.408518 -2.92 -0.614705
v -7.563397 -2.92 -0.6
v -7.433494 -2.92 -0.675
v -7.579289 -2.92 -0.620711
v -7.473223 -2.92 -0.726777
v -7.6 -2.92 -0.636603
v -7.525 -2.92 -0.766506
v -7.624118 -2.92 -0.646593
v -7.585295 -2.92 -0.791481
v -7.65 -2.92 -0.65
v -7.65 -2.92 -0.8
v -8.0 -2.92 -0.65
v -8.0 -2.92 -0.8
v -7.362941 -3.08 -0.001704
v -7.401764 -3.08 0.143185
v -7.375 -3.08 -0.006699
v -7.45 -3.08 0.123205
v -7.385355 -3.08 -0.014645
v -7.491421 -3.08 0.091421
v -7.393301 -3.08 -0.025
v -7.523205 -3.08 0.05
v -7.398296 -3.08 -0.037059
v -7.543185 -3.08 0.001764
v -7.4 -3.08 -0.05
v -7.55 -3.08 -0.05
v -7.4 -3.08 -0.55
v -7.55 -3.08 -0.55
v -7.408518 -3.08 -0.614705
v -7.553408 -3.08 -0.575882
v -7.433494 -3.08 -0.675
v -7.563397 -3.08 -0.6
v -7.473223 -3.08 -0.726777
v -7.579289 -3.08 -0.620711
v -7.525 -3.08 -0.766506
v -7.6 -3.08 -0.636603
v -7.585295 -3.08 -0.791481
v -7.624118 -3.08 -0.646593
v -7.65 -3.08 -0.8
v -7.65 -3.08 -0.65
v -8.0 -3.08 -0.8
v -8.0 -3.08 -0.65
v -7.35 -3.32 0.15
v -7.35 -3.48 0.15
v -7.35 -3.48 0.0
v -7.35 -3.32 0.0
v -7.401764 -3.32 0.143185
v -7.362941 -3.32 -0.001704
v -7.45 -3.32 0.123205
v -7.375 -3.32 -0.006699
v -7.491421 -3.32 0.091421
v -7.385355 -3.32 -0.014645
v -7.523205 -3.32 0.05
v -7.393301 -3.32 -0.025
v -7.543185 -3.32 0.001764
v -7.398296 -3.32 -0.037059
v -7.55 -3.32 -0.05
v -7.4 -3.32 -0.05
v -7.55 -3.32 -0.55
v -7.4 -3.32 -0.55
v -7.553408 -3.32 -0.575882
v -7.408518 -3.32 -0.614705
v -7.563397 -3.32 -0.6
v -7.433494 -3.32 -0.675
v -7.579289 -3.32 -0.620711
v -7.473223 -3.32 -0.726777
v -7.6 -3.32 -0.636603
v -7.525 -3.32 -0.766506
v -7.624118 -3.32 -0.646593
v -7.585295 -3.32 -0.791481
v -7.65 -3.32 -0.65
v -7.65 -3.32 -0.8
v -8.0 -3.32 -0.65
v -8.0 -3.32 -0.8
v -7.362941 -3.48 -0.001704
v -7.401764 -3.48 0.143185
v -7.375 -3.48 -0.006699
v -7.45 -3.48 0.123205
v -7.385355 -3.48 -0.014645
v -7.491421 -3.48 0.091421
v -7.393301 -3.48 -0.025
v -7.523205 -3.48 0.05
v -7.398296 -3.48 -0.037059
v -7.543185 -3.48 0.001764
v -7.4 -3.48 -0.05
v -7.55 -3.48 -0.05
v -7.4 -3.48 -0.55
v -7.55 -3.48 -0.55
v -7.408518 -3.48 -0.614705
v -7.553408 -3.48 -0.575882
v -7.433494 -3.48 -0.675
v -7.563397 -3.48 -0.6
v -7.473223 -3.48 -0.726777
v -7.579289 -3.48 -0.620711
v -7.525 -3.48 -0.766506
v -7.6 -3.48 -0.636603
v -7.585295 -3.48 -0.791481
v -7.624118 -3.48 -0.646593
v -7.65 -3.48 -0.8
v -7.65 -3.48 -0.65
v -8.0 -3.48 -0.8
v -8.0 -3.48 -0.65
v -7.35 -3.72 0.15
v -7.35 -3.88 0.15
v -7.35 -3.88 0.0
v -7.35 -3.72 0.0
v -7.401764 -3.72 0.143185
v -7.362941 -3.72 -0.001704
v -7.45 -3.72 0.123205
v -7.375 -3.72 -0.006699
v -7.491421 -3.72 0.091421
v -7.385355 -3.72 -0.014645
v -7.523205 -3.72 0.05
v -7.393301 -3.72 -0.025
v -7.543185 -3.72 0.001764
v -7.398296 -3.72 -0.037059
v -7.55 -3.72 -0.05
v -7.4 -3.72 -0.05
v -7.55 -3.72 -0.55
v -7.4 -3.72 -0.55
v -7.553408 -3.72 -0.575882
v -7.408518 -3.72 -0.614705
v -7.563397 -3.72 -0.6
v -7.433494 -3.72 -0.675
v -7.579289 -3.72 -0.620711
v -7.473223 -3.72 -0.726777
v -7.6 -3.72 -0.636603
v -7.525 -3.72 -0.766506
v -7.624118 -3.72 -0.646593
v -7.585295 -3.72 -0.791481
v -7.65 -3.72 -0.65
v -7.65 -3.72 -0.8
v -8.0 -3.72 -0.65
v -8.0 -3.72 -0.8
v -7.362941 -3.88 -0.001704
v -7.401764 -3.88 0.143185
v -7.375 -3.88 -0.006699
v -7.45 -3.88 0.123205
v -7.385355 -3.88 -0.014645
v -7.491421 -3.88 0.091421
v -7.393301 -3.88 -0.025
v -7.523205 -3.88 0.05
v -7.398296 -3.88 -0.037059
v -7.543185 -3.88 0.001764
v -7.4 -3.88 -0.05
v -7.55 -3.88 -0.05
v -7.4 -3.88 -0.55
v -7.55 -3.88 -0.55
v -7.408518 -3.88 -0.614705
v -7.553408 -3.88 -0.575882
v -7.433494 -3.88 -0.675
v -7.563397 -3.88 -0.6
v -7.473223 -3.88 -0.726777
v -7.579289 -3.88 -0.620711
v -7.525 -3.88 -0.766506
v -7.6 -3.88 -0.636603
v -7.585295 -3.88 -0.791481
v -7.624118 -3.88 -0.646593
v -7.65 -3.88 -0.8
v -7.65 -3.88 -0.65
v -8.0 -3.88 -0.8
v -8.0 -3.88 -0.65
v -7.35 -4.12 0.15
v -7.35 -4.28 0.15
v -7.35 -4.28 0.0
v -7.35 -4.12 0.0
v -7.401764 -4.12 0.143185
v -7.362941 -4.12 -0.001704
v -7.45 -4.12 0.123205
v -7.375 -4.12 -0.006699
v -7.491421 -4.12 0.091421
v -7.385355 -4.12 -0.014645
v -7.523205 -4.12 0.05
v -7.393301 -4.12 -0.025
v -7.543185 -4.12 0.001764
v -7.398296 -4.12 -0.037059
v -7.55 -4.12 -0.05
v -7.4 -4.12 -0.05
v -7.55 -4.12 -0.55
v -7.4 -4.12 -0.55
v -7.553408 -4.12 -0.575882
v -7.408518 -4.12 -0.614705
v -7.563397 -4.12 -0.6
v -7.433494 -4.12 -0.675
v -7.579289 -4.12 -0.620711
v -7.473223 -4.12 -0.726777
v -7.6 -4.12 -0.636603
v -7.525 -4.12 -0.766506
v -7.624118 -4.12 -0.646593
v -7.585295 -4.12 -0.791481
v -7.65 -4.12 -0.65
v -7.65 -4.12 -0.8
v -8.0 -4.12 -0.65
v -8.0 -4.12 -0.8
v -7.362941 -4.28 -0.001704
v -7.401764 -4.28 0.143185
v -7.375 -4.28 -0.006699
v -7.45 -4.28 0.123205
v -7.385355 -4.28 -0.014645
v -7.491421 -4.28 0.091421
v -7.393301 -4.28 -0.025
v -7.523205 -4.28 0.05
v -7.398296 -4.28 -0.037059
v -7.543185 -4.28 0.001764
v -7.4 -4.28 -0.05
v -7.55 -4.28 -0.05
v -7.4 -4.28 -0.55
v -7.55 -4.28 -0.55
v -7.408518 -4.28 -0.614705
v -7.553408 -4.28 -0.575882
v -7.433494 -4.28 -0.675
v -7.563397 -4.28 -0.6
v -7.473223 -4.28 -0.726777
v -7.579289 -4.28 -0.620711
v -7.525 -4.28 -0.766506
v -7.6 -4.28 -0.636603
v -7.585295 -4.28 -0.791481
v -7.624118 -4.28 -0.646593
v -7.65 -4.28 -0.8
v -7.65 -4.28 -0.65
v -8.0 -4.28 -0.8
v -8.0 -4.28 -0.65
v -7.35 -4.52 0.15
v -7.35 -4.68 0.15
v -7.35 -4.68 0.0
v -7.35 -4.52 0.0
v -7.401764 -4.52 0.143185
v -7.362941 -4.52 -0.001704
v -7.45 -4.52 0.123205
v -7.375 -4.52 -0.006699
v -7.491421 -4.52 0.091421
v -7.385355 -4.52 -0.014645
v -7.523205 -4.52 0.05
v -7.393301 -4.52 -0.025
v -7.543185 -4.52 0.001764
v -7.398296 -4.52 -0.037059
v -7.55 -4.52 -0.05
v -7.4 -4.52 -0.05
v -7.55 -4.52 -0.55
v -7.4 -4.52 -0.55
v -7.553408 -4.52 -0.575882
v -7.408518 -4.52 -0.614705
v -7.563397 -4.52 -0.6
v -7.433494 -4.52 -0.675
v -7.579289 -4.52 -0.620711
v -7.473223 -4.52 -0.726777
v -7.6 -4.52 -0.636603
v -7.525 -4.52 -0.766506
v -7.624118 -4.52 -0.646593
v -7.585295 -4.52 -0.791481
v -7.65 -4.52 -0.65
v -7.65 -4.52 -0.8
v -8.0 -4.52 -0.65
v -8.0 -4.52 -0.8
v -7.362941 -4.68 -0.001704
v -7.401764 -4.68 0.143185
v -7.375 -4.68 -0.006699
v -7.45 -4.68 0.123205
v -7.385355 -4.68 -0.014645
v -7.491421 -4.68 0.091421
v -7.393301 -4.68 -0.025
v -7.523205 -4.68 0.05
v -7.398296 -4.68 -0.037059
v -7.543185 -4.68 0.001764
v -7.4 -4.68 -0.05
v -7.55 -4.68 -0.05
v -7.4 -4.68 -0.55
v -7.55 -4.68 -0.55
v -7.408518 -4.68 -0.614705
v -7.553408 -4.68 -0.575882
v -7.433494 -4.68 -0.675
v -7.563397 -4.68 -0.6
v -7.473223 -4.68 -0.726777
v -7.579289 -4.68 -0.620711
v -7.525 -4.68 -0.766506
v -7.6 -4.68 -0.636603
v -7.585295 -4.68 -0.791481
v -7.624118 -4.68 -0.646593
v -7.65 -4.68 -0.8
v -7.65 -4.68 -0.65
v -8.0 -4.68 -0.8
v -8.0 -4.68 -0.65
v -7.35 -4.92 0.15
v -7.35 -5.08 0.15
v -7.35 -5.08 0.0
v -7.35 -4.92 0.0
v -7.401764 -4.92 0.143185
v -7.362941 -4.92 -0.001704
v -7.45 -4.92 0.123205
v -7.375 -4.92 -0.006699
v -7.491421 -4.92 0.091421
v -7.385355 -4.92 -0.014645
v -7.523205 -4.92 0.05
v -7.393301 -4.92 -0.025
v -7.543185 -4.92 0.001764
v -7.398296 -4.92 -0.037059
v -7.55 -4.92 -0.05
v -7.4 -4.92 -0.05
v -7.55 -4.92 -0.55
v -7.4 -4.92 -0.55
v -7.553408 -4.92 -0.575882
v -7.408518 -4.92 -0.614705
v -7.563397 -4.92 -0.6
v -7.433494 -4.92 -0.675
v -7.579289 -4.92 -0.620711
v -7.473223 -4.92 -0.726777
v -7.6 -4.92 -0.636603
v -7.525 -4.92 -0.766506
v -7.624118 -4.92 -0.646593
v -7.585295 -4.92 -0.791481
v -7.65 -4.92 -0.65
v -7.65 -4.92 -0.8
v -8.0 -4.92 -0.65
v -8.0 -4.92 -0.8
v -7.362941 -5.08 -0.001704
v -7.401764 -5.08 0.143185
v -7.375 -5.08 -0.006699
v -7.45 -5.08 0.123205
v -7.385355 -5.08 -0.014645
v -7.491421 -5.08 0.091421
v -7.393301 -5.08 -0.025
v -7.523205 -5.08 0.05
v -7.398296 -5.08 -0.037059
v -7.543185 -5.08 0.001764
v -7.4 -5.08 -0.05
v -7.55 -5.08 -0.05
v -7.4 -5.08 -0.55
v -7.55 -5.08 -0.55
v -7.408518 -5.08 -0.614705
v -7.553408 -5.08 -0.575882
v -7.433494 -5.08 -0.675
v -7.563397 -5.08 -0.6
v -7.473223 -5.08 -0.726777
v -7.579289 -5.08 -0.620711
v -7.525 -5.08 -0.766506
v -7.6 -5.08 -0.636603
v -7.585295 -5.08 -0.791481
v -7.624118 -5.08 -0.646593
v -7.65 -5.08 -0.8
v -7.65 -5.08 -0.65
v -8.0 -5.08 -0.8
v -8.0 -5.08 -0.65
v -7.35 -5.32 0.15
v -7.35 -5.48 0.15
v -7.35 -5.48 0.0
v -7.35 -5.32 0.0
v -7.401764 -5.32 0.143185
v -7.362941 -5.32 -0.001704
v -7.45 -5.32 0.123205
v -7.375 -5.32 -0.006699
v -7.491421 -5.32 0.091421
v -7.385355 -5.32 -0.014645
v -7.523205 -5.32 0.05
v -7.393301 -5.32 -0.025
v -7.543185 -5.32 0.001764
v -7.398296 -5.32 -0.037059
v -7.55 -5.32 -0.05
v -7.4 -5.32 -0.05
v -7.55 -5.32 -0.55
v -7.4 -5.32 -0.55
v -7.553408 -5.32 -0.575882
v -7.408518 -5.32 -0.614705
v -7.563397 -5.32 -0.6
v -7.433494 -5.32 -0.675
v -7.579289 -5.32 -0.620711
v -7.473223 -5.32 -0.726777
v -7.6 -5.32 -0.636603
v -7.525 -5.32 -0.766506
v -7.624118 -5.32 -0.646593
v -7.585295 -5.32 -0.791481
v -7.65 -5.32 -0.65
v -7.65 -5.32 -0.8
v -8.0 -5.32 -0.65
v -8.0 -5.32 -0.8
v -7.362941 -5.48 -0.001704
v -7.401764 -5.48 0.143185
v -7.375 -5.48 -0.006699
v -7.45 -5.48 0.123205
v -7.385355 -5.48 -0.014645
v -7.491421 -5.48 0.091421
v -7.393301 -5.48 -0.025
v -7.523205 -5.48 0.05
v -7.398296 -5.48 -0.037059
v -7.543185 -5.48 0.001764
v -7.4 -5.48 -0.05
v -7.55 -5.48 -0.05
v -7.4 -5.48 -0.55
v -7.55 -5.48 -0.55
v -7.408518 -5.48 -0.614705
v -7.553408 -5.48 -0.575882
v -7.433494 -5.48 -0.675
v -7.563397 -5.48 -0.6
v -7.473223 -5.48 -0.726777
v -7.579289 -5.48 -0.620711
v -7.525 -5.48 -0.766506
v -7.6 -5.48 -0.636603
v -7.585295 -5.48 -0.791481
v -7.624118 -5.48 -0.646593
v -7.65 -5.48 -0.8
v -7.65 -5.48 -0.65
v -8.0 -5.48 -0.8
v -8.0 -5.48 -0.65
v -7.35 -5.72 0.15
v -7.35 -5.88 0.15
v -7.35 -5.88 0.0
v -7.35 -5.72 0.0
v -7.401764 -5.72 0.143185
v -7.362941 -5.72 -0.001704
v -7.45 -5.72 0.123205
v -7.375 -5.72 -0.006699
v -7.491421 -5.72 0.091421
v -7.385355 -5.72 -0.014645
v -7.523205 -5.72 0.05
v -7.393301 -5.72 -0.025
v -7.543185 -5.72 0.001764
v -7.398296 -5.72 -0.037059
v -7.55 -5.72 -0.05
v -7.4 -5.72 -0.05
v -7.55 -5.72 -0.55
v -7.4 -5.72 -0.55
v -7.553408 -5.72 -0.575882
v -7.408518 -5.72 -0.614705
v -7.563397 -5.72 -0.6
v -7.433494 -5.72 -0.675
v -7.579289 -5.72 -0.620711
v -7.473223 -5.72 -0.726777
v -7.6 -5.72 -0.636603
v -7.525 -5.72 -0.766506
v -7.624118 -5.72 -0.646593
v -7.585295 -5.72 -0.791481
v -7.65 -5.72 -0.65
v -7.65 -5.72 -0.8
v -8.0 -5.72 -0.65
v -8.0 -5.72 -0.8
v -7.362941 -5.88 -0.001704
v -7.401764 -5.88 0.143185
v -7.375 -5.88 -0.006699
v -7.45 -5.88 0.123205
v -7.385355 -5.88 -0.014645
v -7.491421 -5.88 0.091421
v -7.393301 -5.88 -0.025
v -7.523205 -5.88 0.05
v -7.398296 -5.88 -0.037059
v -7.543185 -5.88 0.001764
v -7.4 -5.88 -0.05
v -7.55 -5.88 -0.05
v -7.4 -5.88 -0.55
v -7.55 -5.88 -0.55
v -7.408518 -5.88 -0.614705
v -7.553408 -5.88 -0.575882
v -7.433494 -5.88 -0.675
v -7.563397 -5.88 -0.6
v -7.473223 -5.88 -0.726777
v -7.579289 -5.88 -0.620711
v -7.525 -5.88 -0.766506
v -7.6 -5.88 -0.636603
v -7.585295 -5.88 -0.791481
v -7.624118 -5.88 -0.646593
v -7.65 -5.88 -0.8
v -7.65 -5.88 -0.65
v -8.0 -5.88 -0.8
v -8.0 -5.88 -0.65
v -7.35 -6.12 0.15
v -7.35 -6.28 0.15
v -7.35 -6.28 0.0
v -7.35 -6.12 0.0
v -7.401764 -6.12 0.143185
v -7.362941 -6.12 -0.001704
v -7.45 -6.12 0.123205
v -7.375 -6.12 -0.006699
v -7.491421 -6.12 0.091421
v -7.385355 -6.12 -0.014645
v -7.523205 -6.12 0.05
v -7.393301 -6.12 -0.025
v -7.543185 -6.12 0.001764
v -7.398296 -6.12 -0.037059
v -7.55 -6.12 -0.05
v -7.4 -6.12 -0.05
v -7.55 -6.12 -0.55
v -7.4 -6.12 -0.55
v -7.553408 -6.12 -0.575882
v -7.408518 -6.12 -0.614705
v -7.563397 -6.12 -0.6
v -7.433494 -6.12 -0.675
v -7.579289 -6.12 -0.620711
v -7.473223 -6.12 -0.726777
v -7.6 -6.12 -0.636603
v -7.525 -6.12 -0.766506
v -7.624118 -6.12 -0.646593
v -7.585295 -6.12 -0.791481
v -7.65 -6.12 -0.65
v -7.65 -6.12 -0.8
v -8.0 -6.12 -0.65
v -8.0 -6.12 -0.8
v -7.362941 -6.28 -0.001704
v -7.401764 -6.28 0.143185
v -7.375 -6.28 -0.006699
v -7.45 -6.28 0.123205
v -7.385355 -6.28 -0.014645
v -7.491421 -6.28 0.091421
v -7.393301 -6.28 -0.025
v -7.523205 -6.28 0.05
v -7.398296 -6.28 -0.037059
v -7.543185 -6.28 0.001764
v -7.4 -6.28 -0.05
v -7.55 -6.28 -0.05
v -7.4 -6.28 -0.55
v -7.55 -6.28 -0.55
v -7.408518 -6.28 -0.614705
v -7.553408 -6.28 -0.575882
v -7.433494 -6.28 -0.675
v -7.563397 -6.28 -0.6
v -7.473223 -6.28 -0.726777
v -7.579289 -6.28 -0.620711
v -7.525 -6.28 -0.766506
v -7.6 -6.28 -0.636603
v -7.585295 -6.28 -0.791481
v -7.624118 -6.28 -0.646593
v -7.65 -6.28 -0.8
v -7.65 -6.28 -0.65
v -8.0 -6.28 -0.8
v -8.0 -6.28 -0.65
v -6.28 -7.35 0.15
v -6.12 -7.35 0.15
v -6.12 -7.35 0.0
v -6.28 -7.35 0.0
v -6.28 -7.401764 0.143185
v -6.28 -7.362941 -0.001704
v -6.28 -7.45 0.123205
v -6.28 -7.375 -0.006699
v -6.28 -7.491421 0.091421
v -6.28 -7.385355 -0.014645
v -6.28 -7.523205 0.05
v -6.28 -7.393301 -0.025
v -6.28 -7.543185 0.001764
v -6.28 -7.398296 -0.037059
v -6.28 -7.55 -0.05
v -6.28 -7.4 -0.05
v -6.28 -7.55 -0.55
v -6.28 -7.4 -0.55
v -6.28 -7.553408 -0.575882
v -6.28 -7.408518 -0.614705
v -6.28 -7.563397 -0.6
v -6.28 -7.433494 -0.675
v -6.28 -7.579289 -0.620711
v -6.28 -7.473223 -0.726777
v -6.28 -7.6 -0.636603
v -6.28 -7.525 -0.766506
v -6.28 -7.624118 -0.646593
v -6.28 -7.585295 -0.791481
v -6.28 -7.65 -0.65
v -6.28 -7.65 -0.8
v -6.28 -8.0 -0.65
v -6.28 -8.0 -0.8
v -6.12 -8.0 -0.65
v -6.12 -8.0 -0.8
v -6.12 -7.65 -0.65
v -6.12 -7.65 -0.8
v -6.12 -7.624118 -0.646593
v -6.12 -7.585295 -0.791481
v -6.12 -7.6 -0.636603
v -6.12 -7.525 -0.766506
v -6.12 -7.579289 -0.620711
v -6.12 -7.473223 -0.726777
v -6.12 -7.563397 -0.6
v -6.12 -7.433494 -0.675
v -6.12 -7.553408 -0.575882
v -6.12 -7.408518 -0.614705
v -6.12 -7.55 -0.55
v -6.12 -7.4 -0.55
v -6.12 -7.55 -0.05
v -6.12 -7.4 -0.05
v -6.12 -7.543185 0.001764
v -6.12 -7.398296 -0.037059
v -6.12 -7.523205 0.05
v -6.12 -7.393301 -0.025
v -6.12 -7.491421 0.091421
v -6.12 -7.385355 -0.014645
v -6.12 -7.45 0.123205
v -6.12 -7.375 -0.006699
v -6.12 -7.401764 0.143185
v -6.12 -7.362941 -0.001704
v -5.88 -7.35 0.15
v -5.72 -7.35 0.15
v -5.72 -7.35 0.0
v -5.88 -7.35 0.0
v -5.88 -7.401764 0.143185
v -5.88 -7.362941 -0.001704
v -5.88 -7.45 0.123205
v -5.88 -7.375 -0.006699
v -5.88 -7.491421 0.091421
v -5.88 -7.385355 -0.014645
v -5.88 -7.523205 0.05
v -5.88 -7.393301 -0.025
v -5.88 -7.543185 0.001764
v -5.88 -7.398296 -0.037059
v -5.88 -7.55 -0.05
v -5.88 -7.4 -0.05
v -5.88 -7.55 -0.55
v -5.88 -7.4 -0.55
v -5.88 -7.553408 -0.575882
v -5.88 -7.408518 -0.614705
v -5.88 -7.563397 -0.6
v -5.88 -7.433494 -0.675
v -5.88 -7.579289 -0.620711
v -5.88 -7.473223 -0.726777
v -5.88 -7.6 -0.636603
v -5.88 -7.525 -0.766506
v -5.88 -7.624118 -0.646593
v -5.88 -7.585295 -0.791481
v -5.88 -7.65 -0.65
v -5.88 -7.65 -0.8
v -5.88 -8.0 -0.65
v -5.88 -8.0 -0.8
v -5.72 -8.0 -0.65
v -5.72 -8.0 -0.8
v -5.72 -7.65 -0.65
v -5.72 -7.65 -0.8
v -5.72 -7.624118 -0.646593
v -5.72 -7.585295 -0.791481
v -5.72 -7.6 -0.636603
v -5.72 -7.525 -0.766506
v -5.72 -7.579289 -0.620711
v -5.72 -7.473223 -0.726777
v -5.72 -7.563397 -0.6
v -5.72 -7.433494 -0.675
v -5.72 -7.553408 -0.575882
v -5.72 -7.408518 -0.614705
v -5.72 -7.55 -0.55
v -5.72 -7.4 -0.55
v -5.72 -7.55 -0.05
v -5.72 -7.4 -0.05
v -5.72 -7.543185 0.001764
v -5.72 -7.398296 -0.037059
v -5.72 -7.523205 0.05
v -5.72 -7.393301 -0.025
v -5.72 -7.491421 0.091421
v -5.72 -7.385355 -0.014645
v -5.72 -7.45 0.123205
v -5.72 -7.375 -0.006699
v -5.72 -7.401764 0.143185
v -5.72 -7.362941 -0.001704
v -5.48 -7.35 0.15
v -5.32 -7.35 0.15
v -5.32 -7.35 0.0
v -5.48 -7.35 0.0
v -5.48 -7.401764 0.143185
v -5.48 -7.362941 -0.001704
v -5.48 -7.45 0.123205
v -5.48 -7.375 -0.006699
v -5.48 -7.491421 0.091421
v -5.48 -7.385355 -0.014645
v -5.48 -7.523205 0.05
v -5.48 -7.393301 -0.025
v -5.48 -7.543185 0.001764
v -5.48 -7.398296 -0.037059
v -5.48 -7.55 -0.05
v -5.48 -7.4 -0.05
v -5.48 -7.55 -0.55
v -5.48 -7.4 -0.55
v -5.48 -7.553408 -0.575882
v -5.48 -7.408518 -0.614705
v -5.48 -7.563397 -0.6
v -5.48 -7.433494 -0.675
v -5.48 -7.579289 -0.620711
v -5.48 -7.473223 -0.726777
v -5.48 -7.6 -0.636603
v -5.48 -7.525 -0.766506
v -5.48 -7.624118 -0.646593
v -5.48 -7.585295 -0.791481
v -5.48 -7.65 -0.65
v -5.48 -7.65 -0.8
v -5.48 -8.0 -0.65
v -5.48 -8.0 -0.8
v -5.32 -8.0 -0.65
v -5.32 -8.0 -0.8
v -5.32 -7.65 -0.65
v -5.32 -7.65 -0.8
v -5.32 -7.624118 -0.646593
v -5.32 -7.585295 -0.791481
v -5.32 -7.6 -0.636603
v -5.32 -7.525 -0.766506
v -5.32 -7.579289 -0.620711
v -5.32 -7.473223 -0.726777
v -5.32 -7.563397 -0.6
v -5.32 -7.433494 -0.675
v -5.32 -7.553408 -0.575882
v -5.32 -7.408518 -0.614705
v -5.32 -7.55 -0.55
v -5.32 -7.4 -0.55
v -5.32 -7.55 -0.05
v -5.32 -7.4 -0.05
v -5.32 -7.543185 0.001764
v -5.32 -7.398296 -0.037059
v -5.32 -7.523205 0.05
v -5.32 -7.393301 -0.025
v -5.32 -7.491421 0.091421
v -5.32 -7.385355 -0.014645
v -5.32 -7.45 0.123205
v -5.32 -7.375 -0.006699
v -5.32 -7.401764 0.143185
v -5.32 -7.362941 -0.001704
v -5.08 -7.35 0.15
v -4.92 -7.35 0.15
v -4.92 -7.35 0.0
v -5.08 -7.35 0.0
v -5.08 -7.401764 0.143185
v -5.08 -7.362941 -0.001704
v -5.08 -7.45 0.123205
v -5.08 -7.375 -0.006699
v -5.08 -7.491421 0.091421
v -5.08 -7.385355 -0.014645
v -5.08 -7.523205 0.05
v -5.08 -7.393301 -0.025
v -5.08 -7.543185 0.001764
v -5.08 -7.398296 -0.037059
v -5.08 -7.55 -0.05
v -5.08 -7.4 -0.05
v -5.08 -7.55 -0.55
v -5.08 -7.4 -0.55
v -5.08 -7.553408 -0.575882
v -5.08 -7.408518 -0.614705
v -5.08 -7.563397 -0.6
v -5.08 -7.433494 -0.675
v -5.08 -7.579289 -0.620711
v -5.08 -7.473223 -0.726777
v -5.08 -7.6 -0.636603
v -5.08 -7.525 -0.766506
v -5.08 -7.624118 -0.646593
v -5.08 -7.585295 -0.791481
v -5.08 -7.65 -0.65
v -5.08 -7.65 -0.8
v -5.08 -8.0 -0.65
v -5.08 -8.0 -0.8
v -4.92 -8.0 -0.65
v -4.92 -8.0 -0.8
v -4.92 -7.65 -0.65
v -4.92 -7.65 -0.8
v -4.92 -7.624118 -0.646593
v -4.92 -7.585295 -0.791481
v -4.92 -7.6 -0.636603
v -4.92 -7.525 -0.766506
v -4.92 -7.579289 -0.620711
v -4.92 -7.473223 -0.726777
v -4.92 -7.563397 -0.6
v -4.92 -7.433494 -0.675
v -4.92 -7.553408 -0.575882
v -4.92 -7.408518 -0.614705
v -4.92 -7.55 -0.55
v -4.92 -7.4 -0.55
v -4.92 -7.55 -0.05
v -4.92 -7.4 -0.05
v -4.92 -7.543185 0.001764
v -4.92 -7.398296 -0.037059
v -4.92 -7.523205 0.05
v -4.92 -7.393301 -0.025
v -4.92 -7.491421 0.091421
v -4.92 -7.385355 -0.014645
v -4.92 -7.45 0.123205
v -4.92 -7.375 -0.006699
v -4.92 -7.401764 0.143185
v -4.92 -7.362941 -0.001704
v -4.68 -7.35 0.15
v -4.52 -7.35 0.15
v -4.52 -7.35 0.0
v -4.68 -7.35 0.0
v -4.68 -7.401764 0.143185
v -4.68 -7.362941 -0.001704
v -4.68 -7.45 0.123205
v -4.68 -7.375 -0.006699
v -4.68 -7.491421 0.091421
v -4.68 -7.385355 -0.014645
v -4.68 -7.523205 0.05
v -4.68 -7.393301 -0.025
v -4.68 -7.543185 0.001764
v -4.68 -7.398296 -0.037059
v -4.68 -7.55 -0.05
v -4.68 -7.4 -0.05
v -4.68 -7.55 -0.55
v -4.68 -7.4 -0.55
v -4.68 -7.553408 -0.575882
v -4.68 -7.408518 -0.614705
v -4.68 -7.563397 -0.6
v -4.68 -7.433494 -0.675
v -4.68 -7.579289 -0.620711
v -4.68 -7.473223 -0.726777
v -4.68 -7.6 -0.636603
v -4.68 -7.525 -0.766506
v -4.68 -7.624118 -0.646593
v -4.68 -7.585295 -0.791481
v -4.68 -7.65 -0.65
v -4.68 -7.65 -0.8
v -4.68 -8.0 -0.65
v -4.68 -8.0 -0.8
v -4.52 -8.0 -0.65
v -4.52 -8.0 -0.8
v -4.52 -7.65 -0.65
v -4.52 -7.65 -0.8
v -4.52 -7.624118 -0.646593
v -4.52 -7.585295 -0.791481
v -4.52 -7.6 -0.636603
v -4.52 -7.525 -0.766506
v -4.52 -7.579289 -0.620711
v -4.52 -7.473223 -0.726777
v -4.52 -7.563397 -0.6
v -4.52 -7.433494 -0.675
v -4.52 -7.553408 -0.575882
v -4.52 -7.408518 -0.614705
v -4.52 -7.55 -0.55
v -4.52 -7.4 -0.55
v -4.52 -7.55 -0.05
v -4.52 -7.4 -0.05
v -4.52 -7.543185 0.001764
v -4.52 -7.398296 -0.037059
v -4.52 -7.523205 0.05
v -4.52 -7.393301 -0.025
v -4.52 -7.491421 0.091421
v -4.52 -7.385355 -0.014645
v -4.52 -7.45 0.123205
v -4.52 -7.375 -0.006699
v -4.52 -7.401764 0.143185
v -4.52 -7.362941 -0.001704
v -4.28 -7.35 0.15
v -4.12 -7.35 0.15
v -4.12 -7.35 0.0
v -4.28 -7.35 0.0
v -4.28 -7.401764 0.143185
v -4.28 -7.362941 -0.001704
v -4.28 -7.45 0.123205
v -4.28 -7.375 -0.006699
v -4.28 -7.491421 0.091421
v -4.28 -7.385355 -0.014645
v -4.28 -7.523205 0.05
v -4.28 -7.393301 -0.025
v -4.28 -7.543185 0.001764
v -4.28 -7.398296 -0.037059
v -4.28 -7.55 -0.05
v -4.28 -7.4 -0.05
v -4.28 -7.55 -0.55
v -4.28 -7.4 -0.55
v -4.28 -7.553408 -0.575882
v -4.28 -7.408518 -0.614705
v -4.28 -7.563397 -0.6
v -4.28 -7.433494 -0.675
v -4.28 -7.579289 -0.620711
v -4.28 -7.473223 -0.726777
v -4.28 -7.6 -0.636603
v -4.28 -7.525 -0.766506
v -4.28 -7.624118 -0.646593
v -4.28 -7.585295 -0.791481
v -4.28 -7.65 -0.65
v -4.28 -7.65 -0.8
v -4.28 -8.0 -0.65
v -4.28 -8.0 -0.8
v -4.12 -8.0 -0.65
v -4.12 -8.0 -0.8
v -4.12 -7.65 -0.65
v -4.12 -7.65 -0.8
v -4.12 -7.624118 -0.646593
v -4.12 -7.585295 -0.791481
v -4.12 -7.6 -0.636603
v -4.12 -7.525 -0.766506
v -4.12 -7.579289 -0.620711
v -4.12 -7.473223 -0.726777
v -4.12 -7.563397 -0.6
v -4.12 -7.433494 -0.675
v -4.12 -7.553408 -0.575882
v -4.12 -7.408518 -0.614705
v -4.12 -7.55 -0.55
v -4.12 -7.4 -0.55
v -4.12 -7.55 -0.05
v -4.12 -7.4 -0.05
v -4.12 -7.543185 0.001764
v -4.12 -7.398296 -0.037059
v -4.12 -7.523205 0.05
v -4.12 -7.393301 -0.025
v -4.12 -7.491421 0.091421
v -4.12 -7.385355 -0.014645
v -4.12 -7.45 0.123205
v -4.12 -7.375 -0.006699
v -4.12 -7.401764 0.143185
v -4.12 -7.362941 -0.001704
v -3.88 -7.35 0.15
v -3.72 -7.35 0.15
v -3.72 -7.35 0.0
v -3.88 -7.35 0.0
v -3.88 -7.401764 0.143185
v -3.88 -7.362941 -0.001704
v -3.88 -7.45 0.123205
v -3.88 -7.375 -0.006699
v -3.88 -7.491421 0.091421
v -3.88 -7.385355 -0.014645
v -3.88 -7.523205 0.05
v -3.88 -7.393301 -0.025
v -3.88 -7.543185 0.001764
v -3.88 -7.398296 -0.037059
v -3.88 -7.55 -0.05
v -3.88 -7.4 -0.05
v -3.88 -7.55 -0.55
v -3.88 -7.4 -0.55
v -3.88 -7.553408 -0.575882
v -3.88 -7.408518 -0.614705
v -3.88 -7.563397 -0.6
v -3.88 -7.433494 -0.675
v -3.88 -7.579289 -0.620711
v -3.88 -7.473223 -0.726777
v -3.88 -7.6 -0.636603
v -3.88 -7.525 -0.766506
v -3.88 -7.624118 -0.646593
v -3.88 -7.585295 -0.791481
v -3.88 -7.65 -0.65
v -3.88 -7.65 -0.8
v -3.88 -8.0 -0.65
v -3.88 -8.0 -0.8
v -3.72 -8.0 -0.65
v -3.72 -8.0 -0.8
v -3.72 -7.65 -0.65
v -3.72 -7.65 -0.8
v -3.72 -7.624118 -0.646593
v -3.72 -7.585295 -0.791481
v -3.72 -7.6 -0.636603
v -3.72 -7.525 -0.766506
v -3.72 -7.579289 -0.620711
v -3.72 -7.473223 -0.726777
v -3.72 -7.563397 -0.6
v -3.72 -7.433494 -0.675
v -3.72 -7.553408 -0.575882
v -3.72 -7.408518 -0.614705
v -3.72 -7.55 -0.55
v -3.72 -7.4 -0.55
v -3.72 -7.55 -0.05
v -3.72 -7.4 -0.05
v -3.72 -7.543185 0.001764
v -3.72 -7.398296 -0.037059
v -3.72 -7.523205 0.05
v -3.72 -7.393301 -0.025
v -3.72 -7.491421 0.091421
v -3.72 -7.385355 -0.014645
v -3.72 -7.45 0.123205
v -3.72 -7.375 -0.006699
v -3.72 -7.401764 0.143185
v -3.72 -7.362941 -0.001704
v -3.48 -7.35 0.15
v -3.32 -7.35 0.15
v -3.32 -7.35 0.0
v -3.48 -7.35 0.0
v -3.48 -7.401764 0.143185
v -3.48 -7.362941 -0.001704
v -3.48 -7.45 0.123205
v -3.48 -7.375 -0.006699
v -3.48 -7.491421 0.091421
v -3.48 -7.385355 -0.014645
v -3.48 -7.523205 0.05
v -3.48 -7.393301 -0.025
v -3.48 -7.543185 0.001764
v -3.48 -7.398296 -0.037059
v -3.48 -7.55 -0.05
v -3.48 -7.4 -0.05
v -3.48 -7.55 -0.55
v -3.48 -7.4 -0.55
v -3.48 -7.553408 -0.575882
v -3.48 -7.408518 -0.614705
v -3.48 -7.563397 -0.6
v -3.48 -7.433494 -0.675
v -3.48 -7.579289 -0.620711
v -3.48 -7.473223 -0.726777
v -3.48 -7.6 -0.636603
v -3.48 -7.525 -0.766506
v -3.48 -7.624118 -0.646593
v -3.48 -7.585295 -0.791481
v -3.48 -7.65 -0.65
v -3.48 -7.65 -0.8
v -3.48 -8.0 -0.65
v -3.48 -8.0 -0.8
v -3.32 -8.0 -0.65
v -3.32 -8.0 -0.8
v -3.32 -7.65 -0.65
v -3.32 -7.65 -0.8
v -3.32 -7.624118 -0.646593
v -3.32 -7.585295 -0.791481
v -3.32 -7.6 -0.636603
v -3.32 -7.525 -0.766506
v -3.32 -7.579289 -0.620711
v -3.32 -7.473223 -0.726777
v -3.32 -7.563397 -0.6
v -3.32 -7.433494 -0.675
v -3.32 -7.553408 -0.575882
v -3.32 -7.408518 -0.614705
v -3.32 -7.55 -0.55
v -3.32 -7.4 -0.55
v -3.32 -7.55 -0.05
v -3.32 -7.4 -0.05
v -3.32 -7.543185 0.001764
v -3.32 -7.398296 -0.037059
v -3.32 -7.523205 0.05
v -3.32 -7.393301 -0.025
v -3.32 -7.491421 0.091421
v -3.32 -7.385355 -0.014645
v -3.32 -7.45 0.123205
v -3.32 -7.375 -0.006699
v -3.32 -7.401764 0.143185
v -3.32 -7.362941 -0.001704
v -3.08 -7.35 0.15
v -2.92 -7.35 0.15
v -2.92 -7.35 0.0
v -3.08 -7.35 0.0
v -3.08 -7.401764 0.143185
v -3.08 -7.362941 -0.001704
v -3.08 -7.45 0.123205
v -3.08 -7.375 -0.006699
v -3.08 -7.491421 0.091421
v -3.08 -7.385355 -0.014645
v -3.08 -7.523205 0.05
v -3.08 -7.393301 -0.025
v -3.08 -7.543185 0.001764
v -3.08 -7.398296 -0.037059
v -3.08 -7.55 -0.05
v -3.08 -7.4 -0.05
v -3.08 -7.55 -0.55
v -3.08 -7.4 -0.55
v -3.08 -7.553408 -0.575882
v -3.08 -7.408518 -0.614705
v -3.08 -7.563397 -0.6
v -3.08 -7.433494 -0.675
v -3.08 -7.579289 -0.620711
v -3.08 -7.473223 -0.726777
v -3.08 -7.6 -0.636603
v -3.08 -7.525 -0.766506
v -3.08 -7.624118 -0.646593
v -3.08 -7.585295 -0.791481
v -3.08 -7.65 -0.65
v -3.08 -7.65 -0.8
v -3.08 -8.0 -0.65
v -3.08 -8.0 -0.8
v -2.92 -8.0 -0.65
v -2.92 -8.0 -0.8
v -2.92 -7.65 -0.65
v -2.92 -7.65 -0.8
v -2.92 -7.624118 -0.646593
v -2.92 -7.585295 -0.791481
v -2.92 -7.6 -0.636603
v -2.92 -7.525 -0.766506
v -2.92 -7.579289 -0.620711
v -2.92 -7.473223 -0.726777
v -2.92 -7.563397 -0.6
v -2.92 -7.433494 -0.675
v -2.92 -7.553408 -0.575882
v -2.92 -7.408518 -0.614705
v -2.92 -7.55 -0.55
v -2.92 -7.4 -0.55
v -2.92 -7.55 -0.05
v -2.92 -7.4 -0.05
v -2.92 -7.543185 0.001764
v -2.92 -7.398296 -0.037059
v -2.92 -7.523205 0.05
v -2.92 -7.393301 -0.025
v -2.92 -7.491421 0.091421
v -2.92 -7.385355 -0.014645
v -2.92 -7.45 0.123205
v -2.92 -7.375 -0.006699
v -2.92 -7.401764 0.143185
v -2.92 -7.362941 -0.001704
v -2.68 -7.35 0.15
v -2.52 -7.35 0.15
v -2.52 -7.35 0.0
v -2.68 -7.35 0.0
v -2.68 -7.401764 0.143185
v -2.68 -7.362941 -0.001704
v -2.68 -7.45 0.123205
v -2.68 -7.375 -0.006699
v -2.68 -7.491421 0.091421
v -2.68 -7.385355 -0.014645
v -2.68 -7.523205 0.05
v -2.68 -7.393301 -0.025
v -2.68 -7.543185 0.001764
v -2.68 -7.398296 -0.037059
v -2.68 -7.55 -0.05
v -2.68 -7.4 -0.05
v -2.68 -7.55 -0.55
v -2.68 -7.4 -0.55
v -2.68 -7.553408 -0.575882
v -2.68 -7.408518 -0.614705
v -2.68 -7.563397 -0.6
v -2.68 -7.433494 -0.675
v -2.68 -7.579289 -0.620711
v -2.68 -7.473223 -0.726777
v -2.68 -7.6 -0.636603
v -2.68 -7.525 -0.766506
v -2.68 -7.624118 -0.646593
v -2.68 -7.585295 -0.791481
v -2.68 -7.65 -0.65
v -2.68 -7.65 -0.8
v -2.68 -8.0 -0.65
v -2.68 -8.0 -0.8
v -2.52 -8.0 -0.65
v -2.52 -8.0 -0.8
v -2.52 -7.65 -0.65
v -2.52 -7.65 -0.8
v -2.52 -7.624118 -0.646593
v -2.52 -7.585295 -0.791481
v -2.52 -7.6 -0.636603
v -2.52 -7.525 -0.766506
v -2.52 -7.579289 -0.620711
v -2.52 -7.473223 -0.726777
v -2.52 -7.563397 -0.6
v -2.52 -7.433494 -0.675
v -2.52 -7.553408 -0.575882
v -2.52 -7.408518 -0.614705
v -2.52 -7.55 -0.55
v -2.52 -7.4 -0.55
v -2.52 -7.55 -0.05
v -2.52 -7.4 -0.05
v -2.52 -7.543185 0.001764
v -2.52 -7.398296 -0.037059
v -2.52 -7.523205 0.05
v -2.52 -7.393301 -0.025
v -2.52 -7.491421 0.091421
v -2.52 -7.385355 -0.014645
v -2.52 -7.45 0.123205
v -2.52 -7.375 -0.006699
v -2.52 -7.401764 0.143185
v -2.52 -7.362941 -0.001704
v -2.28 -7.35 0.15
v -2.12 -7.35 0.15
v -2.12 -7.35 0.0
v -2.28 -7.35 0.0
v -2.28 -7.401764 0.143185
v -2.28 -7.362941 -0.001704
v -2.28 -7.45 0.123205
v -2.28 -7.375 -0.006699
v -2.28 -7.491421 0.091421
v -2.28 -7.385355 -0.014645
v -2.28 -7.523205 0.05
v -2.28 -7.393301 -0.025
v -2.28 -7.543185 0.001764
v -2.28 -7.398296 -0.037059
v -2.28 -7.55 -0.05
v -2.28 -7.4 -0.05
v -2.28 -7.55 -0.55
v -2.28 -7.4 -0.55
v -2.28 -7.553408 -0.575882
v -2.28 -7.408518 -0.614705
v -2.28 -7.563397 -0.6
v -2.28 -7.433494 -0.675
v -2.28 -7.579289 -0.620711
v -2.28 -7.473223 -0.726777
v -2.28 -7.6 -0.636603
v -2.28 -7.525 -0.766506
v -2.28 -7.624118 -0.646593
v -2.28 -7.585295 -0.791481
v -2.28 -7.65 -0.65
v -2.28 -7.65 -0.8
v -2.28 -8.0 -0.65
v -2.28 -8.0 -0.8
v -2.12 -8.0 -0.65
v -2.12 -8.0 -0.8
v -2.12 -7.65 -0.65
v -2.12 -7.65 -0.8
v -2.12 -7.624118 -0.646593
v -2.12 -7.585295 -0.791481
v -2.12 -7.6 -0.636603
v -2.12 -7.525 -0.766506
v -2.12 -7.579289 -0.620711
v -2.12 -7.473223 -0.726777
v -2.12 -7.563397 -0.6
v -2.12 -7.433494 -0.675
v -2.12 -7.553408 -0.575882
v -2.12 -7.408518 -0.614705
v -2.12 -7.55 -0.55
v -2.12 -7.4 -0.55
v -2.12 -7.55 -0.05
v -2.12 -7.4 -0.05
v -2.12 -7.543185 0.001764
v -2.12 -7.398296 -0.037059
v -2.12 -7.523205 0.05
v -2.12 -7.393301 -0.025
v -2.12 -7.491421 0.091421
v -2.12 -7.385355 -0.014645
v -2.12 -7.45 0.123205
v -2.12 -7.375 -0.006699
v -2.12 -7.401764 0.143185
v -2.12 -7.362941 -0.001704
v -1.88 -7.35 0.15
v -1.72 -7.35 0.15
v -1.72 -7.35 0.0
v -1.88 -7.35 0.0
v -1.88 -7.401764 0.143185
v -1.88 -7.362941 -0.001704
v -1.88 -7.45 0.123205
v -1.88 -7.375 -0.006699
v -1.88 -7.491421 0.091421
v -1.88 -7.385355 -0.014645
v -1.88 -7.523205 0.05
v -1.88 -7.393301 -0.025
v -1.88 -7.543185 0.001764
v -1.88 -7.398296 -0.037059
v -1.88 -7.55 -0.05
v -1.88 -7.4 -0.05
v -1.88 -7.55 -0.55
v -1.88 -7.4 -0.55
v -1.88 -7.553408 -0.575882
v -1.88 -7.408518 -0.614705
v -1.88 -7.563397 -0.6
v -1.88 -7.433494 -0.675
v -1.88 -7.579289 -0.620711
v -1.88 -7.473223 -0.726777
v -1.88 -7.6 -0.636603
v -1.88 -7.525 -0.766506
v -1.88 -7.624118 -0.646593
v -1.88 -7.585295 -0.791481
v -1.88 -7.65 -0.65
v -1.88 -7.65 -0.8
v -1.88 -8.0 -0.65
v -1.88 -8.0 -0.8
v -1.72 -8.0 -0.65
v -1.72 -8.0 -0.8
v -1.72 -7.65 -0.65
v -1.72 -7.65 -0.8
v -1.72 -7.624118 -0.646593
v -1.72 -7.585295 -0.791481
v -1.72 -7.6 -0.636603
v -1.72 -7.525 -0.766506
v -1.72 -7.579289 -0.620711
v -1.72 -7.473223 -0.726777
v -1.72 -7.563397 -0.6
v -1.72 -7.433494 -0.675
v -1.72 -7.553408 -0.575882
v -1.72 -7.408518 -0.614705
v -1.72 -7.55 -0.55
v -1.72 -7.4 -0.55
v -1.72 -7.55 -0.05
v -1.72 -7.4 -0.05
v -1.72 -7.543185 0.001764
v -1.72 -7.398296 -0.037059
v -1.72 -7.523205 0.05
v -1.72 -7.393301 -0.025
v -1.72 -7.491421 0.091421
v -1.72 -7.385355 -0.014645
v -1.72 -7.45 0.123205
v -1.72 -7.375 -0.006699
v -1.72 -7.401764 0.143185
v -1.72 -7.362941 -0.001704
v -1.48 -7.35 0.15
v -1.32 -7.35 0.15
v -1.32 -7.35 0.0
v -1.48 -7.35 0.0
v -1.48 -7.401764 0.143185
v -1.48 -7.362941 -0.001704
v -1.48 -7.45 0.123205
v -1.48 -7.375 -0.006699
v -1.48 -7.491421 0.091421
v -1.48 -7.385355 -0.014645
v -1.48 -7.523205 0.05
v -1.48 -7.393301 -0.025
v -1.48 -7.543185 0.001764
v -1.48 -7.398296 -0.037059
v -1.48 -7.55 -0.05
v -1.48 -7.4 -0.05
v -1.48 -7.55 -0.55
v -1.48 -7.4 -0.55
v -1.48 -7.553408 -0.575882
v -1.48 -7.408518 -0.614705
v -1.48 -7.563397 -0.6
v -1.48 -7.433494 -0.675
v -1.48 -7.579289 -0.620711
v -1.48 -7.473223 -0.726777
v -1.48 -7.6 -0.636603
v -1.48 -7.525 -0.766506
v -1.48 -7.624118 -0.646593
v -1.48 -7.585295 -0.791481
v -1.48 -7.65 -0.65
v -1.48 -7.65 -0.8
v -1.48 -8.0 -0.65
v -1.48 -8.0 -0.8
v -1.32 -8.0 -0.65
v -1.32 -8.0 -0.8
v -1.32 -7.65 -0.65
v -1.32 -7.65 -0.8
v -1.32 -7.624118 -0.646593
v -1.32 -7.585295 -0.791481
v -1.32 -7.6 -0.636603
v -1.32 -7.525 -0.766506
v -1.32 -7.579289 -0.620711
v -1.32 -7.473223 -0.726777
v -1.32 -7.563397 -0.6
v -1.32 -7.433494 -0.675
v -1.32 -7.553408 -0.575882
v -1.32 -7.408518 -0.614705
v -1.32 -7.55 -0.55
v -1.32 -7.4 -0.55
v -1.32 -7.55 -0.05
v -1.32 -7.4 -0.05
v -1.32 -7.543185 0.001764
v -1.32 -7.398296 -0.037059
v -1.32 -7.523205 0.05
v -1.32 -7.393301 -0.025
v -1.32 -7.491421 0.091421
v -1.32 -7.385355 -0.014645
v -1.32 -7.45 0.123205
v -1.32 -7.375 -0.006699
v -1.32 -7.401764 0.143185
v -1.32 -7.362941 -0.001704
v -1.08 -7.35 0.15
v -0.92 -7.35 0.15
v -0.92 -7.35 0.0
v -1.08 -7.35 0.0
v -1.08 -7.401764 0.143185
v -1.08 -7.362941 -0.001704
v -1.08 -7.45 0.123205
v -1.08 -7.375 -0.006699
v -1.08 -7.491421 0.091421
v -1.08 -7.385355 -0.014645
v -1.08 -7.523205 0.05
v -1.08 -7.393301 -0.025
v -1.08 -7.543185 0.001764
v -1.08 -7.398296 -0.037059
v -1.08 -7.55 -0.05
v -1.08 -7.4 -0.05
v -1.08 -7.55 -0.55
v -1.08 -7.4 -0.55
v -1.08 -7.553408 -0.575882
v -1.08 -7.408518 -0.614705
v -1.08 -7.563397 -0.6
v -1.08 -7.433494 -0.675
v -1.08 -7.579289 -0.620711
v -1.08 -7.473223 -0.726777
v -1.08 -7.6 -0.636603
v -1.08 -7.525 -0.766506
v -1.08 -7.624118 -0.646593
v -1.08 -7.585295 -0.791481
v -1.08 -7.65 -0.65
v -1.08 -7.65 -0.8
v -1.08 -8.0 -0.65
v -1.08 -8.0 -0.8
v -0.92 -8.0 -0.65
v -0.92 -8.0 -0.8
v -0.92 -7.65 -0.65
v -0.92 -7.65 -0.8
v -0.92 -7.624118 -0.646593
v -0.92 -7.585295 -0.791481
v -0.92 -7.6 -0.636603
v -0.92 -7.525 -0.766506
v -0.92 -7.579289 -0.620711
v -0.92 -7.473223 -0.726777
v -0.92 -7.563397 -0.6
v -0.92 -7.433494 -0.675
v -0.92 -7.553408 -0.575882
v -0.92 -7.408518 -0.614705
v -0.92 -7.55 -0.55
v -0.92 -7.4 -0.55
v -0.92 -7.55 -0.05
v -0.92 -7.4 -0.05
v -0.92 -7.543185 0.001764
v -0.92 -7.398296 -0.037059
v -0.92 -7.523205 0.05
v -0.92 -7.393301 -0.025
v -0.92 -7.491421 0.091421
v -0.92 -7.385355 -0.014645
v -0.92 -7.45 0.123205
v -0.92 -7.375 -0.006699
v -0.92 -7.401764 0.143185
v -0.92 -7.362941 -0.001704
v -0.68 -7.35 0.15
v -0.52 -7.35 0.15
v -0.52 -7.35 0.0
v -0.68 -7.35 0.0
v -0.68 -7.401764 0.143185
v -0.68 -7.362941 -0.001704
v -0.68 -7.45 0.123205
v -0.68 -7.375 -0.006699
v -0.68 -7.491421 0.091421
v -0.68 -7.385355 -0.014645
v -0.68 -7.523205 0.05
v -0.68 -7.393301 -0.025
v -0.68 -7.543185 0.001764
v -0.68 -7.398296 -0.037059
v -0.68 -7.55 -0.05
v -0.68 -7.4 -0.05
v -0.68 -7.55 -0.55
v -0.68 -7.4 -0.55
v -0.68 -7.553408 -0.575882
v -0.68 -7.408518 -0.614705
v -0.68 -7.563397 -0.6
v -0.68 -7.433494 -0.675
v -0.68 -7.579289 -0.620711
v -0.68 -7.473223 -0.726777
v -0.68 -7.6 -0.636603
v -0.68 -7.525 -0.766506
v -0.68 -7.624118 -0.646593
v -0.68 -7.585295 -0.791481
v -0.68 -7.65 -0.65
v -0.68 -7.65 -0.8
v -0.68 -8.0 -0.65
v -0.68 -8.0 -0.8
v -0.52 -8.0 -0.65
v -0.52 -8.0 -0.8
v -0.52 -7.65 -0.65
v -0.52 -7.65 -0.8
v -0.52 -7.624118 -0.646593
v -0.52 -7.585295 -0.791481
v -0.52 -7.6 -0.636603
v -0.52 -7.525 -0.766506
v -0.52 -7.579289 -0.620711
v -0.52 -7.473223 -0.726777
v -0.52 -7.563397 -0.6
v -0.52 -7.433494 -0.675
v -0.52 -7.553408 -0.575882
v -0.52 -7.408518 -0.614705
v -0.52 -7.55 -0.55
v -0.52 -7.4 -0.55
v -0.52 -7.55 -0.05
v -0.52 -7.4 -0.05
v -0.52 -7.543185 0.001764
v -0.52 -7.398296 -0.037059
v -0.52 -7.523205 0.05
v -0.52 -7.393301 -0.025
v -0.52 -7.491421 0.091421
v -0.52 -7.385355 -0.014645
v -0.52 -7.45 0.123205
v -0.52 -7.375 -0.006699
v -0.52 -7.401764 0.143185
v -0.52 -7.362941 -0.001704
v -0.28 -7.35 0.15
v -0.12 -7.35 0.15
v -0.12 -7.35 0.0
v -0.28 -7.35 0.0
v -0.28 -7.401764 0.143185
v -0.28 -7.362941 -0.001704
v -0.28 -7.45 0.123205
v -0.28 -7.375 -0.006699
v -0.28 -7.491421 0.091421
v -0.28 -7.385355 -0.014645
v -0.28 -7.523205 0.05
v -0.28 -7.393301 -0.025
v -0.28 -7.543185 0.001764
v -0.28 -7.398296 -0.037059
v -0.28 -7.55 -0.05
v -0.28 -7.4 -0.05
v -0.28 -7.55 -0.55
v -0.28 -7.4 -0.55
v -0.28 -7.553408 -0.575882
v -0.28 -7.408518 -0.614705
v -0.28 -7.563397 -0.6
v -0.28 -7.433494 -0.675
v -0.28 -7.579289 -0.620711
v -0.28 -7.473223 -0.726777
v -0.28 -7.6 -0.636603
v -0.28 -7.525 -0.766506
v -0.28 -7.624118 -0.646593
v -0.28 -7.585295 -0.791481
v -0.28 -7.65 -0.65
v -0.28 -7.65 -0.8
v -0.28 -8.0 -0.65
v -0.28 -8.0 -0.8
v -0.12 -8.0 -0.65
v -0.12 -8.0 -0.8
v -0.12 -7.65 -0.65
v -0.12 -7.65 -0.8
v -0.12 -7.624118 -0.646593
v -0.12 -7.585295 -0.791481
v -0.12 -7.6 -0.636603
v -0.12 -7.525 -0.766506
v -0.12 -7.579289 -0.620711
v -0.12 -7.473223 -0.726777
v -0.12 -7.563397 -0.6
v -0.12 -7.433494 -0.675
v -0.12 -7.553408 -0.575882
v -0.12 -7.408518 -0.614705
v -0.12 -7.55 -0.55
v -0.12 -7.4 -0.55
v -0.12 -7.55 -0.05
v -0.12 -7.4 -0.05
v -0.12 -7.543185 0.001764
v -0.12 -7.398296 -0.037059
v -0.12 -7.523205 0.05
v -0.12 -7.393301 -0.025
v -0.12 -7.491421 0.091421
v -0.12 -7.385355 -0.014645
v -0.12 -7.45 0.123205
v -0.12 -7.375 -0.006699
v -0.12 -7.401764 0.143185
v -0.12 -7.362941 -0.001704
v 0.12 -7.35 0.15
v 0.28 -7.35 0.15
v 0.28 -7.35 0.0
v 0.12 -7.35 0.0
v 0.12 -7.401764 0.143185
v 0.12 -7.362941 -0.001704
v 0.12 -7.45 0.123205
v 0.12 -7.375 -0.006699
v 0.12 -7.491421 0.091421
v 0.12 -7.385355 -0.014645
v 0.12 -7.523205 0.05
v 0.12 -7.393301 -0.025
v 0.12 -7.543185 0.001764
v 0.12 -7.398296 -0.037059
v 0.12 -7.55 -0.05
v 0.12 -7.4 -0.05
v 0.12 -7.55 -0.55
v 0.12 -7.4 -0.55
v 0.12 -7.553408 -0.575882
v 0.12 -7.408518 -0.614705
v 0.12 -7.563397 -0.6
v 0.12 -7.433494 -0.675
v 0.12 -7.579289 -0.620711
v 0.12 -7.473223 -0.726777
v 0.12 -7.6 -0.636603
v 0.12 -7.525 -0.766506
v 0.12 -7.624118 -0.646593
v 0.12 -7.585295 -0.791481
v 0.12 -7.65 -0.65
v 0.12 -7.65 -0.8
v 0.12 -8.0 -0.65
v 0.12 -8.0 -0.8
v 0.28 -8.0 -0.65
v 0.28 -8.0 -0.8
v 0.28 -7.65 -0.65
v 0.28 -7.65 -0.8
v 0.28 -7.624118 -0.646593
v 0.28 -7.585295 -0.791481
v 0.28 -7.6 -0.636603
v 0.28 -7.525 -0.766506
v 0.28 -7.579289 -0.620711
v 0.28 -7.473223 -0.726777
v 0.28 -7.563397 -0.6
v 0.28 -7.433494 -0.675
v 0.28 -7.553408 -0.575882
v 0.28 -7.408518 -0.614705
v 0.28 -7.55 -0.55
v 0.28 -7.4 -0.55
v 0.28 -7.55 -0.05
v 0.28 -7.4 -0.05
v 0.28 -7.543185 0.001764
v 0.28 -7.398296 -0.037059
v 0.28 -7.523205 0.05
v 0.28 -7.393301 -0.025
v 0.28 -7.491421 0.091421
v 0.28 -7.385355 -0.014645
v 0.28 -7.45 0.123205
v 0.28 -7.375 -0.006699
v 0.28 -7.401764 0.143185
v 0.28 -7.362941 -0.001704
v 0.52 -7.35 0.15
v 0.68 -7.35 0.15
v 0.68 -7.35 0.0
v 0.52 -7.35 0.0
v 0.52 -7.401764 0.143185
v 0.52 -7.362941 -0.001704
v 0.52 -7.45 0.123205
v 0.52 -7.375 -0.006699
v 0.52 -7.491421 0.091421
v 0.52 -7.385355 -0.014645
v 0.52 -7.523205 0.05
v 0.52 -7.393301 -0.025
v 0.52 -7.543185 0.001764
v 0.52 -7.398296 -0.037059
v 0.52 -7.55 -0.05
v 0.52 -7.4 -0.05
v 0.52 -7.55 -0.55
v 0.52 -7.4 -0.55
v 0.52 -7.553408 -0.575882
v 0.52 -7.408518 -0.614705
v 0.52 -7.563397 -0.6
v 0.52 -7.433494 -0.675
v 0.52 -7.579289 -0.620711
v 0.52 -7.473223 -0.726777
v 0.52 -7.6 -0.636603
v 0.52 -7.525 -0.766506
v 0.52 -7.624118 -0.646593
v 0.52 -7.585295 -0.791481
v 0.52 -7.65 -0.65
v 0.52 -7.65 -0.8
v 0.52 -8.0 -0.65
v 0.52 -8.0 -0.8
v 0.68 -8.0 -0.65
v 0.68 -8.0 -0.8
v 0.68 -7.65 -0.65
v 0.68 -7.65 -0.8
v 0.68 -7.624118 -0.646593
v 0.68 -7.585295 -0.791481
v 0.68 -7.6 -0.636603
v 0.68 -7.525 -0.766506
v 0.68 -7.579289 -0.620711
v 0.68 -7.473223 -0.726777
v 0.68 -7.563397 -0.6
v 0.68 -7.433494 -0.675
v 0.68 -7.553408 -0.575882
v 0.68 -7.408518 -0.614705
v 0.68 -7.55 -0.55
v 0.68 -7.4 -0.55
v 0.68 -7.55 -0.05
v 0.68 -7.4 -0.05
v 0.68 -7.543185 0.001764
v 0.68 -7.398296 -0.037059
v 0.68 -7.523205 0.05
v 0.68 -7.393301 -0.025
v 0.68 -7.491421 0.091421
v 0.68 -7.385355 -0.014645
v 0.68 -7.45 0.123205
v 0.68 -7.375 -0.006699
v 0.68 -7.401764 0.143185
v 0.68 -7.362941 -0.001704
v 0.92 -7.35 0.15
v 1.08 -7.35 0.15
v 1.08 -7.35 0.0
v 0.92 -7.35 0.0
v 0.92 -7.401764 0.143185
v 0.92 -7.362941 -0.001704
v 0.92 -7.45 0.123205
v 0.92 -7.375 -0.006699
v 0.92 -7.491421 0.091421
v 0.92 -7.385355 -0.014645
v 0.92 -7.523205 0.05
v 0.92 -7.393301 -0.025
v 0.92 -7.543185 0.001764
v 0.92 -7.398296 -0.037059
v 0.92 -7.55 -0.05
v 0.92 -7.4 -0.05
v 0.92 -7.55 -0.55
v 0.92 -7.4 -0.55
v 0.92 -7.553408 -0.575882
v 0.92 -7.408518 -0.614705
v 0.92 -7.563397 -0.6
v 0.92 -7.433494 -0.675
v 0.92 -7.579289 -0.620711
v 0.92 -7.473223 -0.726777
v 0.92 -7.6 -0.636603
v 0.92 -7.525 -0.766506
v 0.92 -7.624118 -0.646593
v 0.92 -7.585295 -0.791481
v 0.92 -7.65 -0.65
v 0.92 -7.65 -0.8
v 0.92 -8.0 -0.65
v 0.92 -8.0 -0.8
v 1.08 -8.0 -0.65
v 1.08 -8.0 -0.8
v 1.08 -7.65 -0.65
v 1.08 -7.65 -0.8
v 1.08 -7.624118 -0.646593
v 1.08 -7.585295 -0.791481
v 1.08 -7.6 -0.636603
v 1.08 -7.525 -0.766506
v 1.08 -7.579289 -0.620711
v 1.08 -7.473223 -0.726777
v 1.08 -7.563397 -0.6
v 1.08 -7.433494 -0.675
v 1.08 -7.553408 -0.575882
v 1.08 -7.408518 -0.614705
v 1.08 -7.55 -0.55
v 1.08 -7.4 -0.55
v 1.08 -7.55 -0.05
v 1.08 -7.4 -0.05
v 1.08 -7.543185 0.001764
v 1.08 -7.398296 -0.037059
v 1.08 -7.523205 0.05
v 1.08 -7.393301 -0.025
v 1.08 -7.491421 0.091421
v 1.08 -7.385355 -0.014645
v 1.08 -7.45 0.123205
v 1.08 -7.375 -0.006699
v 1.08 -7.401764 0.143185
v 1.08 -7.362941 -0.001704
v 1.32 -7.35 0.15
v 1.48 -7.35 0.15
v 1.48 -7.35 0.0
v 1.32 -7.35 0.0
v 1.32 -7.401764 0.143185
v 1.32 -7.362941 -0.001704
v 1.32 -7.45 0.123205
v 1.32 -7.375 -0.006699
v 1.32 -7.491421 0.091421
v 1.32 -7.385355 -0.014645
v 1.32 -7.523205 0.05
v 1.32 -7.393301 -0.025
v 1.32 -7.543185 0.001764
v 1.32 -7.398296 -0.037059
v 1.32 -7.55 -0.05
v 1.32 -7.4 -0.05
v 1.32 -7.55 -0.55
v 1.32 -7.4 -0.55
v 1.32 -7.553408 -0.575882
v 1.32 -7.408518 -0.614705
v 1.32 -7.563397 -0.6
v 1.32 -7.433494 -0.675
v 1.32 -7.579289 -0.620711
v 1.32 -7.473223 -0.726777
v 1.32 -7.6 -0.636603
v 1.32 -7.525 -0.766506
v 1.32 -7.624118 -0.646593
v 1.32 -7.585295 -0.791481
v 1.32 -7.65 -0.65
v 1.32 -7.65 -0.8
v 1.32 -8.0 -0.65
v 1.32 -8.0 -0.8
v 1.48 -8.0 -0.65
v 1.48 -8.0 -0.8
v 1.48 -7.65 -0.65
v 1.48 -7.65 -0.8
v 1.48 -7.624118 -0.646593
v 1.48 -7.585295 -0.791481
v 1.48 -7.6 -0.636603
v 1.48 -7.525 -0.766506
v 1.48 -7.579289 -0.620711
v 1.48 -7.473223 -0.726777
v 1.48 -7.563397 -0.6
v 1.48 -7.433494 -0.675
v 1.48 -7.553408 -0.575882
v 1.48 -7.408518 -0.614705
v 1.48 -7.55 -0.55
v 1.48 -7.4 -0.55
v 1.48 -7.55 -0.05
v 1.48 -7.4 -0.05
v 1.48 -7.543185 0.001764
v 1.48 -7.398296 -0.037059
v 1.48 -7.523205 0.05
v 1.48 -7.393301 -0.025
v 1.48 -7.491421 0.091421
v 1.48 -7.385355 -0.014645
v 1.48 -7.45 0.123205
v 1.48 -7.375 -0.006699
v 1.48 -7.401764 0.143185
v 1.48 -7.362941 -0.001704
v 1.72 -7.35 0.15
v 1.88 -7.35 0.15
v 1.88 -7.35 0.0
v 1.72 -7.35 0.0
v 1.72 -7.401764 0.143185
v 1.72 -7.362941 -0.001704
v 1.72 -7.45 0.123205
v 1.72 -7.375 -0.006699
v 1.72 -7.491421 0.091421
v 1.72 -7.385355 -0.014645
v 1.72 -7.523205 0.05
v 1.72 -7.393301 -0.025
v 1.72 -7.543185 0.001764
v 1.72 -7.398296 -0.037059
v 1.72 -7.55 -0.05
v 1.72 -7.4 -0.05
v 1.72 -7.55 -0.55
v 1.72 -7.4 -0.55
v 1.72 -7.553408 -0.575882
v 1.72 -7.408518 -0.614705
v 1.72 -7.563397 -0.6
v 1.72 -7.433494 -0.675
v 1.72 -7.579289 -0.620711
v 1.72 -7.473223 -0.726777
v 1.72 -7.6 -0.636603
v 1.72 -7.525 -0.766506
v 1.72 -7.624118 -0.646593
v 1.72 -7.585295 -0.791481
v 1.72 -7.65 -0.65
v 1.72 -7.65 -0.8
v 1.72 -8.0 -0.65
v 1.72 -8.0 -0.8
v 1.88 -8.0 -0.65
v 1.88 -8.0 -0.8
v 1.88 -7.65 -0.65
v 1.88 -7.65 -0.8
v 1.88 -7.624118 -0.646593
v 1.88 -7.585295 -0.791481
v 1.88 -7.6 -0.636603
v 1.88 -7.525 -0.766506
v 1.88 -7.579289 -0.620711
v 1.88 -7.473223 -0.726777
v 1.88 -7.563397 -0.6
v 1.88 -7.433494 -0.675
v 1.88 -7.553408 -0.575882
v 1.88 -7.408518 -0.614705
v 1.88 -7.55 -0.55
v 1.88 -7.4 -0.55
v 1.88 -7.55 -0.05
v 1.88 -7.4 -0.05
v 1.88 -7.543185 0.001764
v 1.88 -7.398296 -0.037059
v 1.88 -7.523205 0.05
v 1.88 -7.393301 -0.025
v 1.88 -7.491421 0.091421
v 1.88 -7.385355 -0.014645
v 1.88 -7.45 0.123205
v 1.88 -7.375 -0.006699
v 1.88 -7.401764 0.143185
v 1.88 -7.362941 -0.001704
v 2.12 -7.35 0.15
v 2.28 -7.35 0.15
v 2.28 -7.35 0.0
v 2.12 -7.35 0.0
v 2.12 -7.401764 0.143185
v 2.12 -7.362941 -0.001704
v 2.12 -7.45 0.123205
v 2.12 -7.375 -0.006699
v 2.12 -7.491421 0.091421
v 2.12 -7.385355 -0.014645
v 2.12 -7.523205 0.05
v 2.12 -7.393301 -0.025
v 2.12 -7.543185 0.001764
v 2.12 -7.398296 -0.037059
v 2.12 -7.55 -0.05
v 2.12 -7.4 -0.05
v 2.12 -7.55 -0.55
v 2.12 -7.4 -0.55
v 2.12 -7.553408 -0.575882
v 2.12 -7.408518 -0.614705
v 2.12 -7.563397 -0.6
v 2.12 -7.433494 -0.675
v 2.12 -7.579289 -0.620711
v 2.12 -7.473223 -0.726777
v 2.12 -7.6 -0.636603
v 2.12 -7.525 -0.766506
v 2.12 -7.624118 -0.646593
v 2.12 -7.585295 -0.791481
v 2.12 -7.65 -0.65
v 2.12 -7.65 -0.8
v 2.12 -8.0 -0.65
v 2.12 -8.0 -0.8
v 2.28 -8.0 -0.65
v 2.28 -8.0 -0.8
v 2.28 -7.65 -0.65
v 2.28 -7.65 -0.8
v 2.28 -7.624118 -0.646593
v 2.28 -7.585295 -0.791481
v 2.28 -7.6 -0.636603
v 2.28 -7.525 -0.766506
v 2.28 -7.579289 -0.620711
v 2.28 -7.473223 -0.726777
v 2.28 -7.563397 -0.6
v 2.28 -7.433494 -0.675
v 2.28 -7.553408 -0.575882
v 2.28 -7.408518 -0.614705
v 2.28 -7.55 -0.55
v 2.28 -7.4 -0.55
v 2.28 -7.55 -0.05
v 2.28 -7.4 -0.05
v 2.28 -7.543185 0.001764
v 2.28 -7.398296 -0.037059
v 2.28 -7.523205 0.05
v 2.28 -7.393301 -0.025
v 2.28 -7.491421 0.091421
v 2.28 -7.385355 -0.014645
v 2.28 -7.45 0.123205
v 2.28 -7.375 -0.006699
v 2.28 -7.401764 0.143185
v 2.28 -7.362941 -0.001704
v 2.52 -7.35 0.15
v 2.68 -7.35 0.15
v 2.68 -7.35 0.0
v 2.52 -7.35 0.0
v 2.52 -7.401764 0.143185
v 2.52 -7.362941 -0.001704
v 2.52 -7.45 0.123205
v 2.52 -7.375 -0.006699
v 2.52 -7.491421 0.091421
v 2.52 -7.385355 -0.014645
v 2.52 -7.523205 0.05
v 2.52 -7.393301 -0.025
v 2.52 -7.543185 0.001764
v 2.52 -7.398296 -0.037059
v 2.52 -7.55 -0.05
v 2.52 -7.4 -0.05
v 2.52 -7.55 -0.55
v 2.52 -7.4 -0.55
v 2.52 -7.553408 -0.575882
v 2.52 -7.408518 -0.614705
v 2.52 -7.563397 -0.6
v 2.52 -7.433494 -0.675
v 2.52 -7.579289 -0.620711
v 2.52 -7.473223 -0.726777
v 2.52 -7.6 -0.636603
v 2.52 -7.525 -0.766506
v 2.52 -7.624118 -0.646593
v 2.52 -7.585295 -0.791481
v 2.52 -7.65 -0.65
v 2.52 -7.65 -0.8
v 2.52 -8.0 -0.65
v 2.52 -8.0 -0.8
v 2.68 -8.0 -0.65
v 2.68 -8.0 -0.8
v 2.68 -7.65 -0.65
v 2.68 -7.65 -0.8
v 2.68 -7.624118 -0.646593
v 2.68 -7.585295 -0.791481
v 2.68 -7.6 -0.636603
v 2.68 -7.525 -0.766506
v 2.68 -7.579289 -0.620711
v 2.68 -7.473223 -0.726777
v 2.68 -7.563397 -0.6
v 2.68 -7.433494 -0.675
v 2.68 -7.553408 -0.575882
v 2.68 -7.408518 -0.614705
v 2.68 -7.55 -0.55
v 2.68 -7.4 -0.55
v 2.68 -7.55 -0.05
v 2.68 -7.4 -0.05
v 2.68 -7.543185 0.001764
v 2.68 -7.398296 -0.037059
v 2.68 -7.523205 0.05
v 2.68 -7.393301 -0.025
v 2.68 -7.491421 0.091421
v 2.68 -7.385355 -0.014645
v 2.68 -7.45 0.123205
v 2.68 -7.375 -0.006699
v 2.68 -7.401764 0.143185
v 2.68 -7.362941 -0.001704
v 2.92 -7.35 0.15
v 3.08 -7.35 0.15
v 3.08 -7.35 0.0
v 2.92 -7.35 0.0
v 2.92 -7.401764 0.143185
v 2.92 -7.362941 -0.001704
v 2.92 -7.45 0.123205
v 2.92 -7.375 -0.006699
v 2.92 -7.491421 0.091421
v 2.92 -7.385355 -0.014645
v 2.92 -7.523205 0.05
v 2.92 -7.393301 -0.025
v 2.92 -7.543185 0.001764
v 2.92 -7.398296 -0.037059
v 2.92 -7.55 -0.05
v 2.92 -7.4 -0.05
v 2.92 -7.55 -0.55
v 2.92 -7.4 -0.55
v 2.92 -7.553408 -0.575882
v 2.92 -7.408518 -0.614705
v 2.92 -7.563397 -0.6
v 2.92 -7.433494 -0.675
v 2.92 -7.579289 -0.620711
v 2.92 -7.473223 -0.726777
v 2.92 -7.6 -0.636603
v 2.92 -7.525 -0.766506
v 2.92 -7.624118 -0.646593
v 2.92 -7.585295 -0.791481
v 2.92 -7.65 -0.65
v 2.92 -7.65 -0.8
v 2.92 -8.0 -0.65
v 2.92 -8.0 -0.8
v 3.08 -8.0 -0.65
v 3.08 -8.0 -0.8
v 3.08 -7.65 -0.65
v 3.08 -7.65 -0.8
v 3.08 -7.624118 -0.646593
v 3.08 -7.585295 -0.791481
v 3.08 -7.6 -0.636603
v 3.08 -7.525 -0.766506
v 3.08 -7.579289 -0.620711
v 3.08 -7.473223 -0.726777
v 3.08 -7.563397 -0.6
v 3.08 -7.433494 -0.675
v 3.08 -7.553408 -0.575882
v 3.08 -7.408518 -0.614705
v 3.08 -7.55 -0.55
v 3.08 -7.4 -0.55
v 3.08 -7.55 -0.05
v 3.08 -7.4 -0.05
v 3.08 -7.543185 0.001764
v 3.08 -7.398296 -0.037059
v 3.08 -7.523205 0.05
v 3.08 -7.393301 -0.025
v 3.08 -7.491421 0.091421
v 3.08 -7.385355 -0.014645
v 3.08 -7.45 0.123205
v 3.08 -7.375 -0.006699
v 3.08 -7.401764 0.143185
v 3.08 -7.362941 -0.001704
v 3.32 -7.35 0.15
v 3.48 -7.35 0.15
v 3.48 -7.35 0.0
v 3.32 -7.35 0.0
v 3.32 -7.401764 0.143185
v 3.32 -7.362941 -0.001704
v 3.32 -7.45 0.123205
v 3.32 -7.375 -0.006699
v 3.32 -7.491421 0.091421
v 3.32 -7.385355 -0.014645
v 3.32 -7.523205 0.05
v 3.32 -7.393301 -0.025
v 3.32 -7.543185 0.001764
v 3.32 -7.398296 -0.037059
v 3.32 -7.55 -0.05
v 3.32 -7.4 -0.05
v 3.32 -7.55 -0.55
v 3.32 -7.4 -0.55
v 3.32 -7.553408 -0.575882
v 3.32 -7.408518 -0.614705
v 3.32 -7.563397 -0.6
v 3.32 -7.433494 -0.675
v 3.32 -7.579289 -0.620711
v 3.32 -7.473223 -0.726777
v 3.32 -7.6 -0.636603
v 3.32 -7.525 -0.766506
v 3.32 -7.624118 -0.646593
v 3.32 -7.585295 -0.791481
v 3.32 -7.65 -0.65
v 3.32 -7.65 -0.8
v 3.32 -8.0 -0.65
v 3.32 -8.0 -0.8
v 3.48 -8.0 -0.65
v 3.48 -8.0 -0.8
v 3.48 -7.65 -0.65
v 3.48 -7.65 -0.8
v 3.48 -7.624118 -0.646593
v 3.48 -7.585295 -0.791481
v 3.48 -7.6 -0.636603
v 3.48 -7.525 -0.766506
v 3.48 -7.579289 -0.620711
v 3.48 -7.473223 -0.726777
v 3.48 -7.563397 -0.6
v 3.48 -7.433494 -0.675
v 3.48 -7.553408 -0.575882
v 3.48 -7.408518 -0.614705
v 3.48 -7.55 -0.55
v 3.48 -7.4 -0.55
v 3.48 -7.55 -0.05
v 3.48 -7.4 -0.05
v 3.48 -7.543185 0.001764
v 3.48 -7.398296 -0.037059
v 3.48 -7.523205 0.05
v 3.48 -7.393301 -0.025
v 3.48 -7.491421 0.091421
v 3.48 -7.385355 -0.014645
v 3.48 -7.45 0.123205
v 3.48 -7.375 -0.006699
v 3.48 -7.401764 0.143185
v 3.48 -7.362941 -0.001704
v 3.72 -7.35 0.15
v 3.88 -7.35 0.15
v 3.88 -7.35 0.0
v 3.72 -7.35 0.0
v 3.72 -7.401764 0.143185
v 3.72 -7.362941 -0.001704
v 3.72 -7.45 0.123205
v 3.72 -7.375 -0.006699
v 3.72 -7.491421 0.091421
v 3.72 -7.385355 -0.014645
v 3.72 -7.523205 0.05
v 3.72 -7.393301 -0.025
v 3.72 -7.543185 0.001764
v 3.72 -7.398296 -0.037059
v 3.72 -7.55 -0.05
v 3.72 -7.4 -0.05
v 3.72 -7.55 -0.55
v 3.72 -7.4 -0.55
v 3.72 -7.553408 -0.575882
v 3.72 -7.408518 -0.614705
v 3.72 -7.563397 -0.6
v 3.72 -7.433494 -0.675
v 3.72 -7.579289 -0.620711
v 3.72 -7.473223 -0.726777
v 3.72 -7.6 -0.636603
v 3.72 -7.525 -0.766506
v 3.72 -7.624118 -0.646593
v 3.72 -7.585295 -0.791481
v 3.72 -7.65 -0.65
v 3.72 -7.65 -0.8
v 3.72 -8.0 -0.65
v 3.72 -8.0 -0.8
v 3.88 -8.0 -0.65
v 3.88 -8.0 -0.8
v 3.88 -7.65 -0.65
v 3.88 -7.65 -0.8
v 3.88 -7.624118 -0.646593
v 3.88 -7.585295 -0.791481
v 3.88 -7.6 -0.636603
v 3.88 -7.525 -0.766506
v 3.88 -7.579289 -0.620711
v 3.88 -7.473223 -0.726777
v 3.88 -7.563397 -0.6
v 3.88 -7.433494 -0.675
v 3.88 -7.553408 -0.575882
v 3.88 -7.408518 -0.614705
v 3.88 -7.55 -0.55
v 3.88 -7.4 -0.55
v 3.88 -7.55 -0.05
v 3.88 -7.4 -0.05
v 3.88 -7.543185 0.001764
v 3.88 -7.398296 -0.037059
v 3.88 -7.523205 0.05
v 3.88 -7.393301 -0.025
v 3.88 -7.491421 0.091421
v 3.88 -7.385355 -0.014645
v 3.88 -7.45 0.123205
v 3.88 -7.375 -0.006699
v 3.88 -7.401764 0.143185
v 3.88 -7.362941 -0.001704
v 4.12 -7.35 0.15
v 4.28 -7.35 0.15
v 4.28 -7.35 0.0
v 4.12 -7.35 0.0
v 4.12 -7.401764 0.143185
v 4.12 -7.362941 -0.001704
v 4.12 -7.45 0.123205
v 4.12 -7.375 -0.006699
v 4.12 -7.491421 0.091421
v 4.12 -7.385355 -0.014645
v 4.12 -7.523205 0.05
v 4.12 -7.393301 -0.025
v 4.12 -7.543185 0.001764
v 4.12 -7.398296 -0.037059
v 4.12 -7.55 -0.05
v 4.12 -7.4 -0.05
v 4.12 -7.55 -0.55
v 4.12 -7.4 -0.55
v 4.12 -7.553408 -0.575882
v 4.12 -7.408518 -0.614705
v 4.12 -7.563397 -0.6
v 4.12 -7.433494 -0.675
v 4.12 -7.579289 -0.620711
v 4.12 -7.473223 -0.726777
v 4.12 -7.6 -0.636603
v 4.12 -7.525 -0.766506
v 4.12 -7.624118 -0.646593
v 4.12 -7.585295 -0.791481
v 4.12 -7.65 -0.65
v 4.12 -7.65 -0.8
v 4.12 -8.0 -0.65
v 4.12 -8.0 -0.8
v 4.28 -8.0 -0.65
v 4.28 -8.0 -0.8
v 4.28 -7.65 -0.65
v 4.28 -7.65 -0.8
v 4.28 -7.624118 -0.646593
v 4.28 -7.585295 -0.791481
v 4.28 -7.6 -0.636603
v 4.28 -7.525 -0.766506
v 4.28 -7.579289 -0.620711
v 4.28 -7.473223 -0.726777
v 4.28 -7.563397 -0.6
v 4.28 -7.433494 -0.675
v 4.28 -7.553408 -0.575882
v 4.28 -7.408518 -0.614705
v 4.28 -7.55 -0.55
v 4.28 -7.4 -0.55
v 4.28 -7.55 -0.05
v 4.28 -7.4 -0.05
v 4.28 -7.543185 0.001764
v 4.28 -7.398296 -0.037059
v 4.28 -7.523205 0.05
v 4.28 -7.393301 -0.025
v 4.28 -7.491421 0.091421
v 4.28 -7.385355 -0.014645
v 4.28 -7.45 0.123205
v 4.28 -7.375 -0.006699
v 4.28 -7.401764 0.143185
v 4.28 -7.362941 -0.001704
v 4.52 -7.35 0.15
v 4.68 -7.35 0.15
v 4.68 -7.35 0.0
v 4.52 -7.35 0.0
v 4.52 -7.401764 0.143185
v 4.52 -7.362941 -0.001704
v 4.52 -7.45 0.123205
v 4.52 -7.375 -0.006699
v 4.52 -7.491421 0.091421
v 4.52 -7.385355 -0.014645
v 4.52 -7.523205 0.05
v 4.52 -7.393301 -0.025
v 4.52 -7.543185 0.001764
v 4.52 -7.398296 -0.037059
v 4.52 -7.55 -0.05
v 4.52 -7.4 -0.05
v 4.52 -7.55 -0.55
v 4.52 -7.4 -0.55
v 4.52 -7.553408 -0.575882
v 4.52 -7.408518 -0.614705
v 4.52 -7.563397 -0.6
v 4.52 -7.433494 -0.675
v 4.52 -7.579289 -0.620711
v 4.52 -7.473223 -0.726777
v 4.52 -7.6 -0.636603
v 4.52 -7.525 -0.766506
v 4.52 -7.624118 -0.646593
v 4.52 -7.585295 -0.791481
v 4.52 -7.65 -0.65
v 4.52 -7.65 -0.8
v 4.52 -8.0 -0.65
v 4.52 -8.0 -0.8
v 4.68 -8.0 -0.65
v 4.68 -8.0 -0.8
v 4.68 -7.65 -0.65
v 4.68 -7.65 -0.8
v 4.68 -7.624118 -0.646593
v 4.68 -7.585295 -0.791481
v 4.68 -7.6 -0.636603
v 4.68 -7.525 -0.766506
v 4.68 -7.579289 -0.620711
v 4.68 -7.473223 -0.726777
v 4.68 -7.563397 -0.6
v 4.68 -7.433494 -0.675
v 4.68 -7.553408 -0.575882
v 4.68 -7.408518 -0.614705
v 4.68 -7.55 -0.55
v 4.68 -7.4 -0.55
v 4.68 -7.55 -0.05
v 4.68 -7.4 -0.05
v 4.68 -7.543185 0.001764
v 4.68 -7.398296 -0.037059
v 4.68 -7.523205 0.05
v 4.68 -7.393301 -0.025
v 4.68 -7.491421 0.091421
v 4.68 -7.385355 -0.014645
v 4.68 -7.45 0.123205
v 4.68 -7.375 -0.006699
v 4.68 -7.401764 0.143185
v 4.68 -7.362941 -0.001704
v 4.92 -7.35 0.15
v 5.08 -7.35 0.15
v 5.08 -7.35 0.0
v 4.92 -7.35 0.0
v 4.92 -7.401764 0.143185
v 4.92 -7.362941 -0.001704
v 4.92 -7.45 0.123205
v 4.92 -7.375 -0.006699
v 4.92 -7.491421 0.091421
v 4.92 -7.385355 -0.014645
v 4.92 -7.523205 0.05
v 4.92 -7.393301 -0.025
v 4.92 -7.543185 0.001764
v 4.92 -7.398296 -0.037059
v 4.92 -7.55 -0.05
v 4.92 -7.4 -0.05
v 4.92 -7.55 -0.55
v 4.92 -7.4 -0.55
v 4.92 -7.553408 -0.575882
v 4.92 -7.408518 -0.614705
v 4.92 -7.563397 -0.6
v 4.92 -7.433494 -0.675
v 4.92 -7.579289 -0.620711
v 4.92 -7.473223 -0.726777
v 4.92 -7.6 -0.636603
v 4.92 -7.525 -0.766506
v 4.92 -7.624118 -0.646593
v 4.92 -7.585295 -0.791481
v 4.92 -7.65 -0.65
v 4.92 -7.65 -0.8
v 4.92 -8.0 -0.65
v 4.92 -8.0 -0.8
v 5.08 -8.0 -0.65
v 5.08 -8.0 -0.8
v 5.08 -7.65 -0.65
v 5.08 -7.65 -0.8
v 5.08 -7.624118 -0.646593
v 5.08 -7.585295 -0.791481
v 5.08 -7.6 -0.636603
v 5.08 -7.525 -0.766506
v 5.08 -7.579289 -0.620711
v 5.08 -7.473223 -0.726777
v 5.08 -7.563397 -0.6
v 5.08 -7.433494 -0.675
v 5.08 -7.553408 -0.575882
v 5.08 -7.408518 -0.614705
v 5.08 -7.55 -0.55
v 5.08 -7.4 -0.55
v 5.08 -7.55 -0.05
v 5.08 -7.4 -0.05
v 5.08 -7.543185 0.001764
v 5.08 -7.398296 -0.037059
v 5.08 -7.523205 0.05
v 5.08 -7.393301 -0.025
v 5.08 -7.491421 0.091421
v 5.08 -7.385355 -0.014645
v 5.08 -7.45 0.123205
v 5.08 -7.375 -0.006699
v 5.08 -7.401764 0.143185
v 5.08 -7.362941 -0.001704
v 5.32 -7.35 0.15
v 5.48 -7.35 0.15
v 5.48 -7.35 0.0
v 5.32 -7.35 0.0
v 5.32 -7.401764 0.143185
v 5.32 -7.362941 -0.001704
v 5.32 -7.45 0.123205
v 5.32 -7.375 -0.006699
v 5.32 -7.491421 0.091421
v 5.32 -7.385355 -0.014645
v 5.32 -7.523205 0.05
v 5.32 -7.393301 -0.025
v 5.32 -7.543185 0.001764
v 5.32 -7.398296 -0.037059
v 5.32 -7.55 -0.05
v 5.32 -7.4 -0.05
v 5.32 -7.55 -0.55
v 5.32 -7.4 -0.55
v 5.32 -7.553408 -0.575882
v 5.32 -7.408518 -0.614705
v 5.32 -7.563397 -0.6
v 5.32 -7.433494 -0.675
v 5.32 -7.579289 -0.620711
v 5.32 -7.473223 -0.726777
v 5.32 -7.6 -0.636603
v 5.32 -7.525 -0.766506
v 5.32 -7.624118 -0.646593
v 5.32 -7.585295 -0.791481
v 5.32 -7.65 -0.65
v 5.32 -7.65 -0.8
v 5.32 -8.0 -0.65
v 5.32 -8.0 -0.8
v 5.48 -8.0 -0.65
v 5.48 -8.0 -0.8
v 5.48 -7.65 -0.65
v 5.48 -7.65 -0.8
v 5.48 -7.624118 -0.646593
v 5.48 -7.585295 -0.791481
v 5.48 -7.6 -0.636603
v 5.48 -7.525 -0.766506
v 5.48 -7.579289 -0.620711
v 5.48 -7.473223 -0.726777
v 5.48 -7.563397 -0.6
v 5.48 -7.433494 -0.675
v 5.48 -7.553408 -0.575882
v 5.48 -7.408518 -0.614705
v 5.48 -7.55 -0.55
v 5.48 -7.4 -0.55
v 5.48 -7.55 -0.05
v 5.48 -7.4 -0.05
v 5.48 -7.543185 0.001764
v 5.48 -7.398296 -0.037059
v 5.48 -7.523205 0.05
v 5.48 -7.393301 -0.025
v 5.48 -7.491421 0.091421
v 5.48 -7.385355 -0.014645
v 5.48 -7.45 0.123205
v 5.48 -7.375 -0.006699
v 5.48 -7.401764 0.143185
v 5.48 -7.362941 -0.001704
v 5.72 -7.35 0.15
v 5.88 -7.35 0.15
v 5.88 -7.35 0.0
v 5.72 -7.35 0.0
v 5.72 -7.401764 0.143185
v 5.72 -7.362941 -0.001704
v 5.72 -7.45 0.123205
v 5.72 -7.375 -0.006699
v 5.72 -7.491421 0.091421
v 5.72 -7.385355 -0.014645
v 5.72 -7.523205 0.05
v 5.72 -7.393301 -0.025
v 5.72 -7.543185 0.001764
v 5.72 -7.398296 -0.037059
v 5.72 -7.55 -0.05
v 5.72 -7.4 -0.05
v 5.72 -7.55 -0.55
v 5.72 -7.4 -0.55
v 5.72 -7.553408 -0.575882
v 5.72 -7.408518 -0.614705
v 5.72 -7.563397 -0.6
v 5.72 -7.433494 -0.675
v 5.72 -7.579289 -0.620711
v 5.72 -7.473223 -0.726777
v 5.72 -7.6 -0.636603
v 5.72 -7.525 -0.766506
v 5.72 -7.624118 -0.646593
v 5.72 -7.585295 -0.791481
v 5.72 -7.65 -0.65
v 5.72 -7.65 -0.8
v 5.72 -8.0 -0.65
v 5.72 -8.0 -0.8
v 5.88 -8.0 -0.65
v 5.88 -8.0 -0.8
v 5.88 -7.65 -0.65
v 5.88 -7.65 -0.8
v 5.88 -7.624118 -0.646593
v 5.88 -7.585295 -0.791481
v 5.88 -7.6 -0.636603
v 5.88 -7.525 -0.766506
v 5.88 -7.579289 -0.620711
v 5.88 -7.473223 -0.726777
v 5.88 -7.563397 -0.6
v 5.88 -7.433494 -0.675
v 5.88 -7.553408 -0.575882
v 5.88 -7.408518 -0.614705
v 5.88 -7.55 -0.55
v 5.88 -7.4 -0.55
v 5.88 -7.55 -0.05
v 5.88 -7.4 -0.05
v 5.88 -7.543185 0.001764
v 5.88 -7.398296 -0.037059
v 5.88 -7.523205 0.05
v 5.88 -7.393301 -0.025
v 5.88 -7.491421 0.091421
v 5.88 -7.385355 -0.014645
v 5.88 -7.45 0.123205
v 5.88 -7.375 -0.006699
v 5.88 -7.401764 0.143185
v 5.88 -7.362941 -0.001704
v 6.12 -7.35 0.15
v 6.28 -7.35 0.15
v 6.28 -7.35 0.0
v 6.12 -7.35 0.0
v 6.12 -7.401764 0.143185
v 6.12 -7.362941 -0.001704
v 6.12 -7.45 0.123205
v 6.12 -7.375 -0.006699
v 6.12 -7.491421 0.091421
v 6.12 -7.385355 -0.014645
v 6.12 -7.523205 0.05
v 6.12 -7.393301 -0.025
v 6.12 -7.543185 0.001764
v 6.12 -7.398296 -0.037059
v 6.12 -7.55 -0.05
v 6.12 -7.4 -0.05
v 6.12 -7.55 -0.55
v 6.12 -7.4 -0.55
v 6.12 -7.553408 -0.575882
v 6.12 -7.408518 -0.614705
v 6.12 -7.563397 -0.6
v 6.12 -7.433494 -0.675
v 6.12 -7.579289 -0.620711
v 6.12 -7.473223 -0.726777
v 6.12 -7.6 -0.636603
v 6.12 -7.525 -0.766506
v 6.12 -7.624118 -0.646593
v 6.12 -7.585295 -0.791481
v 6.12 -7.65 -0.65
v 6.12 -7.65 -0.8
v 6.12 -8.0 -0.65
v 6.12 -8.0 -0.8
v 6.28 -8.0 -0.65
v 6.28 -8.0 -0.8
v 6.28 -7.65 -0.65
v 6.28 -7.65 -0.8
v 6.28 -7.624118 -0.646593
v 6.28 -7.585295 -0.791481
v 6.28 -7.6 -0.636603
v 6.28 -7.525 -0.766506
v 6.28 -7.579289 -0.620711
v 6.28 -7.473223 -0.726777
v 6.28 -7.563397 -0.6
v 6.28 -7.433494 -0.675
v 6.28 -7.553408 -0.575882
v 6.28 -7.408518 -0.614705
v 6.28 -7.55 -0.55
v 6.28 -7.4 -0.55
v 6.28 -7.55 -0.05
v 6.28 -7.4 -0.05
v 6.28 -7.543185 0.001764
v 6.28 -7.398296 -0.037059
v 6.28 -7.523205 0.05
v 6.28 -7.393301 -0.025
v 6.28 -7.491421 0.091421
v 6.28 -7.385355 -0.014645
v 6.28 -7.45 0.123205
v 6.28 -7.375 -0.006699
v 6.28 -7.401764 0.143185
v 6.28 -7.362941 -0.001704
v 7.35 -6.28 0.15
v 7.35 -6.12 0.15
v 7.35 -6.12 0.0
v 7.35 -6.28 0.0
v 7.401764 -6.28 0.143185
v 7.362941 -6.28 -0.001704
v 7.45 -6.28 0.123205
v 7.375 -6.28 -0.006699
v 7.491421 -6.28 0.091421
v 7.385355 -6.28 -0.014645
v 7.523205 -6.28 0.05
v 7.393301 -6.28 -0.025
v 7.543185 -6.28 0.001764
v 7.398296 -6.28 -0.037059
v 7.55 -6.28 -0.05
v 7.4 -6.28 -0.05
v 7.55 -6.28 -0.55
v 7.4 -6.28 -0.55
v 7.553408 -6.28 -0.575882
v 7.408518 -6.28 -0.614705
v 7.563397 -6.28 -0.6
v 7.433494 -6.28 -0.675
v 7.579289 -6.28 -0.620711
v 7.473223 -6.28 -0.726777
v 7.6 -6.28 -0.636603
v 7.525 -6.28 -0.766506
v 7.624118 -6.28 -0.646593
v 7.585295 -6.28 -0.791481
v 7.65 -6.28 -0.65
v 7.65 -6.28 -0.8
v 8.0 -6.28 -0.65
v 8.0 -6.28 -0.8
v 7.362941 -6.12 -0.001704
v 7.401764 -6.12 0.143185
v 7.375 -6.12 -0.006699
v 7.45 -6.12 0.123205
v 7.385355 -6.12 -0.014645
v 7.491421 -6.12 0.091421
v 7.393301 -6.12 -0.025
v 7.523205 -6.12 0.05
v 7.398296 -6.12 -0.037059
v 7.543185 -6.12 0.001764
v 7.4 -6.12 -0.05
v 7.55 -6.12 -0.05
v 7.4 -6.12 -0.55
v 7.55 -6.12 -0.55
v 7.408518 -6.12 -0.614705
v 7.553408 -6.12 -0.575882
v 7.433494 -6.12 -0.675
v 7.563397 -6.12 -0.6
v 7.473223 -6.12 -0.726777
v 7.579289 -6.12 -0.620711
v 7.525 -6.12 -0.766506
v 7.6 -6.12 -0.636603
v 7.585295 -6.12 -0.791481
v 7.624118 -6.12 -0.646593
v 7.65 -6.12 -0.8
v 7.65 -6.12 -0.65
v 8.0 -6.12 -0.8
v 8.0 -6.12 -0.65
v 7.35 -5.88 0.15
v 7.35 -5.72 0.15
v 7.35 -5.72 0.0
v 7.35 -5.88 0.0
v 7.401764 -5.88 0.143185
v 7.362941 -5.88 -0.001704
v 7.45 -5.88 0.123205
v 7.375 -5.88 -0.006699
v 7.491421 -5.88 0.091421
v 7.385355 -5.88 -0.014645
v 7.523205 -5.88 0.05
v 7.393301 -5.88 -0.025
v 7.543185 -5.88 0.001764
v 7.398296 -5.88 -0.037059
v 7.55 -5.88 -0.05
v 7.4 -5.88 -0.05
v 7.55 -5.88 -0.55
v 7.4 -5.88 -0.55
v 7.553408 -5.88 -0.575882
v 7.408518 -5.88 -0.614705
v 7.563397 -5.88 -0.6
v 7.433494 -5.88 -0.675
v 7.579289 -5.88 -0.620711
v 7.473223 -5.88 -0.726777
v 7.6 -5.88 -0.636603
v 7.525 -5.88 -0.766506
v 7.624118 -5.88 -0.646593
v 7.585295 -5.88 -0.791481
v 7.65 -5.88 -0.65
v 7.65 -5.88 -0.8
v 8.0 -5.88 -0.65
v 8.0 -5.88 -0.8
v 7.362941 -5.72 -0.001704
v 7.401764 -5.72 0.143185
v 7.375 -5.72 -0.006699
v 7.45 -5.72 0.123205
v 7.385355 -5.72 -0.014645
v 7.491421 -5.72 0.091421
v 7.393301 -5.72 -0.025
v 7.523205 -5.72 0.05
v 7.398296 -5.72 -0.037059
v 7.543185 -5.72 0.001764
v 7.4 -5.72 -0.05
v 7.55 -5.72 -0.05
v 7.4 -5.72 -0.55
v 7.55 -5.72 -0.55
v 7.408518 -5.72 -0.614705
v 7.553408 -5.72 -0.575882
v 7.433494 -5.72 -0.675
v 7.563397 -5.72 -0.6
v 7.473223 -5.72 -0.726777
v 7.579289 -5.72 -0.620711
v 7.525 -5.72 -0.766506
v 7.6 -5.72 -0.636603
v 7.585295 -5.72 -0.791481
v 7.624118 -5.72 -0.646593
v 7.65 -5.72 -0.8
v 7.65 -5.72 -0.65
v 8.0 -5.72 -0.8
v 8.0 -5.72 -0.65
v 7.35 -5.48 0.15
v 7.35 -5.32 0.15
v 7.35 -5.32 0.0
v 7.35 -5.48 0.0
v 7.401764 -5.48 0.143185
v 7.362941 -5.48 -0.001704
v 7.45 -5.48 0.123205
v 7.375 -5.48 -0.006699
v 7.491421 -5.48 0.091421
v 7.385355 -5.48 -0.014645
v 7.523205 -5.48 0.05
v 7.393301 -5.48 -0.025
v 7.543185 -5.48 0.001764
v 7.398296 -5.48 -0.037059
v 7.55 -5.48 -0.05
v 7.4 -5.48 -0.05
v 7.55 -5.48 -0.55
v 7.4 -5.48 -0.55
v 7.553408 -5.48 -0.575882
v 7.408518 -5.48 -0.614705
v 7.563397 -5.48 -0.6
v 7.433494 -5.48 -0.675
v 7.579289 -5.48 -0.620711
v 7.473223 -5.48 -0.726777
v 7.6 -5.48 -0.636603
v 7.525 -5.48 -0.766506
v 7.624118 -5.48 -0.646593
v 7.585295 -5.48 -0.791481
v 7.65 -5.48 -0.65
v 7.65 -5.48 -0.8
v 8.0 -5.48 -0.65
v 8.0 -5.48 -0.8
v 7.362941 -5.32 -0.001704
v 7.401764 -5.32 0.143185
v 7.375 -5.32 -0.006699
v 7.45 -5.32 0.123205
v 7.385355 -5.32 -0.014645
v 7.491421 -5.32 0.091421
v 7.393301 -5.32 -0.025
v 7.523205 -5.32 0.05
v 7.398296 -5.32 -0.037059
v 7.543185 -5.32 0.001764
v 7.4 -5.32 -0.05
v 7.55 -5.32 -0.05
v 7.4 -5.32 -0.55
v 7.55 -5.32 -0.55
v 7.408518 -5.32 -0.614705
v 7.553408 -5.32 -0.575882
v 7.433494 -5.32 -0.675
v 7.563397 -5.32 -0.6
v 7.473223 -5.32 -0.726777
v 7.579289 -5.32 -0.620711
v 7.525 -5.32 -0.766506
v 7.6 -5.32 -0.636603
v 7.585295 -5.32 -0.791481
v 7.624118 -5.32 -0.646593
v 7.65 -5.32 -0.8
v 7.65 -5.32 -0.65
v 8.0 -5.32 -0.8
v 8.0 -5.32 -0.65
v 7.35 -5.08 0.15
v 7.35 -4.92 0.15
v 7.35 -4.92 0.0
v 7.35 -5.08 0.0
v 7.401764 -5.08 0.143185
v 7.362941 -5.08 -0.001704
v 7.45 -5.08 0.123205
v 7.375 -5.08 -0.006699
v 7.491421 -5.08 0.091421
v 7.385355 -5.08 -0.014645
v 7.523205 -5.08 0.05
v 7.393301 -5.08 -0.025
v 7.543185 -5.08 0.001764
v 7.398296 -5.08 -0.037059
v 7.55 -5.08 -0.05
v 7.4 -5.08 -0.05
v 7.55 -5.08 -0.55
v 7.4 -5.08 -0.55
v 7.553408 -5.08 -0.575882
v 7.408518 -5.08 -0.614705
v 7.563397 -5.08 -0.6
v 7.433494 -5.08 -0.675
v 7.579289 -5.08 -0.620711
v 7.473223 -5.08 -0.726777
v 7.6 -5.08 -0.636603
v 7.525 -5.08 -0.766506
v 7.624118 -5.08 -0.646593
v 7.585295 -5.08 -0.791481
v 7.65 -5.08 -0.65
v 7.65 -5.08 -0.8
v 8.0 -5.08 -0.65
v 8.0 -5.08 -0.8
v 7.362941 -4.92 -0.001704
v 7.401764 -4.92 0.143185
v 7.375 -4.92 -0.006699
v 7.45 -4.92 0.123205
v 7.385355 -4.92 -0.014645
v 7.491421 -4.92 0.091421
v 7.393301 -4.92 -0.025
v 7.523205 -4.92 0.05
v 7.398296 -4.92 -0.037059
v 7.543185 -4.92 0.001764
v 7.4 -4.92 -0.05
v 7.55 -4.92 -0.05
v 7.4 -4.92 -0.55
v 7.55 -4.92 -0.55
v 7.408518 -4.92 -0.614705
v 7.553408 -4.92 -0.575882
v 7.433494 -4.92 -0.675
v 7.563397 -4.92 -0.6
v 7.473223 -4.92 -0.726777
v 7.579289 -4.92 -0.620711
v 7.525 -4.92 -0.766506
v 7.6 -4.92 -0.636603
v 7.585295 -4.92 -0.791481
v 7.624118 -4.92 -0.646593
v 7.65 -4.92 -0.8
v 7.65 -4.92 -0.65
v 8.0 -4.92 -0.8
v 8.0 -4.92 -0.65
v 7.35 -4.68 0.15
v 7.35 -4.52 0.15
v 7.35 -4.52 0.0
v 7.35 -4.68 0.0
v 7.401764 -4.68 0.143185
v 7.362941 -4.68 -0.001704
v 7.45 -4.68 0.123205
v 7.375 -4.68 -0.006699
v 7.491421 -4.68 0.091421
v 7.385355 -4.68 -0.014645
v 7.523205 -4.68 0.05
v 7.393301 -4.68 -0.025
v 7.543185 -4.68 0.001764
v 7.398296 -4.68 -0.037059
v 7.55 -4.68 -0.05
v 7.4 -4.68 -0.05
v 7.55 -4.68 -0.55
v 7.4 -4.68 -0.55
v 7.553408 -4.68 -0.575882
v 7.408518 -4.68 -0.614705
v 7.563397 -4.68 -0.6
v 7.433494 -4.68 -0.675
v 7.579289 -4.68 -0.620711
v 7.473223 -4.68 -0.726777
v 7.6 -4.68 -0.636603
v 7.525 -4.68 -0.766506
v 7.624118 -4.68 -0.646593
v 7.585295 -4.68 -0.791481
v 7.65 -4.68 -0.65
v 7.65 -4.68 -0.8
v 8.0 -4.68 -0.65
v 8.0 -4.68 -0.8
v 7.362941 -4.52 -0.001704
v 7.401764 -4.52 0.143185
v 7.375 -4.52 -0.006699
v 7.45 -4.52 0.123205
v 7.385355 -4.52 -0.014645
v 7.491421 -4.52 0.091421
v 7.393301 -4.52 -0.025
v 7.523205 -4.52 0.05
v 7.398296 -4.52 -0.037059
v 7.543185 -4.52 0.001764
v 7.4 -4.52 -0.05
v 7.55 -4.52 -0.05
v 7.4 -4.52 -0.55
v 7.55 -4.52 -0.55
v 7.408518 -4.52 -0.614705
v 7.553408 -4.52 -0.575882
v 7.433494 -4.52 -0.675
v 7.563397 -4.52 -0.6
v 7.473223 -4.52 -0.726777
v 7.579289 -4.52 -0.620711
v 7.525 -4.52 -0.766506
v 7.6 -4.52 -0.636603
v 7.585295 -4.52 -0.791481
v 7.624118 -4.52 -0.646593
v 7.65 -4.52 -0.8
v 7.65 -4.52 -0.65
v 8.0 -4.52 -0.8
v 8.0 -4.52 -0.65
v 7.35 -4.28 0.15
v 7.35 -4.12 0.15
v 7.35 -4.12 0.0
v 7.35 -4.28 0.0
v 7.401764 -4.28 0.143185
v 7.362941 -4.28 -0.001704
v 7.45 -4.28 0.123205
v 7.375 -4.28 -0.006699
v 7.491421 -4.28 0.091421
v 7.385355 -4.28 -0.014645
v 7.523205 -4.28 0.05
v 7.393301 -4.28 -0.025
v 7.543185 -4.28 0.001764
v 7.398296 -4.28 -0.037059
v 7.55 -4.28 -0.05
v 7.4 -4.28 -0.05
v 7.55 -4.28 -0.55
v 7.4 -4.28 -0.55
v 7.553408 -4.28 -0.575882
v 7.408518 -4.28 -0.614705
v 7.563397 -4.28 -0.6
v 7.433494 -4.28 -0.675
v 7.579289 -4.28 -0.620711
v 7.473223 -4.28 -0.726777
v 7.6 -4.28 -0.636603
v 7.525 -4.28 -0.766506
v 7.624118 -4.28 -0.646593
v 7.585295 -4.28 -0.791481
v 7.65 -4.28 -0.65
v 7.65 -4.28 -0.8
v 8.0 -4.28 -0.65
v 8.0 -4.28 -0.8
v 7.362941 -4.12 -0.001704
v 7.401764 -4.12 0.143185
v 7.375 -4.12 -0.006699
v 7.45 -4.12 0.123205
v 7.385355 -4.12 -0.014645
v 7.491421 -4.12 0.091421
v 7.393301 -4.12 -0.025
v 7.523205 -4.12 0.05
v 7.398296 -4.12 -0.037059
v 7.543185 -4.12 0.001764
v 7.4 -4.12 -0.05
v 7.55 -4.12 -0.05
v 7.4 -4.12 -0.55
v 7.55 -4.12 -0.55
v 7.408518 -4.12 -0.614705
v 7.553408 -4.12 -0.575882
v 7.433494 -4.12 -0.675
v 7.563397 -4.12 -0.6
v 7.473223 -4.12 -0.726777
v 7.579289 -4.12 -0.620711
v 7.525 -4.12 -0.766506
v 7.6 -4.12 -0.636603
v 7.585295 -4.12 -0.791481
v 7.624118 -4.12 -0.646593
v 7.65 -4.12 -0.8
v 7.65 -4.12 -0.65
v 8.0 -4.12 -0.8
v 8.0 -4.12 -0.65
v 7.35 -3.88 0.15
v 7.35 -3.72 0.15
v 7.35 -3.72 0.0
v 7.35 -3.88 0.0
v 7.401764 -3.88 0.143185
v 7.362941 -3.88 -0.001704
v 7.45 -3.88 0.123205
v 7.375 -3.88 -0.006699
v 7.491421 -3.88 0.091421
v 7.385355 -3.88 -0.014645
v 7.523205 -3.88 0.05
v 7.393301 -3.88 -0.025
v 7.543185 -3.88 0.001764
v 7.398296 -3.88 -0.037059
v 7.55 -3.88 -0.05
v 7.4 -3.88 -0.05
v 7.55 -3.88 -0.55
v 7.4 -3.88 -0.55
v 7.553408 -3.88 -0.575882
v 7.408518 -3.88 -0.614705
v 7.563397 -3.88 -0.6
v 7.433494 -3.88 -0.675
v 7.579289 -3.88 -0.620711
v 7.473223 -3.88 -0.726777
v 7.6 -3.88 -0.636603
v 7.525 -3.88 -0.766506
v 7.624118 -3.88 -0.646593
v 7.585295 -3.88 -0.791481
v 7.65 -3.88 -0.65
v 7.65 -3.88 -0.8
v 8.0 -3.88 -0.65
v 8.0 -3.88 -0.8
v 7.362941 -3.72 -0.001704
v 7.401764 -3.72 0.143185
v 7.375 -3.72 -0.006699
v 7.45 -3.72 0.123205
v 7.385355 -3.72 -0.014645
v 7.491421 -3.72 0.091421
v 7.393301 -3.72 -0.025
v 7.523205 -3.72 0.05
v 7.398296 -3.72 -0.037059
v 7.543185 -3.72 0.001764
v 7.4 -3.72 -0.05
v 7.55 -3.72 -0.05
v 7.4 -3.72 -0.55
v 7.55 -3.72 -0.55
v 7.408518 -3.72 -0.614705
v 7.553408 -3.72 -0.575882
v 7.433494 -3.72 -0.675
v 7.563397 -3.72 -0.6
v 7.473223 -3.72 -0.726777
v 7.579289 -3.72 -0.620711
v 7.525 -3.72 -0.766506
v 7.6 -3.72 -0.636603
v 7.585295 -3.72 -0.791481
v 7.624118 -3.72 -0.646593
v 7.65 -3.72 -0.8
v 7.65 -3.72 -0.65
v 8.0 -3.72 -0.8
v 8.0 -3.72 -0.65
v 7.35 -3.48 0.15
v 7.35 -3.32 0.15
v 7.35 -3.32 0.0
v 7.35 -3.48 0.0
v 7.401764 -3.48 0.143185
v 7.362941 -3.48 -0.001704
v 7.45 -3.48 0.123205
v 7.375 -3.48 -0.006699
v 7.491421 -3.48 0.091421
v 7.385355 -3.48 -0.014645
v 7.523205 -3.48 0.05
v 7.393301 -3.48 -0.025
v 7.543185 -3.48 0.001764
v 7.398296 -3.48 -0.037059
v 7.55 -3.48 -0.05
v 7.4 -3.48 -0.05
v 7.55 -3.48 -0.55
v 7.4 -3.48 -0.55
v 7.553408 -3.48 -0.575882
v 7.408518 -3.48 -0.614705
v 7.563397 -3.48 -0.6
v 7.433494 -3.48 -0.675
v 7.579289 -3.48 -0.620711
v 7.473223 -3.48 -0.726777
v 7.6 -3.48 -0.636603
v 7.525 -3.48 -0.766506
v 7.624118 -3.48 -0.646593
v 7.585295 -3.48 -0.791481
v 7.65 -3.48 -0.65
v 7.65 -3.48 -0.8
v 8.0 -3.48 -0.65
v 8.0 -3.48 -0.8
v 7.362941 -3.32 -0.001704
v 7.401764 -3.32 0.143185
v 7.375 -3.32 -0.006699
v 7.45 -3.32 0.123205
v 7.385355 -3.32 -0.014645
v 7.491421 -3.32 0.091421
v 7.393301 -3.32 -0.025
v 7.523205 -3.32 0.05
v 7.398296 -3.32 -0.037059
v 7.543185 -3.32 0.001764
v 7.4 -3.32 -0.05
v 7.55 -3.32 -0.05
v 7.4 -3.32 -0.55
v 7.55 -3.32 -0.55
v 7.408518 -3.32 -0.614705
v 7.553408 -3.32 -0.575882
v 7.433494 -3.32 -0.675
v 7.563397 -3.32 -0.6
v 7.473223 -3.32 -0.726777
v 7.579289 -3.32 -0.620711
v 7.525 -3.32 -0.766506
v 7.6 -3.32 -0.636603
v 7.585295 -3.32 -0.791481
v 7.624118 -3.32 -0.646593
v 7.65 -3.32 -0.8
v 7.65 -3.32 -0.65
v 8.0 -3.32 -0.8
v 8.0 -3.32 -0.65
v 7.35 -3.08 0.15
v 7.35 -2.92 0.15
v 7.35 -2.92 0.0
v 7.35 -3.08 0.0
v 7.401764 -3.08 0.143185
v 7.362941 -3.08 -0.001704
v 7.45 -3.08 0.123205
v 7.375 -3.08 -0.006699
v 7.491421 -3.08 0.091421
v 7.385355 -3.08 -0.014645
v 7.523205 -3.08 0.05
v 7.393301 -3.08 -0.025
v 7.543185 -3.08 0.001764
v 7.398296 -3.08 -0.037059
v 7.55 -3.08 -0.05
v 7.4 -3.08 -0.05
v 7.55 -3.08 -0.55
v 7.4 -3.08 -0.55
v 7.553408 -3.08 -0.575882
v 7.408518 -3.08 -0.614705
v 7.563397 -3.08 -0.6
v 7.433494 -3.08 -0.675
v 7.579289 -3.08 -0.620711
v 7.473223 -3.08 -0.726777
v 7.6 -3.08 -0.636603
v 7.525 -3.08 -0.766506
v 7.624118 -3.08 -0.646593
v 7.585295 -3.08 -0.791481
v 7.65 -3.08 -0.65
v 7.65 -3.08 -0.8
v 8.0 -3.08 -0.65
v 8.0 -3.08 -0.8
v 7.362941 -2.92 -0.001704
v 7.401764 -2.92 0.143185
v 7.375 -2.92 -0.006699
v 7.45 -2.92 0.123205
v 7.385355 -2.92 -0.014645
v 7.491421 -2.92 0.091421
v 7.393301 -2.92 -0.025
v 7.523205 -2.92 0.05
v 7.398296 -2.92 -0.037059
v 7.543185 -2.92 0.001764
v 7.4 -2.92 -0.05
v 7.55 -2.92 -0.05
v 7.4 -2.92 -0.55
v 7.55 -2.92 -0.55
v 7.408518 -2.92 -0.614705
v 7.553408 -2.92 -0.575882
v 7.433494 -2.92 -0.675
v 7.563397 -2.92 -0.6
v 7.473223 -2.92 -0.726777
v 7.579289 -2.92 -0.620711
v 7.525 -2.92 -0.766506
v 7.6 -2.92 -0.636603
v 7.585295 -2.92 -0.791481
v 7.624118 -2.92 -0.646593
v 7.65 -2.92 -0.8
v 7.65 -2.92 -0.65
v 8.0 -2.92 -0.8
v 8.0 -2.92 -0.65
v 7.35 -2.68 0.15
v 7.35 -2.52 0.15
v 7.35 -2.52 0.0
v 7.35 -2.68 0.0
v 7.401764 -2.68 0.143185
v 7.362941 -2.68 -0.001704
v 7.45 -2.68 0.123205
v 7.375 -2.68 -0.006699
v 7.491421 -2.68 0.091421
v 7.385355 -2.68 -0.014645
v 7.523205 -2.68 0.05
v 7.393301 -2.68 -0.025
v 7.543185 -2.68 0.001764
v 7.398296 -2.68 -0.037059
v 7.55 -2.68 -0.05
v 7.4 -2.68 -0.05
v 7.55 -2.68 -0.55
v 7.4 -2.68 -0.55
v 7.553408 -2.68 -0.575882
v 7.408518 -2.68 -0.614705
v 7.563397 -2.68 -0.6
v 7.433494 -2.68 -0.675
v 7.579289 -2.68 -0.620711
v 7.473223 -2.68 -0.726777
v 7.6 -2.68 -0.636603
v 7.525 -2.68 -0.766506
v 7.624118 -2.68 -0.646593
v 7.585295 -2.68 -0.791481
v 7.65 -2.68 -0.65
v 7.65 -2.68 -0.8
v 8.0 -2.68 -0.65
v 8.0 -2.68 -0.8
v 7.362941 -2.52 -0.001704
v 7.401764 -2.52 0.143185
v 7.375 -2.52 -0.006699
v 7.45 -2.52 0.123205
v 7.385355 -2.52 -0.014645
v 7.491421 -2.52 0.091421
v 7.393301 -2.52 -0.025
v 7.523205 -2.52 0.05
v 7.398296 -2.52 -0.037059
v 7.543185 -2.52 0.001764
v 7.4 -2.52 -0.05
v 7.55 -2.52 -0.05
v 7.4 -2.52 -0.55
v 7.55 -2.52 -0.55
v 7.408518 -2.52 -0.614705
v 7.553408 -2.52 -0.575882
v 7.433494 -2.52 -0.675
v 7.563397 -2.52 -0.6
v 7.473223 -2.52 -0.726777
v 7.579289 -2.52 -0.620711
v 7.525 -2.52 -0.766506
v 7.6 -2.52 -0.636603
v 7.585295 -2.52 -0.791481
v 7.624118 -2.52 -0.646593
v 7.65 -2.52 -0.8
v 7.65 -2.52 -0.65
v 8.0 -2.52 -0.8
v 8.0 -2.52 -0.65
v 7.35 -2.28 0.15
v 7.35 -2.12 0.15
v 7.35 -2.12 0.0
v 7.35 -2.28 0.0
v 7.401764 -2.28 0.143185
v 7.362941 -2.28 -0.001704
v 7.45 -2.28 0.123205
v 7.375 -2.28 -0.006699
v 7.491421 -2.28 0.091421
v 7.385355 -2.28 -0.014645
v 7.523205 -2.28 0.05
v 7.393301 -2.28 -0.025
v 7.543185 -2.28 0.001764
v 7.398296 -2.28 -0.037059
v 7.55 -2.28 -0.05
v 7.4 -2.28 -0.05
v 7.55 -2.28 -0.55
v 7.4 -2.28 -0.55
v 7.553408 -2.28 -0.575882
v 7.408518 -2.28 -0.614705
v 7.563397 -2.28 -0.6
v 7.433494 -2.28 -0.675
v 7.579289 -2.28 -0.620711
v 7.473223 -2.28 -0.726777
v 7.6 -2.28 -0.636603
v 7.525 -2.28 -0.766506
v 7.624118 -2.28 -0.646593
v 7.585295 -2.28 -0.791481
v 7.65 -2.28 -0.65
v 7.65 -2.28 -0.8
v 8.0 -2.28 -0.65
v 8.0 -2.28 -0.8
v 7.362941 -2.12 -0.001704
v 7.401764 -2.12 0.143185
v 7.375 -2.12 -0.006699
v 7.45 -2.12 0.123205
v 7.385355 -2.12 -0.014645
v 7.491421 -2.12 0.091421
v 7.393301 -2.12 -0.025
v 7.523205 -2.12 0.05
v 7.398296 -2.12 -0.037059
v 7.543185 -2.12 0.001764
v 7.4 -2.12 -0.05
v 7.55 -2.12 -0.05
v 7.4 -2.12 -0.55
v 7.55 -2.12 -0.55
v 7.408518 -2.12 -0.614705
v 7.553408 -2.12 -0.575882
v 7.433494 -2.12 -0.675
v 7.563397 -2.12 -0.6
v 7.473223 -2.12 -0.726777
v 7.579289 -2.12 -0.620711
v 7.525 -2.12 -0.766506
v 7.6 -2.12 -0.636603
v 7.585295 -2.12 -0.791481
v 7.624118 -2.12 -0.646593
v 7.65 -2.12 -0.8
v 7.65 -2.12 -0.65
v 8.0 -2.12 -0.8
v 8.0 -2.12 -0.65
v 7.35 -1.88 0.15
v 7.35 -1.72 0.15
v 7.35 -1.72 0.0
v 7.35 -1.88 0.0
v 7.401764 -1.88 0.143185
v 7.362941 -1.88 -0.001704
v 7.45 -1.88 0.123205
v 7.375 -1.88 -0.006699
v 7.491421 -1.88 0.091421
v 7.385355 -1.88 -0.014645
v 7.523205 -1.88 0.05
v 7.393301 -1.88 -0.025
v 7.543185 -1.88 0.001764
v 7.398296 -1.88 -0.037059
v 7.55 -1.88 -0.05
v 7.4 -1.88 -0.05
v 7.55 -1.88 -0.55
v 7.4 -1.88 -0.55
v 7.553408 -1.88 -0.575882
v 7.408518 -1.88 -0.614705
v 7.563397 -1.88 -0.6
v 7.433494 -1.88 -0.675
v 7.579289 -1.88 -0.620711
v 7.473223 -1.88 -0.726777
v 7.6 -1.88 -0.636603
v 7.525 -1.88 -0.766506
v 7.624118 -1.88 -0.646593
v 7.585295 -1.88 -0.791481
v 7.65 -1.88 -0.65
v 7.65 -1.88 -0.8
v 8.0 -1.88 -0.65
v 8.0 -1.88 -0.8
v 7.362941 -1.72 -0.001704
v 7.401764 -1.72 0.143185
v 7.375 -1.72 -0.006699
v 7.45 -1.72 0.123205
v 7.385355 -1.72 -0.014645
v 7.491421 -1.72 0.091421
v 7.393301 -1.72 -0.025
v 7.523205 -1.72 0.05
v 7.398296 -1.72 -0.037059
v 7.543185 -1.72 0.001764
v 7.4 -1.72 -0.05
v 7.55 -1.72 -0.05
v 7.4 -1.72 -0.55
v 7.55 -1.72 -0.55
v 7.408518 -1.72 -0.614705
v 7.553408 -1.72 -0.575882
v 7.433494 -1.72 -0.675
v 7.563397 -1.72 -0.6
v 7.473223 -1.72 -0.726777
v 7.579289 -1.72 -0.620711
v 7.525 -1.72 -0.766506
v 7.6 -1.72 -0.636603
v 7.585295 -1.72 -0.791481
v 7.624118 -1.72 -0.646593
v 7.65 -1.72 -0.8
v 7.65 -1.72 -0.65
v 8.0 -1.72 -0.8
v 8.0 -1.72 -0.65
v 7.35 -1.48 0.15
v 7.35 -1.32 0.15
v 7.35 -1.32 0.0
v 7.35 -1.48 0.0
v 7.401764 -1.48 0.143185
v 7.362941 -1.48 -0.001704
v 7.45 -1.48 0.123205
v 7.375 -1.48 -0.006699
v 7.491421 -1.48 0.091421
v 7.385355 -1.48 -0.014645
v 7.523205 -1.48 0.05
v 7.393301 -1.48 -0.025
v 7.543185 -1.48 0.001764
v 7.398296 -1.48 -0.037059
v 7.55 -1.48 -0.05
v 7.4 -1.48 -0.05
v 7.55 -1.48 -0.55
v 7.4 -1.48 -0.55
v 7.553408 -1.48 -0.575882
v 7.408518 -1.48 -0.614705
v 7.563397 -1.48 -0.6
v 7.433494 -1.48 -0.675
v 7.579289 -1.48 -0.620711
v 7.473223 -1.48 -0.726777
v 7.6 -1.48 -0.636603
v 7.525 -1.48 -0.766506
v 7.624118 -1.48 -0.646593
v 7.585295 -1.48 -0.791481
v 7.65 -1.48 -0.65
v 7.65 -1.48 -0.8
v 8.0 -1.48 -0.65
v 8.0 -1.48 -0.8
v 7.362941 -1.32 -0.001704
v 7.401764 -1.32 0.143185
v 7.375 -1.32 -0.006699
v 7.45 -1.32 0.123205
v 7.385355 -1.32 -0.014645
v 7.491421 -1.32 0.091421
v 7.393301 -1.32 -0.025
v 7.523205 -1.32 0.05
v 7.398296 -1.32 -0.037059
v 7.543185 -1.32 0.001764
v 7.4 -1.32 -0.05
v 7.55 -1.32 -0.05
v 7.4 -1.32 -0.55
v 7.55 -1.32 -0.55
v 7.408518 -1.32 -0.614705
v 7.553408 -1.32 -0.575882
v 7.433494 -1.32 -0.675
v 7.563397 -1.32 -0.6
v 7.473223 -1.32 -0.726777
v 7.579289 -1.32 -0.620711
v 7.525 -1.32 -0.766506
v 7.6 -1.32 -0.636603
v 7.585295 -1.32 -0.791481
v 7.624118 -1.32 -0.646593
v 7.65 -1.32 -0.8
v 7.65 -1.32 -0.65
v 8.0 -1.32 -0.8
v 8.0 -1.32 -0.65
v 7.35 -1.08 0.15
v 7.35 -0.92 0.15
v 7.35 -0.92 0.0
v 7.35 -1.08 0.0
v 7.401764 -1.08 0.143185
v 7.362941 -1.08 -0.001704
v 7.45 -1.08 0.123205
v 7.375 -1.08 -0.006699
v 7.491421 -1.08 0.091421
v 7.385355 -1.08 -0.014645
v 7.523205 -1.08 0.05
v 7.393301 -1.08 -0.025
v 7.543185 -1.08 0.001764
v 7.398296 -1.08 -0.037059
v 7.55 -1.08 -0.05
v 7.4 -1.08 -0.05
v 7.55 -1.08 -0.55
v 7.4 -1.08 -0.55
v 7.553408 -1.08 -0.575882
v 7.408518 -1.08 -0.614705
v 7.563397 -1.08 -0.6
v 7.433494 -1.08 -0.675
v 7.579289 -1.08 -0.620711
v 7.473223 -1.08 -0.726777
v 7.6 -1.08 -0.636603
v 7.525 -1.08 -0.766506
v 7.624118 -1.08 -0.646593
v 7.585295 -1.08 -0.791481
v 7.65 -1.08 -0.65
v 7.65 -1.08 -0.8
v 8.0 -1.08 -0.65
v 8.0 -1.08 -0.8
v 7.362941 -0.92 -0.001704
v 7.401764 -0.92 0.143185
v 7.375 -0.92 -0.006699
v 7.45 -0.92 0.123205
v 7.385355 -0.92 -0.014645
v 7.491421 -0.92 0.091421
v 7.393301 -0.92 -0.025
v 7.523205 -0.92 0.05
v 7.398296 -0.92 -0.037059
v 7.543185 -0.92 0.001764
v 7.4 -0.92 -0.05
v 7.55 -0.92 -0.05
v 7.4 -0.92 -0.55
v 7.55 -0.92 -0.55
v 7.408518 -0.92 -0.614705
v 7.553408 -0.92 -0.575882
v 7.433494 -0.92 -0.675
v 7.563397 -0.92 -0.6
v 7.473223 -0.92 -0.726777
v 7.579289 -0.92 -0.620711
v 7.525 -0.92 -0.766506
v 7.6 -0.92 -0.636603
v 7.585295 -0.92 -0.791481
v 7.624118 -0.92 -0.646593
v 7.65 -0.92 -0.8
v 7.65 -0.92 -0.65
v 8.0 -0.92 -0.8
v 8.0 -0.92 -0.65
v 7.35 -0.68 0.15
v 7.35 -0.52 0.15
v 7.35 -0.52 0.0
v 7.35 -0.68 0.0
v 7.401764 -0.68 0.143185
v 7.362941 -0.68 -0.001704
v 7.45 -0.68 0.123205
v 7.375 -0.68 -0.006699
v 7.491421 -0.68 0.091421
v 7.385355 -0.68 -0.014645
v 7.523205 -0.68 0.05
v 7.393301 -0.68 -0.025
v 7.543185 -0.68 0.001764
v 7.398296 -0.68 -0.037059
v 7.55 -0.68 -0.05
v 7.4 -0.68 -0.05
v 7.55 -0.68 -0.55
v 7.4 -0.68 -0.55
v 7.553408 -0.68 -0.575882
v 7.408518 -0.68 -0.614705
v 7.563397 -0.68 -0.6
v 7.433494 -0.68 -0.675
v 7.579289 -0.68 -0.620711
v 7.473223 -0.68 -0.726777
v 7.6 -0.68 -0.636603
v 7.525 -0.68 -0.766506
v 7.624118 -0.68 -0.646593
v 7.585295 -0.68 -0.791481
v 7.65 -0.68 -0.65
v 7.65 -0.68 -0.8
v 8.0 -0.68 -0.65
v 8.0 -0.68 -0.8
v 7.362941 -0.52 -0.001704
v 7.401764 -0.52 0.143185
v 7.375 -0.52 -0.006699
v 7.45 -0.52 0.123205
v 7.385355 -0.52 -0.014645
v 7.491421 -0.52 0.091421
v 7.393301 -0.52 -0.025
v 7.523205 -0.52 0.05
v 7.398296 -0.52 -0.037059
v 7.543185 -0.52 0.001764
v 7.4 -0.52 -0.05
v 7.55 -0.52 -0.05
v 7.4 -0.52 -0.55
v 7.55 -0.52 -0.55
v 7.408518 -0.52 -0.614705
v 7.553408 -0.52 -0.575882
v 7.433494 -0.52 -0.675
v 7.563397 -0.52 -0.6
v 7.473223 -0.52 -0.726777
v 7.579289 -0.52 -0.620711
v 7.525 -0.52 -0.766506
v 7.6 -0.52 -0.636603
v 7.585295 -0.52 -0.791481
v 7.624118 -0.52 -0.646593
v 7.65 -0.52 -0.8
v 7.65 -0.52 -0.65
v 8.0 -0.52 -0.8
v 8.0 -0.52 -0.65
v 7.35 -0.28 0.15
v 7.35 -0.12 0.15
v 7.35 -0.12 0.0
v 7.35 -0.28 0.0
v 7.401764 -0.28 0.143185
v 7.362941 -0.28 -0.001704
v 7.45 -0.28 0.123205
v 7.375 -0.28 -0.006699
v 7.491421 -0.28 0.091421
v 7.385355 -0.28 -0.014645
v 7.523205 -0.28 0.05
v 7.393301 -0.28 -0.025
v 7.543185 -0.28 0.001764
v 7.398296 -0.28 -0.037059
v 7.55 -0.28 -0.05
v 7.4 -0.28 -0.05
v 7.55 -0.28 -0.55
v 7.4 -0.28 -0.55
v 7.553408 -0.28 -0.575882
v 7.408518 -0.28 -0.614705
v 7.563397 -0.28 -0.6
v 7.433494 -0.28 -0.675
v 7.579289 -0.28 -0.620711
v 7.473223 -0.28 -0.726777
v 7.6 -0.28 -0.636603
v 7.525 -0.28 -0.766506
v 7.624118 -0.28 -0.646593
v 7.585295 -0.28 -0.791481
v 7.65 -0.28 -0.65
v 7.65 -0.28 -0.8
v 8.0 -0.28 -0.65
v 8.0 -0.28 -0.8
v 7.362941 -0.12 -0.001704
v 7.401764 -0.12 0.143185
v 7.375 -0.12 -0.006699
v 7.45 -0.12 0.123205
v 7.385355 -0.12 -0.014645
v 7.491421 -0.12 0.091421
v 7.393301 -0.12 -0.025
v 7.523205 -0.12 0.05
v 7.398296 -0.12 -0.037059
v 7.543185 -0.12 0.001764
v 7.4 -0.12 -0.05
v 7.55 -0.12 -0.05
v 7.4 -0.12 -0.55
v 7.55 -0.12 -0.55
v 7.408518 -0.12 -0.614705
v 7.553408 -0.12 -0.575882
v 7.433494 -0.12 -0.675
v 7.563397 -0.12 -0.6
v 7.473223 -0.12 -0.726777
v 7.579289 -0.12 -0.620711
v 7.525 -0.12 -0.766506
v 7.6 -0.12 -0.636603
v 7.585295 -0.12 -0.791481
v 7.624118 -0.12 -0.646593
v 7.65 -0.12 -0.8
v 7.65 -0.12 -0.65
v 8.0 -0.12 -0.8
v 8.0 -0.12 -0.65
v 7.35 0.12 0.15
v 7.35 0.28 0.15
v 7.35 0.28 0.0
v 7.35 0.12 0.0
v 7.401764 0.12 0.143185
v 7.362941 0.12 -0.001704
v 7.45 0.12 0.123205
v 7.375 0.12 -0.006699
v 7.491421 0.12 0.091421
v 7.385355 0.12 -0.014645
v 7.523205 0.12 0.05
v 7.393301 0.12 -0.025
v 7.543185 0.12 0.001764
v 7.398296 0.12 -0.037059
v 7.55 0.12 -0.05
v 7.4 0.12 -0.05
v 7.55 0.12 -0.55
v 7.4 0.12 -0.55
v 7.553408 0.12 -0.575882
v 7.408518 0.12 -0.614705
v 7.563397 0.12 -0.6
v 7.433494 0.12 -0.675
v 7.579289 0.12 -0.620711
v 7.473223 0.12 -0.726777
v 7.6 0.12 -0.636603
v 7.525 0.12 -0.766506
v 7.624118 0.12 -0.646593
v 7.585295 0.12 -0.791481
v 7.65 0.12 -0.65
v 7.65 0.12 -0.8
v 8.0 0.12 -0.65
v 8.0 0.12 -0.8
v 7.362941 0.28 -0.001704
v 7.401764 0.28 0.143185
v 7.375 0.28 -0.006699
v 7.45 0.28 0.123205
v 7.385355 0.28 -0.014645
v 7.491421 0.28 0.091421
v 7.393301 0.28 -0.025
v 7.523205 0.28 0.05
v 7.398296 0.28 -0.037059
v 7.543185 0.28 0.001764
v 7.4 0.28 -0.05
v 7.55 0.28 -0.05
v 7.4 0.28 -0.55
v 7.55 0.28 -0.55
v 7.408518 0.28 -0.614705
v 7.553408 0.28 -0.575882
v 7.433494 0.28 -0.675
v 7.563397 0.28 -0.6
v 7.473223 0.28 -0.726777
v 7.579289 0.28 -0.620711
v 7.525 0.28 -0.766506
v 7.6 0.28 -0.636603
v 7.585295 0.28 -0.791481
v 7.624118 0.28 -0.646593
v 7.65 0.28 -0.8
v 7.65 0.28 -0.65
v 8.0 0.28 -0.8
v 8.0 0.28 -0.65
v 7.35 0.52 0.15
v 7.35 0.68 0.15
v 7.35 0.68 0.0
v 7.35 0.52 0.0
v 7.401764 0.52 0.143185
v 7.362941 0.52 -0.001704
v 7.45 0.52 0.123205
v 7.375 0.52 -0.006699
v 7.491421 0.52 0.091421
v 7.385355 0.52 -0.014645
v 7.523205 0.52 0.05
v 7.393301 0.52 -0.025
v 7.543185 0.52 0.001764
v 7.398296 0.52 -0.037059
v 7.55 0.52 -0.05
v 7.4 0.52 -0.05
v 7.55 0.52 -0.55
v 7.4 0.52 -0.55
v 7.553408 0.52 -0.575882
v 7.408518 0.52 -0.614705
v 7.563397 0.52 -0.6
v 7.433494 0.52 -0.675
v 7.579289 0.52 -0.620711
v 7.473223 0.52 -0.726777
v 7.6 0.52 -0.636603
v 7.525 0.52 -0.766506
v 7.624118 0.52 -0.646593
v 7.585295 0.52 -0.791481
v 7.65 0.52 -0.65
v 7.65 0.52 -0.8
v 8.0 0.52 -0.65
v 8.0 0.52 -0.8
v 7.362941 0.68 -0.001704
v 7.401764 0.68 0.143185
v 7.375 0.68 -0.006699
v 7.45 0.68 0.123205
v 7.385355 0.68 -0.014645
v 7.491421 0.68 0.091421
v 7.393301 0.68 -0.025
v 7.523205 0.68 0.05
v 7.398296 0.68 -0.037059
v 7.543185 0.68 0.001764
v 7.4 0.68 -0.05
v 7.55 0.68 -0.05
v 7.4 0.68 -0.55
v 7.55 0.68 -0.55
v 7.408518 0.68 -0.614705
v 7.553408 0.68 -0.575882
v 7.433494 0.68 -0.675
v 7.563397 0.68 -0.6
v 7.473223 0.68 -0.726777
v 7.579289 0.68 -0.620711
v 7.525 0.68 -0.766506
v 7.6 0.68 -0.636603
v 7.585295 0.68 -0.791481
v 7.624118 0.68 -0.646593
v 7.65 0.68 -0.8
v 7.65 0.68 -0.65
v 8.0 0.68 -0.8
v 8.0 0.68 -0.65
v 7.35 0.92 0.15
v 7.35 1.08 0.15
v 7.35 1.08 0.0
v 7.35 0.92 0.0
v 7.401764 0.92 0.143185
v 7.362941 0.92 -0.001704
v 7.45 0.92 0.123205
v 7.375 0.92 -0.006699
v 7.491421 0.92 0.091421
v 7.385355 0.92 -0.014645
v 7.523205 0.92 0.05
v 7.393301 0.92 -0.025
v 7.543185 0.92 0.001764
v 7.398296 0.92 -0.037059
v 7.55 0.92 -0.05
v 7.4 0.92 -0.05
v 7.55 0.92 -0.55
v 7.4 0.92 -0.55
v 7.553408 0.92 -0.575882
v 7.408518 0.92 -0.614705
v 7.563397 0.92 -0.6
v 7.433494 0.92 -0.675
v 7.579289 0.92 -0.620711
v 7.473223 0.92 -0.726777
v 7.6 0.92 -0.636603
v 7.525 0.92 -0.766506
v 7.624118 0.92 -0.646593
v 7.585295 0.92 -0.791481
v 7.65 0.92 -0.65
v 7.65 0.92 -0.8
v 8.0 0.92 -0.65
v 8.0 0.92 -0.8
v 7.362941 1.08 -0.001704
v 7.401764 1.08 0.143185
v 7.375 1.08 -0.006699
v 7.45 1.08 0.123205
v 7.385355 1.08 -0.014645
v 7.491421 1.08 0.091421
v 7.393301 1.08 -0.025
v 7.523205 1.08 0.05
v 7.398296 1.08 -0.037059
v 7.543185 1.08 0.001764
v 7.4 1.08 -0.05
v 7.55 1.08 -0.05
v 7.4 1.08 -0.55
v 7.55 1.08 -0.55
v 7.408518 1.08 -0.614705
v 7.553408 1.08 -0.575882
v 7.433494 1.08 -0.675
v 7.563397 1.08 -0.6
v 7.473223 1.08 -0.726777
v 7.579289 1.08 -0.620711
v 7.525 1.08 -0.766506
v 7.6 1.08 -0.636603
v 7.585295 1.08 -0.791481
v 7.624118 1.08 -0.646593
v 7.65 1.08 -0.8
v 7.65 1.08 -0.65
v 8.0 1.08 -0.8
v 8.0 1.08 -0.65
v 7.35 1.32 0.15
v 7.35 1.48 0.15
v 7.35 1.48 0.0
v 7.35 1.32 0.0
v 7.401764 1.32 0.143185
v 7.362941 1.32 -0.001704
v 7.45 1.32 0.123205
v 7.375 1.32 -0.006699
v 7.491421 1.32 0.091421
v 7.385355 1.32 -0.014645
v 7.523205 1.32 0.05
v 7.393301 1.32 -0.025
v 7.543185 1.32 0.001764
v 7.398296 1.32 -0.037059
v 7.55 1.32 -0.05
v 7.4 1.32 -0.05
v 7.55 1.32 -0.55
v 7.4 1.32 -0.55
v 7.553408 1.32 -0.575882
v 7.408518 1.32 -0.614705
v 7.563397 1.32 -0.6
v 7.433494 1.32 -0.675
v 7.579289 1.32 -0.620711
v 7.473223 1.32 -0.726777
v 7.6 1.32 -0.636603
v 7.525 1.32 -0.766506
v 7.624118 1.32 -0.646593
v 7.585295 1.32 -0.791481
v 7.65 1.32 -0.65
v 7.65 1.32 -0.8
v 8.0 1.32 -0.65
v 8.0 1.32 -0.8
v 7.362941 1.48 -0.001704
v 7.401764 1.48 0.143185
v 7.375 1.48 -0.006699
v 7.45 1.48 0.123205
v 7.385355 1.48 -0.014645
v 7.491421 1.48 0.091421
v 7.393301 1.48 -0.025
v 7.523205 1.48 0.05
v 7.398296 1.48 -0.037059
v 7.543185 1.48 0.001764
v 7.4 1.48 -0.05
v 7.55 1.48 -0.05
v 7.4 1.48 -0.55
v 7.55 1.48 -0.55
v 7.408518 1.48 -0.614705
v 7.553408 1.48 -0.575882
v 7.433494 1.48 -0.675
v 7.563397 1.48 -0.6
v 7.473223 1.48 -0.726777
v 7.579289 1.48 -0.620711
v 7.525 1.48 -0.766506
v 7.6 1.48 -0.636603
v 7.585295 1.48 -0.791481
v 7.624118 1.48 -0.646593
v 7.65 1.48 -0.8
v 7.65 1.48 -0.65
v 8.0 1.48 -0.8
v 8.0 1.48 -0.65
v 7.35 1.72 0.15
v 7.35 1.88 0.15
v 7.35 1.88 0.0
v 7.35 1.72 0.0
v 7.401764 1.72 0.143185
v 7.362941 1.72 -0.001704
v 7.45 1.72 0.123205
v 7.375 1.72 -0.006699
v 7.491421 1.72 0.091421
v 7.385355 1.72 -0.014645
v 7.523205 1.72 0.05
v 7.393301 1.72 -0.025
v 7.543185 1.72 0.001764
v 7.398296 1.72 -0.037059
v 7.55 1.72 -0.05
v 7.4 1.72 -0.05
v 7.55 1.72 -0.55
v 7.4 1.72 -0.55
v 7.553408 1.72 -0.575882
v 7.408518 1.72 -0.614705
v 7.563397 1.72 -0.6
v 7.433494 1.72 -0.675
v 7.579289 1.72 -0.620711
v 7.473223 1.72 -0.726777
v 7.6 1.72 -0.636603
v 7.525 1.72 -0.766506
v 7.624118 1.72 -0.646593
v 7.585295 1.72 -0.791481
v 7.65 1.72 -0.65
v 7.65 1.72 -0.8
v 8.0 1.72 -0.65
v 8.0 1.72 -0.8
v 7.362941 1.88 -0.001704
v 7.401764 1.88 0.143185
v 7.375 1.88 -0.006699
v 7.45 1.88 0.123205
v 7.385355 1.88 -0.014645
v 7.491421 1.88 0.091421
v 7.393301 1.88 -0.025
v 7.523205 1.88 0.05
v 7.398296 1.88 -0.037059
v 7.543185 1.88 0.001764
v 7.4 1.88 -0.05
v 7.55 1.88 -0.05
v 7.4 1.88 -0.55
v 7.55 1.88 -0.55
v 7.408518 1.88 -0.614705
v 7.553408 1.88 -0.575882
v 7.433494 1.88 -0.675
v 7.563397 1.88 -0.6
v 7.473223 1.88 -0.726777
v 7.579289 1.88 -0.620711
v 7.525 1.88 -0.766506
v 7.6 1.88 -0.636603
v 7.585295 1.88 -0.791481
v 7.624118 1.88 -0.646593
v 7.65 1.88 -0.8
v 7.65 1.88 -0.65
v 8.0 1.88 -0.8
v 8.0 1.88 -0.65
v 7.35 2.12 0.15
v 7.35 2.28 0.15
v 7.35 2.28 0.0
v 7.35 2.12 0.0
v 7.401764 2.12 0.143185
v 7.362941 2.12 -0.001704
v 7.45 2.12 0.123205
v 7.375 2.12 -0.006699
v 7.491421 2.12 0.091421
v 7.385355 2.12 -0.014645
v 7.523205 2.12 0.05
v 7.393301 2.12 -0.025
v 7.543185 2.12 0.001764
v 7.398296 2.12 -0.037059
v 7.55 2.12 -0.05
v 7.4 2.12 -0.05
v 7.55 2.12 -0.55
v 7.4 2.12 -0.55
v 7.553408 2.12 -0.575882
v 7.408518 2.12 -0.614705
v 7.563397 2.12 -0.6
v 7.433494 2.12 -0.675
v 7.579289 2.12 -0.620711
v 7.473223 2.12 -0.726777
v 7.6 2.12 -0.636603
v 7.525 2.12 -0.766506
v 7.624118 2.12 -0.646593
v 7.585295 2.12 -0.791481
v 7.65 2.12 -0.65
v 7.65 2.12 -0.8
v 8.0 2.12 -0.65
v 8.0 2.12 -0.8
v 7.362941 2.28 -0.001704
v 7.401764 2.28 0.143185
v 7.375 2.28 -0.006699
v 7.45 2.28 0.123205
v 7.385355 2.28 -0.014645
v 7.491421 2.28 0.091421
v 7.393301 2.28 -0.025
v 7.523205 2.28 0.05
v 7.398296 2.28 -0.037059
v 7.543185 2.28 0.001764
v 7.4 2.28 -0.05
v 7.55 2.28 -0.05
v 7.4 2.28 -0.55
v 7.55 2.28 -0.55
v 7.408518 2.28 -0.614705
v 7.553408 2.28 -0.575882
v 7.433494 2.28 -0.675
v 7.563397 2.28 -0.6
v 7.473223 2.28 -0.726777
v 7.579289 2.28 -0.620711
v 7.525 2.28 -0.766506
v 7.6 2.28 -0.636603
v 7.585295 2.28 -0.791481
v 7.624118 2.28 -0.646593
v 7.65 2.28 -0.8
v 7.65 2.28 -0.65
v 8.0 2.28 -0.8
v 8.0 2.28 -0.65
v 7.35 2.52 0.15
v 7.35 2.68 0.15
v 7.35 2.68 0.0
v 7.35 2.52 0.0
v 7.401764 2.52 0.143185
v 7.362941 2.52 -0.001704
v 7.45 2.52 0.123205
v 7.375 2.52 -0.006699
v 7.491421 2.52 0.091421
v 7.385355 2.52 -0.014645
v 7.523205 2.52 0.05
v 7.393301 2.52 -0.025
v 7.543185 2.52 0.001764
v 7.398296 2.52 -0.037059
v 7.55 2.52 -0.05
v 7.4 2.52 -0.05
v 7.55 2.52 -0.55
v 7.4 2.52 -0.55
v 7.553408 2.52 -0.575882
v 7.408518 2.52 -0.614705
v 7.563397 2.52 -0.6
v 7.433494 2.52 -0.675
v 7.579289 2.52 -0.620711
v 7.473223 2.52 -0.726777
v 7.6 2.52 -0.636603
v 7.525 2.52 -0.766506
v 7.624118 2.52 -0.646593
v 7.585295 2.52 -0.791481
v 7.65 2.52 -0.65
v 7.65 2.52 -0.8
v 8.0 2.52 -0.65
v 8.0 2.52 -0.8
v 7.362941 2.68 -0.001704
v 7.401764 2.68 0.143185
v 7.375 2.68 -0.006699
v 7.45 2.68 0.123205
v 7.385355 2.68 -0.014645
v 7.491421 2.68 0.091421
v 7.393301 2.68 -0.025
v 7.523205 2.68 0.05
v 7.398296 2.68 -0.037059
v 7.543185 2.68 0.001764
v 7.4 2.68 -0.05
v 7.55 2.68 -0.05
v 7.4 2.68 -0.55
v 7.55 2.68 -0.55
v 7.408518 2.68 -0.614705
v 7.553408 2.68 -0.575882
v 7.433494 2.68 -0.675
v 7.563397 2.68 -0.6
v 7.473223 2.68 -0.726777
v 7.579289 2.68 -0.620711
v 7.525 2.68 -0.766506
v 7.6 2.68 -0.636603
v 7.585295 2.68 -0.791481
v 7.624118 2.68 -0.646593
v 7.65 2.68 -0.8
v 7.65 2.68 -0.65
v 8.0 2.68 -0.8
v 8.0 2.68 -0.65
v 7.35 2.92 0.15
v 7.35 3.08 0.15
v 7.35 3.08 0.0
v 7.35 2.92 0.0
v 7.401764 2.92 0.143185
v 7.362941 2.92 -0.001704
v 7.45 2.92 0.123205
v 7.375 2.92 -0.006699
v 7.491421 2.92 0.091421
v 7.385355 2.92 -0.014645
v 7.523205 2.92 0.05
v 7.393301 2.92 -0.025
v 7.543185 2.92 0.001764
v 7.398296 2.92 -0.037059
v 7.55 2.92 -0.05
v 7.4 2.92 -0.05
v 7.55 2.92 -0.55
v 7.4 2.92 -0.55
v 7.553408 2.92 -0.575882
v 7.408518 2.92 -0.614705
v 7.563397 2.92 -0.6
v 7.433494 2.92 -0.675
v 7.579289 2.92 -0.620711
v 7.473223 2.92 -0.726777
v 7.6 2.92 -0.636603
v 7.525 2.92 -0.766506
v 7.624118 2.92 -0.646593
v 7.585295 2.92 -0.791481
v 7.65 2.92 -0.65
v 7.65 2.92 -0.8
v 8.0 2.92 -0.65
v 8.0 2.92 -0.8
v 7.362941 3.08 -0.001704
v 7.401764 3.08 0.143185
v 7.375 3.08 -0.006699
v 7.45 3.08 0.123205
v 7.385355 3.08 -0.014645
v 7.491421 3.08 0.091421
v 7.393301 3.08 -0.025
v 7.523205 3.08 0.05
v 7.398296 3.08 -0.037059
v 7.543185 3.08 0.001764
v 7.4 3.08 -0.05
v 7.55 3.08 -0.05
v 7.4 3.08 -0.55
v 7.55 3.08 -0.55
v 7.408518 3.08 -0.614705
v 7.553408 3.08 -0.575882
v 7.433494 3.08 -0.675
v 7.563397 3.08 -0.6
v 7.473223 3.08 -0.726777
v 7.579289 3.08 -0.620711
v 7.525 3.08 -0.766506
v 7.6 3.08 -0.636603
v 7.585295 3.08 -0.791481
v 7.624118 3.08 -0.646593
v 7.65 3.08 -0.8
v 7.65 3.08 -0.65
v 8.0 3.08 -0.8
v 8.0 3.08 -0.65
v 7.35 3.32 0.15
v 7.35 3.48 0.15
v 7.35 3.48 0.0
v 7.35 3.32 0.0
v 7.401764 3.32 0.143185
v 7.362941 3.32 -0.001704
v 7.45 3.32 0.123205
v 7.375 3.32 -0.006699
v 7.491421 3.32 0.091421
v 7.385355 3.32 -0.014645
v 7.523205 3.32 0.05
v 7.393301 3.32 -0.025
v 7.543185 3.32 0.001764
v 7.398296 3.32 -0.037059
v 7.55 3.32 -0.05
v 7.4 3.32 -0.05
v 7.55 3.32 -0.55
v 7.4 3.32 -0.55
v 7.553408 3.32 -0.575882
v 7.408518 3.32 -0.614705
v 7.563397 3.32 -0.6
v 7.433494 3.32 -0.675
v 7.579289 3.32 -0.620711
v 7.473223 3.32 -0.726777
v 7.6 3.32 -0.636603
v 7.525 3.32 -0.766506
v 7.624118 3.32 -0.646593
v 7.585295 3.32 -0.791481
v 7.65 3.32 -0.65
v 7.65 3.32 -0.8
v 8.0 3.32 -0.65
v 8.0 3.32 -0.8
v 7.362941 3.48 -0.001704
v 7.401764 3.48 0.143185
v 7.375 3.48 -0.006699
v 7.45 3.48 0.123205
v 7.385355 3.48 -0.014645
v 7.491421 3.48 0.091421
v 7.393301 3.48 -0.025
v 7.523205 3.48 0.05
v 7.398296 3.48 -0.037059
v 7.543185 3.48 0.001764
v 7.4 3.48 -0.05
v 7.55 3.48 -0.05
v 7.4 3.48 -0.55
v 7.55 3.48 -0.55
v 7.408518 3.48 -0.614705
v 7.553408 3.48 -0.575882
v 7.433494 3.48 -0.675
v 7.563397 3.48 -0.6
v 7.473223 3.48 -0.726777
v 7.579289 3.48 -0.620711
v 7.525 3.48 -0.766506
v 7.6 3.48 -0.636603
v 7.585295 3.48 -0.791481
v 7.624118 3.48 -0.646593
v 7.65 3.48 -0.8
v 7.65 3.48 -0.65
v 8.0 3.48 -0.8
v 8.0 3.48 -0.65
v 7.35 3.72 0.15
v 7.35 3.88 0.15
v 7.35 3.88 0.0
v 7.35 3.72 0.0
v 7.401764 3.72 0.143185
v 7.362941 3.72 -0.001704
v 7.45 3.72 0.123205
v 7.375 3.72 -0.006699
v 7.491421 3.72 0.091421
v 7.385355 3.72 -0.014645
v 7.523205 3.72 0.05
v 7.393301 3.72 -0.025
v 7.543185 3.72 0.001764
v 7.398296 3.72 -0.037059
v 7.55 3.72 -0.05
v 7.4 3.72 -0.05
v 7.55 3.72 -0.55
v 7.4 3.72 -0.55
v 7.553408 3.72 -0.575882
v 7.408518 3.72 -0.614705
v 7.563397 3.72 -0.6
v 7.433494 3.72 -0.675
v 7.579289 3.72 -0.620711
v 7.473223 3.72 -0.726777
v 7.6 3.72 -0.636603
v 7.525 3.72 -0.766506
v 7.624118 3.72 -0.646593
v 7.585295 3.72 -0.791481
v 7.65 3.72 -0.65
v 7.65 3.72 -0.8
v 8.0 3.72 -0.65
v 8.0 3.72 -0.8
v 7.362941 3.88 -0.001704
v 7.401764 3.88 0.143185
v 7.375 3.88 -0.006699
v 7.45 3.88 0.123205
v 7.385355 3.88 -0.014645
v 7.491421 3.88 0.091421
v 7.393301 3.88 -0.025
v 7.523205 3.88 0.05
v 7.398296 3.88 -0.037059
v 7.543185 3.88 0.001764
v 7.4 3.88 -0.05
v 7.55 3.88 -0.05
v 7.4 3.88 -0.55
v 7.55 3.88 -0.55
v 7.408518 3.88 -0.614705
v 7.553408 3.88 -0.575882
v 7.433494 3.88 -0.675
v 7.563397 3.88 -0.6
v 7.473223 3.88 -0.726777
v 7.579289 3.88 -0.620711
v 7.525 3.88 -0.766506
v 7.6 3.88 -0.636603
v 7.585295 3.88 -0.791481
v 7.624118 3.88 -0.646593
v 7.65 3.88 -0.8
v 7.65 3.88 -0.65
v 8.0 3.88 -0.8
v 8.0 3.88 -0.65
v 7.35 4.12 0.15
v 7.35 4.28 0.15
v 7.35 4.28 0.0
v 7.35 4.12 0.0
v 7.401764 4.12 0.143185
v 7.362941 4.12 -0.001704
v 7.45 4.12 0.123205
v 7.375 4.12 -0.006699
v 7.491421 4.12 0.091421
v 7.385355 4.12 -0.014645
v 7.523205 4.12 0.05
v 7.393301 4.12 -0.025
v 7.543185 4.12 0.001764
v 7.398296 4.12 -0.037059
v 7.55 4.12 -0.05
v 7.4 4.12 -0.05
v 7.55 4.12 -0.55
v 7.4 4.12 -0.55
v 7.553408 4.12 -0.575882
v 7.408518 4.12 -0.614705
v 7.563397 4.12 -0.6
v 7.433494 4.12 -0.675
v 7.579289 4.12 -0.620711
v 7.473223 4.12 -0.726777
v 7.6 4.12 -0.636603
v 7.525 4.12 -0.766506
v 7.624118 4.12 -0.646593
v 7.585295 4.12 -0.791481
v 7.65 4.12 -0.65
v 7.65 4.12 -0.8
v 8.0 4.12 -0.65
v 8.0 4.12 -0.8
v 7.362941 4.28 -0.001704
v 7.401764 4.28 0.143185
v 7.375 4.28 -0.006699
v 7.45 4.28 0.123205
v 7.385355 4.28 -0.014645
v 7.491421 4.28 0.091421
v 7.393301 4.28 -0.025
v 7.523205 4.28 0.05
v 7.398296 4.28 -0.037059
v 7.543185 4.28 0.001764
v 7.4 4.28 -0.05
v 7.55 4.28 -0.05
v 7.4 4.28 -0.55
v 7.55 4.28 -0.55
v 7.408518 4.28 -0.614705
v 7.553408 4.28 -0.575882
v 7.433494 4.28 -0.675
v 7.563397 4.28 -0.6
v 7.473223 4.28 -0.726777
v 7.579289 4.28 -0.620711
v 7.525 4.28 -0.766506
v 7.6 4.28 -0.636603
v 7.585295 4.28 -0.791481
v 7.624118 4.28 -0.646593
v 7.65 4.28 -0.8
v 7.65 4.28 -0.65
v 8.0 4.28 -0.8
v 8.0 4.28 -0.65
v 7.35 4.52 0.15
v 7.35 4.68 0.15
v 7.35 4.68 0.0
v 7.35 4.52 0.0
v 7.401764 4.52 0.143185
v 7.362941 4.52 -0.001704
v 7.45 4.52 0.123205
v 7.375 4.52 -0.006699
v 7.491421 4.52 0.091421
v 7.385355 4.52 -0.014645
v 7.523205 4.52 0.05
v 7.393301 4.52 -0.025
v 7.543185 4.52 0.001764
v 7.398296 4.52 -0.037059
v 7.55 4.52 -0.05
v 7.4 4.52 -0.05
v 7.55 4.52 -0.55
v 7.4 4.52 -0.55
v 7.553408 4.52 -0.575882
v 7.408518 4.52 -0.614705
v 7.563397 4.52 -0.6
v 7.433494 4.52 -0.675
v 7.579289 4.52 -0.620711
v 7.473223 4.52 -0.726777
v 7.6 4.52 -0.636603
v 7.525 4.52 -0.766506
v 7.624118 4.52 -0.646593
v 7.585295 4.52 -0.791481
v 7.65 4.52 -0.65
v 7.65 4.52 -0.8
v 8.0 4.52 -0.65
v 8.0 4.52 -0.8
v 7.362941 4.68 -0.001704
v 7.401764 4.68 0.143185
v 7.375 4.68 -0.006699
v 7.45 4.68 0.123205
v 7.385355 4.68 -0.014645
v 7.491421 4.68 0.091421
v 7.393301 4.68 -0.025
v 7.523205 4.68 0.05
v 7.398296 4.68 -0.037059
v 7.543185 4.68 0.001764
v 7.4 4.68 -0.05
v 7.55 4.68 -0.05
v 7.4 4.68 -0.55
v 7.55 4.68 -0.55
v 7.408518 4.68 -0.614705
v 7.553408 4.68 -0.575882
v 7.433494 4.68 -0.675
v 7.563397 4.68 -0.6
v 7.473223 4.68 -0.726777
v 7.579289 4.68 -0.620711
v 7.525 4.68 -0.766506
v 7.6 4.68 -0.636603
v 7.585295 4.68 -0.791481
v 7.624118 4.68 -0.646593
v 7.65 4.68 -0.8
v 7.65 4.68 -0.65
v 8.0 4.68 -0.8
v 8.0 4.68 -0.65
v 7.35 4.92 0.15
v 7.35 5.08 0.15
v 7.35 5.08 0.0
v 7.35 4.92 0.0
v 7.401764 4.92 0.143185
v 7.362941 4.92 -0.001704
v 7.45 4.92 0.123205
v 7.375 4.92 -0.006699
v 7.491421 4.92 0.091421
v 7.385355 4.92 -0.014645
v 7.523205 4.92 0.05
v 7.393301 4.92 -0.025
v 7.543185 4.92 0.001764
v 7.398296 4.92 -0.037059
v 7.55 4.92 -0.05
v 7.4 4.92 -0.05
v 7.55 4.92 -0.55
v 7.4 4.92 -0.55
v 7.553408 4.92 -0.575882
v 7.408518 4.92 -0.614705
v 7.563397 4.92 -0.6
v 7.433494 4.92 -0.675
v 7.579289 4.92 -0.620711
v 7.473223 4.92 -0.726777
v 7.6 4.92 -0.636603
v 7.525 4.92 -0.766506
v 7.624118 4.92 -0.646593
v 7.585295 4.92 -0.791481
v 7.65 4.92 -0.65
v 7.65 4.92 -0.8
v 8.0 4.92 -0.65
v 8.0 4.92 -0.8
v 7.362941 5.08 -0.001704
v 7.401764 5.08 0.143185
v 7.375 5.08 -0.006699
v 7.45 5.08 0.123205
v 7.385355 5.08 -0.014645
v 7.491421 5.08 0.091421
v 7.393301 5.08 -0.025
v 7.523205 5.08 0.05
v 7.398296 5.08 -0.037059
v 7.543185 5.08 0.001764
v 7.4 5.08 -0.05
v 7.55 5.08 -0.05
v 7.4 5.08 -0.55
v 7.55 5.08 -0.55
v 7.408518 5.08 -0.614705
v 7.553408 5.08 -0.575882
v 7.433494 5.08 -0.675
v 7.563397 5.08 -0.6
v 7.473223 5.08 -0.726777
v 7.579289 5.08 -0.620711
v 7.525 5.08 -0.766506
v 7.6 5.08 -0.636603
v 7.585295 5.08 -0.791481
v 7.624118 5.08 -0.646593
v 7.65 5.08 -0.8
v 7.65 5.08 -0.65
v 8.0 5.08 -0.8
v 8.0 5.08 -0.65
v 7.35 5.32 0.15
v 7.35 5.48 0.15
v 7.35 5.48 0.0
v 7.35 5.32 0.0
v 7.401764 5.32 0.143185
v 7.362941 5.32 -0.001704
v 7.45 5.32 0.123205
v 7.375 5.32 -0.006699
v 7.491421 5.32 0.091421
v 7.385355 5.32 -0.014645
v 7.523205 5.32 0.05
v 7.393301 5.32 -0.025
v 7.543185 5.32 0.001764
v 7.398296 5.32 -0.037059
v 7.55 5.32 -0.05
v 7.4 5.32 -0.05
v 7.55 5.32 -0.55
v 7.4 5.32 -0.55
v 7.553408 5.32 -0.575882
v 7.408518 5.32 -0.614705
v 7.563397 5.32 -0.6
v 7.433494 5.32 -0.675
v 7.579289 5.32 -0.620711
v 7.473223 5.32 -0.726777
v 7.6 5.32 -0.636603
v 7.525 5.32 -0.766506
v 7.624118 5.32 -0.646593
v 7.585295 5.32 -0.791481
v 7.65 5.32 -0.65
v 7.65 5.32 -0.8
v 8.0 5.32 -0.65
v 8.0 5.32 -0.8
v 7.362941 5.48 -0.001704
v 7.401764 5.48 0.143185
v 7.375 5.48 -0.006699
v 7.45 5.48 0.123205
v 7.385355 5.48 -0.014645
v 7.491421 5.48 0.091421
v 7.393301 5.48 -0.025
v 7.523205 5.48 0.05
v 7.398296 5.48 -0.037059
v 7.543185 5.48 0.001764
v 7.4 5.48 -0.05
v 7.55 5.48 -0.05
v 7.4 5.48 -0.55
v 7.55 5.48 -0.55
v 7.408518 5.48 -0.614705
v 7.553408 5.48 -0.575882
v 7.433494 5.48 -0.675
v 7.563397 5.48 -0.6
v 7.473223 5.48 -0.726777
v 7.579289 5.48 -0.620711
v 7.525 5.48 -0.766506
v 7.6 5.48 -0.636603
v 7.585295 5.48 -0.791481
v 7.624118 5.48 -0.646593
v 7.65 5.48 -0.8
v 7.65 5.48 -0.65
v 8.0 5.48 -0.8
v 8.0 5.48 -0.65
v 7.35 5.72 0.15
v 7.35 5.88 0.15
v 7.35 5.88 0.0
v 7.35 5.72 0.0
v 7.401764 5.72 0.143185
v 7.362941 5.72 -0.001704
v 7.45 5.72 0.123205
v 7.375 5.72 -0.006699
v 7.491421 5.72 0.091421
v 7.385355 5.72 -0.014645
v 7.523205 5.72 0.05
v 7.393301 5.72 -0.025
v 7.543185 5.72 0.001764
v 7.398296 5.72 -0.037059
v 7.55 5.72 -0.05
v 7.4 5.72 -0.05
v 7.55 5.72 -0.55
v 7.4 5.72 -0.55
v 7.553408 5.72 -0.575882
v 7.408518 5.72 -0.614705
v 7.563397 5.72 -0.6
v 7.433494 5.72 -0.675
v 7.579289 5.72 -0.620711
v 7.473223 5.72 -0.726777
v 7.6 5.72 -0.636603
v 7.525 5.72 -0.766506
v 7.624118 5.72 -0.646593
v 7.585295 5.72 -0.791481
v 7.65 5.72 -0.65
v 7.65 5.72 -0.8
v 8.0 5.72 -0.65
v 8.0 5.72 -0.8
v 7.362941 5.88 -0.001704
v 7.401764 5.88 0.143185
v 7.375 5.88 -0.006699
v 7.45 5.88 0.123205
v 7.385355 5.88 -0.014645
v 7.491421 5.88 0.091421
v 7.393301 5.88 -0.025
v 7.523205 5.88 0.05
v 7.398296 5.88 -0.037059
v 7.543185 5.88 0.001764
v 7.4 5.88 -0.05
v 7.55 5.88 -0.05
v 7.4 5.88 -0.55
v 7.55 5.88 -0.55
v 7.408518 5.88 -0.614705
v 7.553408 5.88 -0.575882
v 7.433494 5.88 -0.675
v 7.563397 5.88 -0.6
v 7.473223 5.88 -0.726777
v 7.579289 5.88 -0.620711
v 7.525 5.88 -0.766506
v 7.6 5.88 -0.636603
v 7.585295 5.88 -0.791481
v 7.624118 5.88 -0.646593
v 7.65 5.88 -0.8
v 7.65 5.88 -0.65
v 8.0 5.88 -0.8
v 8.0 5.88 -0.65
v 7.35 6.12 0.15
v 7.35 6.28 0.15
v 7.35 6.28 0.0
v 7.35 6.12 0.0
v 7.401764 6.12 0.143185
v 7.362941 6.12 -0.001704
v 7.45 6.12 0.123205
v 7.375 6.12 -0.006699
v 7.491421 6.12 0.091421
v 7.385355 6.12 -0.014645
v 7.523205 6.12 0.05
v 7.393301 6.12 -0.025
v 7.543185 6.12 0.001764
v 7.398296 6.12 -0.037059
v 7.55 6.12 -0.05
v 7.4 6.12 -0.05
v 7.55 6.12 -0.55
v 7.4 6.12 -0.55
v 7.553408 6.12 -0.575882
v 7.408518 6.12 -0.614705
v 7.563397 6.12 -0.6
v 7.433494 6.12 -0.675
v 7.579289 6.12 -0.620711
v 7.473223 6.12 -0.726777
v 7.6 6.12 -0.636603
v 7.525 6.12 -0.766506
v 7.624118 6.12 -0.646593
v 7.585295 6.12 -0.791481
v 7.65 6.12 -0.65
v 7.65 6.12 -0.8
v 8.0 6.12 -0.65
v 8.0 6.12 -0.8
v 7.362941 6.28 -0.001704
v 7.401764 6.28 0.143185
v 7.375 6.28 -0.006699
v 7.45 6.28 0.123205
v 7.385355 6.28 -0.014645
v 7.491421 6.28 0.091421
v 7.393301 6.28 -0.025
v 7.523205 6.28 0.05
v 7.398296 6.28 -0.037059
v 7.543185 6.28 0.001764
v 7.4 6.28 -0.05
v 7.55 6.28 -0.05
v 7.4 6.28 -0.55
v 7.55 6.28 -0.55
v 7.408518 6.28 -0.614705
v 7.553408 6.28 -0.575882
v 7.433494 6.28 -0.675
v 7.563397 6.28 -0.6
v 7.473223 6.28 -0.726777
v 7.579289 6.28 -0.620711
v 7.525 6.28 -0.766506
v 7.6 6.28 -0.636603
v 7.585295 6.28 -0.791481
v 7.624118 6.28 -0.646593
v 7.65 6.28 -0.8
v 7.65 6.28 -0.65
v 8.0 6.28 -0.8
v 8.0 6.28 -0.65
v -0.847561 0.239343 -0.7
v -1.042683 -0.260657 -0.7
newmtl 3
Ka 1.0 1.0 1.0
Kd 1.0 1.0 1.0
Ks 0.8784313725490196 0.8784313725490196 0.8784313725490196
d 0.0
endmtl
v -0.969512 -0.260657 -0.7
v -0.918921 -0.120413 -0.7
v -0.712367 -0.120413 -0.7
v -0.664634 -0.260657 -0.7
v -0.591463 -0.260657 -0.7
v -0.780488 0.239343 -0.7
v -0.72923 -0.065535 -0.7
v -0.896437 -0.065535 -0.7
v -0.80383 0.143306 -0.7
v -0.808642 0.160647 -0.7
v -0.811833 0.178367 -0.7
v -0.813453 0.178367 -0.7
v -0.816715 0.160701 -0.7
v -0.82117 0.143306 -0.7
v -0.72923 -0.065535 -0.72
v -0.896437 -0.065535 -0.72
v -0.80383 0.143306 -0.72
v -0.808642 0.160647 -0.72
v -0.811833 0.178367 -0.72
v -0.813453 0.178367 -0.72
v -0.816715 0.160701 -0.72
v -0.82117 0.143306 -0.72
v -0.288396 -0.260657 -0.7
v -0.152439 -0.260657 -0.7
v -0.152439 0.239343 -0.7
v -0.29354 0.239343 -0.7
v -0.554878 -0.004369 -0.7
v -0.551244 0.042679 -0.7
v -0.537815 0.091942 -0.7
v -0.514578 0.134942 -0.7
v -0.479221 0.174149 -0.7
v -0.478698 0.174608 -0.7
v -0.424277 0.211079 -0.7
v -0.365777 0.231621 -0.7
v -0.350262 -0.255257 -0.7
v -0.407875 -0.238084 -0.7
v -0.460082 -0.207745 -0.7
v -0.501237 -0.16834 -0.7
v -0.529911 -0.123618 -0.7
v -0.547862 -0.071283 -0.7
v -0.454515 0.11435 -0.7
v -0.430228 0.140137 -0.7
v -0.393706 0.163731 -0.7
v -0.352434 0.178174 -0.7
v -0.293255 0.184465 -0.7
v -0.219512 0.184465 -0.7
v -0.219512 -0.205779 -0.7
v -0.290492 -0.205779 -0.7
v -0.343242 -0.200869 -0.7
v -0.385318 -0.187736 -0.7
v -0.419417 -0.167487 -0.7
v -0.447461 -0.139788 -0.7
v -0.468549 -0.105314 -0.7
v -0.483214 -0.058314 -0.7
v -0.487805 -0.005798 -0.7
v -0.483557 0.043964 -0.7
v -0.471885 0.083511 -0.7
v -0.293255 0.184465 -0.72
v -0.219512 0.184465 -0.72
v -0.352434 0.178174 -0.72
v -0.393706 0.163731 -0.72
v -0.430228 0.140137 -0.72
v -0.454515 0.11435 -0.72
v -0.471885 0.083511 -0.72
v -0.483557 0.043964 -0.72
v -0.487805 -0.005798 -0.72
v -0.483214 -0.058314 -0.72
v -0.468549 -0.105314 -0.72
v -0.447461 -0.139788 -0.72
v -0.419417 -0.167487 -0.72
v -0.385318 -0.187736 -0.72
v -0.343242 -0.200869 -0.72
v -0.290492 -0.205779 -0.72
v -0.219512 -0.205779 -0.72
v -0.054878 -0.205779 -0.7
v -0.054878 -0.260657 -0.7
v 0.213415 -0.260657 -0.7
v 0.213415 0.239343 -0.7
v -0.042683 0.239343 -0.7
v -0.042683 0.184465 -0.7
v 0.146341 0.184465 -0.7
v 0.146341 0.019831 -0.7
v -0.030488 0.019831 -0.7
v -0.030488 -0.035047 -0.7
v 0.146341 -0.035047 -0.7
v 0.146341 -0.205779 -0.7
v 0.310976 -0.179864 -0.7
v 0.310976 -0.234742 -0.7
v 0.364273 -0.256626 -0.7
v 0.448552 -0.266755 -0.7
v 0.43488 -0.26652 -0.7
v 0.682927 -0.020089 -0.7
v 0.678092 -0.077996 -0.7
v 0.663044 -0.13092 -0.7
v 0.636407 -0.178463 -0.7
v 0.598851 -0.218002 -0.7
v 0.558632 -0.243685 -0.7
v 0.51017 -0.260366 -0.7
v 0.428639 0.24544 -0.7
v 0.478859 0.241341 -0.7
v 0.5346 0.225147 -0.7
v 0.582092 0.19781 -0.7
v 0.627233 0.154397 -0.7
v 0.656539 0.10765 -0.7
v 0.675734 0.050996 -0.7
v 0.310976 0.225623 -0.7
v 0.368784 0.24131 -0.7
v 0.310976 0.15855 -0.7
v 0.428068 0.190562 -0.7
v 0.367295 0.182667 -0.7
v 0.615854 -0.015992 -0.7
v 0.613469 0.02291 -0.7
v 0.600141 0.076437 -0.7
v 0.579527 0.115042 -0.7
v 0.549334 0.148375 -0.7
v 0.514726 0.171527 -0.7
v 0.477302 0.185033 -0.7
v 0.43931 -0.211877 -0.7
v 0.485946 -0.206645 -0.7
v 0.522378 -0.193233 -0.7
v 0.553065 -0.17255 -0.7
v 0.576528 -0.147797 -0.7
v 0.597207 -0.113127 -0.7
v 0.610791 -0.07012 -0.7
v 0.319937 -0.184828 -0.7
v 0.37294 -0.20451 -0.7
v 0.72561 -0.205779 -0.7
v 0.72561 -0.260657 -0.7
v 0.981707 -0.260657 -0.7
v 0.981707 0.239343 -0.7
v 0.914634 0.239343 -0.7
v 0.914634 -0.205779 -0.7
v -5.476571 -5.876571 0.68
v -5.490201 -5.773044 0.68
newmtl 4
Ka 0.4980392156862745 0.4980392156862745 0.4980392156862745
Kd 0.34901960784313724 0.34901960784313724 0.34901960784313724
Ks 0.023529411764705882 0.023529411764705882 0.023529411764705882
d 0.0
endmtl
v -5.530161 -5.676571 0.68
v -5.593728 -5.593728 0.68
v -5.676571 -5.530161 0.68
v -5.773044 -5.490201 0.68
v -5.876571 -5.476571 0.68
v -5.980099 -5.490201 0.68
v -6.076571 -5.530161 0.68
v -6.159414 -5.593728 0.68
v -6.222981 -5.676571 0.68
v -6.262941 -5.773044 0.68
v -6.276571 -5.876571 0.68
v -6.262941 -5.980099 0.68
v -6.222981 -6.076571 0.68
v -6.159414 -6.159414 0.68
v -6.076571 -6.222981 0.68
v -5.980099 -6.262941 0.68
v -5.876571 -6.276571 0.68
v -5.773044 -6.262941 0.68
v -5.676571 -6.222981 0.68
v -5.593728 -6.159414 0.68
v -5.530161 -6.076571 0.68
v -5.490201 -5.980099 0.68
v -5.876571 -5.876571 0.68
usemtl 1
f 1// 2// 3//
f 3// 2// 4//
f 3// 4// 5//
f 6// 7// 8//
f 9// 5// 10//
f 10// 5// 11//
f 12// 13// 14//
f 14// 13// 2//
f 14// 2// 15//
f 16// 17// 18//
f 18// 17// 19//
f 18// 19// 20//
f 8// 15// 6//
f 6// 15// 2//
f 6// 2// 21//
f 21// 2// 1//
f 21// 1// 11//
f 22// 23// 24//
f 25// 26// 27//
f 27// 26// 28//
f 27// 28// 29//
f 30// 31// 27//
f 27// 31// 32//
f 33// 34// 35//
f 35// 34// 36//
f 32// 37// 27//
f 27// 37// 36//
f 27// 36// 38//
f 38// 36// 34//
f 29// 39// 27//
f 27// 39// 40//
f 27// 40// 30//
f 20// 41// 18//
f 18// 41// 42//
f 18// 42// 43//
f 43// 42// 44//
f 43// 44// 45//
f 44// 46// 45//
f 45// 46// 47//
f 45// 47// 24//
f 24// 47// 48//
f 24// 48// 22//
f 49// 50// 1//
f 1// 50// 51//
f 1// 51// 52//
f 52// 53// 1//
f 1// 53// 54//
f 1// 54// 11//
f 11// 54// 55//
f 11// 55// 10//
f 10// 55// 56//
f 10// 56// 27//
f 27// 56// 57//
f 27// 57// 25//
f 58// 59// 60//
f 60// 59// 61//
f 60// 61// 17//
f 23// 49// 24//
f 24// 49// 1//
f 24// 1// 62//
f 62// 1// 63//
f 62// 63// 16//
f 16// 63// 64//
f 16// 64// 17//
f 17// 64// 65//
f 17// 65// 60//
f 66// 67// 60//
f 60// 67// 3//
f 60// 3// 58//
f 58// 3// 5//
f 58// 5// 68//
f 68// 5// 9//
f 69// 70// 71//
f 72// 3// 73//
f 73// 3// 67//
f 73// 67// 74//
f 74// 67// 75//
f 74// 75// 76//
f 76// 75// 1//
f 71// 77// 69//
f 69// 77// 78//
f 69// 78// 79//
f 80// 81// 3//
f 3// 81// 82//
f 3// 82// 1//
f 1// 82// 83//
f 84// 85// 76//
f 76// 85// 86//
f 83// 87// 1//
f 1// 87// 88//
f 1// 88// 76//
f 76// 88// 89//
f 76// 89// 84//
f 79// 80// 69//
f 69// 80// 3//
f 69// 3// 90//
f 90// 3// 72//
f 90// 72// 91//
f 91// 72// 92//
f 86// 93// 76//
f 76// 93// 94//
f 76// 94// 69//
f 69// 94// 95//
f 69// 95// 70//
usemtl 2
f 96// 97// 98//
f 98// 97// 99//
f 96// 98// 100//
f 100// 101// 96//
f 96// 101// 102//
f 96// 102// 103//
f 103// 104// 96//
f 96// 104// 105//
f 96// 105// 106//
f 106// 107// 96//
f 96// 107// 108//
f 96// 108// 109//
f 109// 110// 96//
f 96// 110// 111//
f 96// 111// 112//
f 112// 113// 96//
f 96// 113// 114//
f 96// 114// 115//
f 115// 116// 96//
f 96// 116// 117//
f 96// 117// 118//
f 118// 119// 96//
f 96// 119// 120//
f 96// 120// 121//
f 121// 122// 96//
f 96// 122// 123//
f 96// 123// 124//
f 124// 123// 125//
f 124// 125// 126//
f 126// 127// 124//
f 124// 127// 128//
f 124// 128// 129//
f 129// 130// 124//
f 124// 130// 131//
f 124// 131// 132//
f 132// 133// 124//
f 124// 133// 134//
f 124// 134// 135//
f 135// 136// 124//
f 124// 136// 137//
f 124// 137// 138//
f 138// 139// 124//
f 124// 139// 140//
f 124// 140// 141//
f 141// 142// 124//
f 124// 142// 143//
f 124// 143// 144//
f 144// 145// 124//
f 124// 145// 146//
f 124// 146// 147//
f 147// 148// 124//
f 124// 148// 149//
f 124// 149// 150//
f 150// 151// 124//
f 124// 151// 152//
f 124// 152// 153//
f 153// 154// 124//
f 124// 154// 155//
f 124// 155// 156//
f 156// 157// 124//
f 124// 157// 158//
f 124// 158// 159//
f 159// 160// 124//
f 124// 160// 161//
f 124// 161// 162//
f 162// 163// 124//
f 124// 163// 164//
f 124// 164// 165//
f 166// 124// 167//
f 167// 124// 165//
f 166// 167// 168//
f 168// 169// 166//
f 166// 169// 170//
f 166// 170// 171//
f 171// 172// 166//
f 166// 172// 173//
f 166// 173// 174//
f 174// 175// 166//
f 166// 175// 176//
f 166// 176// 177//
f 177// 178// 166//
f 166// 178// 179//
f 166// 179// 180//
f 180// 181// 166//
f 166// 181// 182//
f 166// 182// 183//
f 183// 184// 166//
f 166// 184// 185//
f 166// 185// 186//
f 186// 187// 166//
f 166// 187// 188//
f 166// 188// 189//
f 189// 190// 166//
f 166// 190// 191//
f 166// 191// 192//
f 192// 191// 193//
f 192// 193// 194//
f 194// 195// 192//
f 192// 195// 196//
f 192// 196// 197//
f 197// 198// 192//
f 192// 198// 199//
f 192// 199// 200//
f 200// 201// 192//
f 192// 201// 202//
f 192// 202// 203//
f 203// 204// 192//
f 192// 204// 205//
f 192// 205// 206//
f 206// 207// 192//
f 192// 207// 208//
f 192// 208// 209//
f 209// 210// 192//
f 192// 210// 211//
f 192// 211// 212//
f 212// 213// 192//
f 192// 213// 214//
f 192// 214// 215//
f 215// 216// 192//
f 192// 216// 217//
f 192// 217// 218//
f 218// 219// 192//
f 192// 219// 220//
f 192// 220// 221//
f 221// 222// 192//
f 192// 222// 223//
f 192// 223// 224//
f 224// 225// 192//
f 192// 225// 226//
f 192// 226// 227//
f 227// 228// 192//
f 192// 228// 229//
f 192// 229// 230//
f 230// 231// 192//
f 192// 231// 232//
f 192// 232// 233//
f 234// 192// 235//
f 235// 192// 233//
f 234// 235// 236//
f 236// 237// 234//
f 234// 237// 238//
f 234// 238// 239//
f 239// 240// 234//
f 234// 240// 241//
f 234// 241// 242//
f 242// 243// 234//
f 234// 243// 244//
f 234// 244// 245//
f 245// 246// 234//
f 234// 246// 247//
f 234// 247// 248//
f 248// 249// 234//
f 234// 249// 250//
f 234// 250// 251//
f 251// 252// 234//
f 234// 252// 253//
f 234// 253// 254//
f 254// 255// 234//
f 234// 255// 256//
f 234// 256// 257//
f 257// 258// 234//
f 234// 258// 259//
f 234// 259// 260//
f 260// 259// 261//
f 260// 261// 262//
f 262// 263// 260//
f 260// 263// 264//
f 260// 264// 265//
f 265// 266// 260//
f 260// 266// 267//
f 260// 267// 268//
f 268// 269// 260//
f 260// 269// 270//
f 260// 270// 271//
f 271// 272// 260//
f 260// 272// 273//
f 260// 273// 274//
f 274// 275// 260//
f 260// 275// 276//
f 260// 276// 277//
f 277// 278// 260//
f 260// 278// 279//
f 260// 279// 280//
f 280// 281// 260//
f 260// 281// 282//
f 260// 282// 283//
f 283// 284// 260//
f 260// 284// 285//
f 260// 285// 286//
f 286// 287// 260//
f 260// 287// 288//
f 260// 288// 289//
f 289// 290// 260//
f 260// 290// 291//
f 260// 291// 292//
f 292// 293// 260//
f 260// 293// 294//
f 260// 294// 295//
f 295// 296// 260//
f 260// 296// 297//
f 260// 297// 298//
f 298// 299// 260//
f 260// 299// 300//
f 260// 300// 301//
f 302// 260// 303//
f 303// 260// 301//
f 302// 303// 304//
f 97// 305// 306//
f 304// 307// 302//
f 302// 307// 308//
f 302// 308// 309//
f 306// 310// 97//
f 97// 310// 311//
f 97// 311// 312//
f 312// 313// 97//
f 97// 313// 314//
f 97// 314// 315//
f 315// 316// 97//
f 97// 316// 317//
f 97// 317// 318//
f 309// 319// 302//
f 302// 319// 320//
f 302// 320// 321//
f 318// 322// 97//
f 97// 322// 323//
f 97// 323// 324//
f 321// 325// 302//
f 302// 325// 326//
f 302// 326// 327//
f 324// 328// 97//
f 97// 328// 329//
f 97// 329// 330//
f 327// 331// 302//
f 302// 331// 332//
f 302// 332// 333//
f 330// 334// 97//
f 97// 334// 335//
f 97// 335// 336//
f 333// 337// 302//
f 302// 337// 338//
f 302// 338// 339//
f 336// 340// 97//
f 97// 340// 341//
f 97// 341// 342//
f 339// 343// 302//
f 302// 343// 344//
f 302// 344// 345//
f 342// 346// 97//
f 97// 346// 347//
f 97// 347// 348//
f 345// 349// 302//
f 302// 349// 350//
f 302// 350// 351//
f 348// 352// 97//
f 97// 352// 353//
f 97// 353// 354//
f 351// 355// 302//
f 302// 355// 356//
f 302// 356// 97//
f 97// 356// 357//
f 354// 358// 97//
f 97// 358// 359//
f 97// 359// 99//
f 357// 360// 97//
f 97// 360// 361//
f 97// 361// 362//
f 362// 363// 97//
f 97// 363// 364//
f 97// 364// 365//
f 365// 366// 97//
f 97// 366// 367//
f 97// 367// 305//
f 192// 368// 369//
f 192// 234// 368//
f 368// 234// 260//
f 368// 260// 370//
f 370// 260// 302//
f 370// 302// 371//
f 371// 302// 97//
f 97// 96// 371//
f 371// 96// 124//
f 371// 124// 369//
f 369// 124// 166//
f 369// 166// 192//
f 372// 373// 99//
f 99// 373// 98//
f 374// 324// 323//
f 375// 315// 314//
f 376// 336// 335//
f 372// 377// 378//
f 99// 359// 372//
f 372// 359// 379//
f 372// 379// 380//
f 358// 354// 380//
f 380// 354// 381//
f 380// 381// 372//
f 372// 381// 382//
f 372// 383// 384//
f 322// 318// 384//
f 384// 318// 385//
f 384// 385// 372//
f 372// 385// 386//
f 317// 316// 386//
f 386// 316// 387//
f 386// 387// 372//
f 372// 387// 375//
f 372// 375// 377//
f 377// 375// 314//
f 313// 312// 378//
f 378// 312// 388//
f 378// 388// 372//
f 372// 388// 389//
f 353// 352// 382//
f 382// 352// 390//
f 382// 390// 372//
f 372// 390// 391//
f 372// 392// 393//
f 334// 330// 393//
f 393// 330// 394//
f 393// 394// 372//
f 372// 394// 395//
f 329// 328// 395//
f 395// 328// 396//
f 395// 396// 372//
f 372// 396// 374//
f 372// 374// 383//
f 383// 374// 323//
f 311// 310// 389//
f 389// 310// 397//
f 389// 397// 372//
f 372// 397// 398//
f 399// 363// 362//
f 348// 347// 391//
f 391// 347// 400//
f 391// 400// 372//
f 372// 400// 401//
f 346// 342// 401//
f 401// 342// 402//
f 401// 402// 372//
f 372// 402// 403//
f 341// 340// 403//
f 403// 340// 404//
f 403// 404// 372//
f 372// 404// 376//
f 372// 376// 392//
f 392// 376// 335//
f 306// 305// 398//
f 398// 305// 405//
f 398// 405// 372//
f 372// 405// 406//
f 367// 366// 406//
f 406// 366// 407//
f 406// 407// 372//
f 372// 407// 408//
f 409// 357// 356//
f 410// 350// 349//
f 411// 412// 372//
f 362// 411// 399//
f 399// 411// 372//
f 399// 372// 413//
f 413// 372// 408//
f 413// 408// 364//
f 364// 408// 365//
f 414// 415// 372//
f 416// 338// 337//
f 356// 414// 409//
f 409// 414// 372//
f 409// 372// 417//
f 417// 372// 412//
f 417// 412// 360//
f 360// 412// 361//
f 418// 419// 372//
f 349// 418// 410//
f 410// 418// 372//
f 410// 372// 420//
f 420// 372// 415//
f 420// 415// 351//
f 351// 415// 355//
f 421// 326// 325//
f 345// 344// 419//
f 419// 344// 422//
f 419// 422// 372//
f 372// 422// 423//
f 424// 425// 372//
f 337// 424// 416//
f 416// 424// 372//
f 416// 372// 426//
f 426// 372// 423//
f 426// 423// 339//
f 339// 423// 343//
f 333// 332// 425//
f 425// 332// 427//
f 425// 427// 372//
f 372// 427// 428//
f 321// 320// 429//
f 429// 320// 430//
f 431// 308// 307//
f 304// 303// 432//
f 432// 303// 433//
f 432// 433// 434//
f 325// 435// 421//
f 421// 435// 372//
f 421// 372// 436//
f 436// 372// 428//
f 436// 428// 327//
f 327// 428// 331//
f 437// 433// 430//
f 430// 433// 372//
f 430// 372// 429//
f 429// 372// 435//
f 307// 434// 431//
f 431// 434// 433//
f 431// 433// 438//
f 438// 433// 437//
f 438// 437// 309//
f 309// 437// 319//
f 439// 433// 301//
f 301// 433// 303//
f 440// 441// 442//
f 443// 279// 278//
f 444// 261// 259//
f 445// 446// 442//
f 439// 301// 300//
f 447// 297// 296//
f 448// 275// 274//
f 449// 256// 255//
f 300// 450// 439//
f 439// 450// 451//
f 439// 451// 442//
f 452// 293// 292//
f 255// 445// 449//
f 449// 445// 442//
f 449// 442// 453//
f 453// 442// 441//
f 453// 441// 257//
f 257// 441// 258//
f 454// 455// 442//
f 456// 285// 284//
f 457// 458// 442//
f 459// 460// 442//
f 461// 271// 270//
f 462// 252// 251//
f 463// 464// 442//
f 278// 459// 443//
f 443// 459// 442//
f 443// 442// 465//
f 465// 442// 458//
f 465// 458// 280//
f 280// 458// 281//
f 251// 454// 462//
f 462// 454// 442//
f 462// 442// 466//
f 466// 442// 446//
f 466// 446// 253//
f 253// 446// 254//
f 467// 468// 442//
f 296// 463// 447//
f 447// 463// 442//
f 447// 442// 469//
f 469// 442// 451//
f 469// 451// 298//
f 298// 451// 299//
f 470// 289// 288//
f 471// 283// 282//
f 472// 473// 442//
f 474// 248// 247//
f 247// 467// 474//
f 474// 467// 442//
f 474// 442// 475//
f 475// 442// 455//
f 475// 455// 249//
f 249// 455// 250//
f 476// 477// 442//
f 478// 479// 442//
f 274// 472// 448//
f 448// 472// 442//
f 448// 442// 480//
f 480// 442// 460//
f 480// 460// 276//
f 276// 460// 277//
f 481// 482// 442//
f 483// 442// 484//
f 484// 442// 482//
f 484// 482// 268//
f 268// 482// 269//
f 485// 486// 442//
f 487// 244// 243//
f 292// 478// 452//
f 452// 478// 442//
f 452// 442// 488//
f 488// 442// 464//
f 488// 464// 294//
f 294// 464// 295//
f 282// 457// 471//
f 471// 457// 442//
f 471// 442// 489//
f 490// 265// 264//
f 243// 476// 487//
f 487// 476// 442//
f 487// 442// 491//
f 491// 442// 468//
f 491// 468// 245//
f 245// 468// 246//
f 492// 493// 442//
f 494// 495// 442//
f 270// 481// 461//
f 461// 481// 442//
f 461// 442// 496//
f 496// 442// 473//
f 496// 473// 272//
f 272// 473// 273//
f 264// 485// 490//
f 490// 485// 442//
f 490// 442// 497//
f 497// 442// 483//
f 497// 483// 266//
f 266// 483// 267//
f 259// 440// 444//
f 444// 440// 442//
f 444// 442// 498//
f 498// 442// 486//
f 498// 486// 262//
f 262// 486// 263//
f 499// 240// 239//
f 288// 494// 470//
f 470// 494// 442//
f 470// 442// 500//
f 500// 442// 479//
f 500// 479// 290//
f 290// 479// 291//
f 239// 492// 499//
f 499// 492// 442//
f 499// 442// 501//
f 501// 442// 477//
f 501// 477// 241//
f 241// 477// 242//
f 236// 235// 502//
f 502// 235// 442//
f 502// 442// 503//
f 503// 442// 493//
f 503// 493// 237//
f 237// 493// 238//
f 284// 489// 456//
f 456// 489// 442//
f 456// 442// 504//
f 504// 442// 495//
f 504// 495// 286//
f 286// 495// 287//
f 505// 442// 233//
f 233// 442// 235//
f 506// 213// 212//
f 168// 167// 507//
f 507// 167// 508//
f 507// 508// 509//
f 509// 508// 505//
f 510// 221// 220//
f 505// 511// 512//
f 513// 201// 200//
f 514// 197// 196//
f 515// 174// 173//
f 233// 232// 505//
f 505// 232// 516//
f 505// 516// 517//
f 211// 210// 512//
f 512// 210// 518//
f 512// 518// 505//
f 505// 518// 519//
f 520// 188// 187//
f 231// 230// 517//
f 517// 230// 521//
f 517// 521// 505//
f 505// 521// 522//
f 505// 523// 524//
f 209// 208// 519//
f 519// 208// 525//
f 519// 525// 505//
f 505// 525// 526//
f 505// 527// 528//
f 529// 193// 191//
f 530// 186// 185//
f 531// 178// 177//
f 532// 170// 169//
f 229// 228// 522//
f 522// 228// 533//
f 522// 533// 505//
f 505// 533// 534//
f 219// 218// 524//
f 524// 218// 535//
f 524// 535// 505//
f 505// 535// 536//
f 217// 216// 536//
f 536// 216// 537//
f 536// 537// 505//
f 505// 537// 538//
f 215// 214// 538//
f 538// 214// 539//
f 538// 539// 505//
f 505// 539// 506//
f 505// 506// 511//
f 511// 506// 212//
f 207// 206// 526//
f 526// 206// 540//
f 526// 540// 505//
f 505// 540// 541//
f 205// 204// 541//
f 541// 204// 542//
f 541// 542// 505//
f 505// 542// 543//
f 203// 202// 543//
f 543// 202// 544//
f 543// 544// 505//
f 505// 544// 513//
f 505// 513// 527//
f 527// 513// 200//
f 227// 226// 534//
f 534// 226// 545//
f 534// 545// 505//
f 505// 545// 546//
f 225// 224// 546//
f 546// 224// 547//
f 546// 547// 505//
f 505// 547// 548//
f 223// 222// 548//
f 548// 222// 549//
f 548// 549// 505//
f 505// 549// 510//
f 505// 510// 523//
f 523// 510// 220//
f 550// 551// 505//
f 505// 552// 553//
f 196// 550// 514//
f 514// 550// 505//
f 514// 505// 554//
f 554// 505// 528//
f 554// 528// 198//
f 198// 528// 199//
f 555// 556// 505//
f 185// 552// 530//
f 530// 552// 505//
f 530// 505// 557//
f 184// 183// 553//
f 553// 183// 558//
f 553// 558// 505//
f 505// 558// 559//
f 191// 555// 529//
f 529// 555// 505//
f 529// 505// 560//
f 560// 505// 551//
f 560// 551// 194//
f 194// 551// 195//
f 190// 189// 556//
f 556// 189// 561//
f 556// 561// 505//
f 505// 561// 520//
f 505// 520// 557//
f 557// 520// 187//
f 562// 563// 505//
f 182// 181// 559//
f 559// 181// 564//
f 559// 564// 505//
f 505// 564// 565//
f 505// 566// 567//
f 173// 562// 515//
f 515// 562// 505//
f 515// 505// 568//
f 568// 505// 567//
f 568// 567// 175//
f 175// 567// 176//
f 169// 509// 532//
f 532// 509// 505//
f 532// 505// 569//
f 569// 505// 563//
f 569// 563// 171//
f 171// 563// 172//
f 177// 566// 531//
f 531// 566// 505//
f 531// 505// 570//
f 570// 505// 565//
f 570// 565// 179//
f 179// 565// 180//
f 571// 508// 165//
f 165// 508// 167//
f 165// 164// 571//
f 571// 164// 572//
f 571// 572// 573//
f 574// 157// 156//
f 163// 162// 573//
f 573// 162// 575//
f 573// 575// 571//
f 571// 575// 576//
f 577// 149// 148//
f 141// 140// 578//
f 578// 140// 579//
f 161// 160// 576//
f 576// 160// 580//
f 576// 580// 571//
f 571// 580// 581//
f 571// 582// 583//
f 571// 584// 585//
f 159// 158// 581//
f 581// 158// 586//
f 581// 586// 571//
f 571// 586// 574//
f 571// 574// 582//
f 582// 574// 156//
f 155// 154// 583//
f 583// 154// 587//
f 583// 587// 571//
f 571// 587// 588//
f 147// 146// 585//
f 585// 146// 589//
f 585// 589// 571//
f 571// 589// 590//
f 591// 373// 592//
f 592// 373// 593//
f 592// 593// 138//
f 138// 593// 139//
f 153// 152// 588//
f 588// 152// 594//
f 588// 594// 571//
f 571// 594// 595//
f 145// 144// 590//
f 590// 144// 596//
f 590// 596// 571//
f 571// 596// 597//
f 143// 142// 597//
f 597// 142// 598//
f 597// 598// 571//
f 571// 598// 578//
f 571// 578// 373//
f 373// 578// 579//
f 373// 579// 593//
f 151// 150// 595//
f 595// 150// 599//
f 595// 599// 571//
f 571// 599// 577//
f 571// 577// 584//
f 584// 577// 148//
f 600// 133// 132//
f 601// 602// 373//
f 137// 136// 591//
f 591// 136// 603//
f 591// 603// 373//
f 373// 603// 604//
f 132// 601// 600//
f 600// 601// 373//
f 600// 373// 605//
f 605// 373// 604//
f 605// 604// 134//
f 134// 604// 135//
f 606// 129// 128//
f 607// 608// 373//
f 128// 607// 606//
f 606// 607// 373//
f 606// 373// 609//
f 609// 373// 602//
f 609// 602// 130//
f 130// 602// 131//
f 610// 125// 123//
f 611// 612// 373//
f 123// 611// 610//
f 610// 611// 373//
f 610// 373// 613//
f 613// 373// 608//
f 613// 608// 126//
f 126// 608// 127//
f 614// 120// 119//
f 615// 616// 373//
f 119// 615// 614//
f 614// 615// 373//
f 614// 373// 617//
f 617// 373// 612//
f 617// 612// 121//
f 121// 612// 122//
f 618// 116// 115//
f 619// 620// 373//
f 115// 619// 618//
f 618// 619// 373//
f 618// 373// 621//
f 621// 373// 616//
f 621// 616// 117//
f 117// 616// 118//
f 622// 623// 373//
f 624// 112// 111//
f 111// 622// 624//
f 624// 622// 373//
f 624// 373// 625//
f 625// 373// 620//
f 625// 620// 113//
f 113// 620// 114//
f 626// 108// 107//
f 627// 628// 373//
f 107// 627// 626//
f 626// 627// 373//
f 626// 373// 629//
f 629// 373// 623//
f 629// 623// 109//
f 109// 623// 110//
f 630// 104// 103//
f 631// 632// 373//
f 103// 631// 630//
f 630// 631// 373//
f 630// 373// 633//
f 633// 373// 628//
f 633// 628// 105//
f 105// 628// 106//
f 100// 98// 634//
f 634// 98// 373//
f 634// 373// 635//
f 635// 373// 632//
f 635// 632// 101//
f 101// 632// 102//
f 442// 505// 636//
f 636// 637// 442//
f 442// 637// 638//
f 442// 638// 639//
f 640// 641// 433//
f 433// 641// 642//
f 433// 642// 372//
f 372// 642// 643//
f 372// 643// 644//
f 639// 645// 442//
f 442// 645// 646//
f 442// 646// 439//
f 439// 646// 647//
f 439// 647// 648//
f 648// 649// 439//
f 439// 649// 650//
f 439// 650// 433//
f 433// 650// 651//
f 433// 651// 640//
f 571// 652// 508//
f 508// 652// 653//
f 508// 653// 505//
f 505// 653// 654//
f 505// 654// 636//
f 644// 655// 372//
f 372// 655// 656//
f 372// 656// 373//
f 656// 657// 373//
f 373// 657// 658//
f 373// 658// 571//
f 571// 658// 659//
f 571// 659// 652//
usemtl 1
f 660// 661// 572//
f 572// 661// 573//
f 163// 662// 164//
f 164// 662// 663//
f 572// 164// 660//
f 660// 164// 663//
f 660// 663// 664//
f 664// 663// 665//
f 664// 665// 666//
f 666// 665// 667//
f 666// 667// 668//
f 668// 667// 669//
f 668// 669// 670//
f 670// 669// 671//
f 670// 671// 672//
f 672// 671// 673//
f 672// 673// 674//
f 674// 673// 675//
f 674// 675// 676//
f 676// 675// 677//
f 676// 677// 678//
f 678// 677// 679//
f 678// 679// 680//
f 680// 679// 681//
f 680// 681// 682//
f 682// 681// 683//
f 682// 683// 684//
f 684// 683// 685//
f 684// 685// 686//
f 686// 685// 687//
f 686// 687// 688//
f 688// 687// 689//
f 688// 689// 690//
f 690// 689// 691//
f 163// 573// 662//
f 662// 573// 661//
f 662// 661// 692//
f 692// 661// 693//
f 692// 693// 694//
f 694// 693// 695//
f 694// 695// 696//
f 696// 695// 697//
f 696// 697// 698//
f 698// 697// 699//
f 698// 699// 700//
f 700// 699// 701//
f 700// 701// 702//
f 702// 701// 703//
f 702// 703// 704//
f 704// 703// 705//
f 704// 705// 706//
f 706// 705// 707//
f 706// 707// 708//
f 708// 707// 709//
f 708// 709// 710//
f 710// 709// 711//
f 710// 711// 712//
f 712// 711// 713//
f 712// 713// 714//
f 714// 713// 715//
f 714// 715// 716//
f 716// 715// 717//
f 716// 717// 718//
f 718// 717// 719//
f 691// 689// 718//
f 718// 689// 716//
f 690// 691// 719//
f 719// 691// 718//
f 688// 690// 717//
f 717// 690// 719//
f 688// 717// 686//
f 686// 717// 715//
f 686// 715// 684//
f 684// 715// 713//
f 684// 713// 682//
f 682// 713// 711//
f 682// 711// 680//
f 680// 711// 709//
f 680// 709// 678//
f 678// 709// 707//
f 678// 707// 676//
f 676// 707// 705//
f 674// 676// 703//
f 703// 676// 705//
f 674// 703// 701//
f 674// 701// 672//
f 672// 701// 699//
f 672// 699// 670//
f 670// 699// 697//
f 670// 697// 668//
f 668// 697// 695//
f 668// 695// 666//
f 666// 695// 693//
f 666// 693// 664//
f 664// 693// 661//
f 664// 661// 660//
f 663// 662// 665//
f 665// 662// 692//
f 665// 692// 667//
f 667// 692// 694//
f 667// 694// 669//
f 669// 694// 696//
f 669// 696// 671//
f 671// 696// 698//
f 671// 698// 673//
f 673// 698// 700//
f 673// 700// 675//
f 675// 700// 702//
f 677// 675// 704//
f 704// 675// 702//
f 677// 704// 706//
f 677// 706// 679//
f 679// 706// 708//
f 679// 708// 681//
f 681// 708// 710//
f 681// 710// 683//
f 683// 710// 712//
f 683// 712// 685//
f 685// 712// 714//
f 685// 714// 687//
f 687// 714// 716//
f 687// 716// 689//
f 720// 721// 575//
f 575// 721// 576//
f 161// 722// 162//
f 162// 722// 723//
f 575// 162// 720//
f 720// 162// 723//
f 720// 723// 724//
f 724// 723// 725//
f 724// 725// 726//
f 726// 725// 727//
f 726// 727// 728//
f 728// 727// 729//
f 728// 729// 730//
f 730// 729// 731//
f 730// 731// 732//
f 732// 731// 733//
f 732// 733// 734//
f 734// 733// 735//
f 734// 735// 736//
f 736// 735// 737//
f 736// 737// 738//
f 738// 737// 739//
f 738// 739// 740//
f 740// 739// 741//
f 740// 741// 742//
f 742// 741// 743//
f 742// 743// 744//
f 744// 743// 745//
f 744// 745// 746//
f 746// 745// 747//
f 746// 747// 748//
f 748// 747// 749//
f 748// 749// 750//
f 750// 749// 751//
f 161// 576// 722//
f 722// 576// 721//
f 722// 721// 752//
f 752// 721// 753//
f 752// 753// 754//
f 754// 753// 755//
f 754// 755// 756//
f 756// 755// 757//
f 756// 757// 758//
f 758// 757// 759//
f 758// 759// 760//
f 760// 759// 761//
f 760// 761// 762//
f 762// 761// 763//
f 762// 763// 764//
f 764// 763// 765//
f 764// 765// 766//
f 766// 765// 767//
f 766// 767// 768//
f 768// 767// 769//
f 768// 769// 770//
f 770// 769// 771//
f 770// 771// 772//
f 772// 771// 773//
f 772// 773// 774//
f 774// 773// 775//
f 774// 775// 776//
f 776// 775// 777//
f 776// 777// 778//
f 778// 777// 779//
f 751// 749// 778//
f 778// 749// 776//
f 750// 751// 779//
f 779// 751// 778//
f 748// 750// 777//
f 777// 750// 779//
f 748// 777// 746//
f 746// 777// 775//
f 746// 775// 744//
f 744// 775// 773//
f 744// 773// 742//
f 742// 773// 771//
f 742// 771// 740//
f 740// 771// 769//
f 740// 769// 738//
f 738// 769// 767//
f 738// 767// 736//
f 736// 767// 765//
f 734// 736// 763//
f 763// 736// 765//
f 734// 763// 761//
f 734// 761// 732//
f 732// 761// 759//
f 732// 759// 730//
f 730// 759// 757//
f 730// 757// 728//
f 728// 757// 755//
f 728// 755// 726//
f 726// 755// 753//
f 726// 753// 724//
f 724// 753// 721//
f 724// 721// 720//
f 723// 722// 725//
f 725// 722// 752//
f 725// 752// 727//
f 727// 752// 754//
f 727// 754// 729//
f 729// 754// 756//
f 729// 756// 731//
f 731// 756// 758//
f 731// 758// 733//
f 733// 758// 760//
f 733// 760// 735//
f 735// 760// 762//
f 737// 735// 764//
f 764// 735// 762//
f 737// 764// 766//
f 737// 766// 739//
f 739// 766// 768//
f 739// 768// 741//
f 741// 768// 770//
f 741// 770// 743//
f 743// 770// 772//
f 743// 772// 745//
f 745// 772// 774//
f 745// 774// 747//
f 747// 774// 776//
f 747// 776// 749//
f 780// 781// 580//
f 580// 781// 581//
f 159// 782// 160//
f 160// 782// 783//
f 580// 160// 780//
f 780// 160// 783//
f 780// 783// 784//
f 784// 783// 785//
f 784// 785// 786//
f 786// 785// 787//
f 786// 787// 788//
f 788// 787// 789//
f 788// 789// 790//
f 790// 789// 791//
f 790// 791// 792//
f 792// 791// 793//
f 792// 793// 794//
f 794// 793// 795//
f 794// 795// 796//
f 796// 795// 797//
f 796// 797// 798//
f 798// 797// 799//
f 798// 799// 800//
f 800// 799// 801//
f 800// 801// 802//
f 802// 801// 803//
f 802// 803// 804//
f 804// 803// 805//
f 804// 805// 806//
f 806// 805// 807//
f 806// 807// 808//
f 808// 807// 809//
f 808// 809// 810//
f 810// 809// 811//
f 159// 581// 782//
f 782// 581// 781//
f 782// 781// 812//
f 812// 781// 813//
f 812// 813// 814//
f 814// 813// 815//
f 814// 815// 816//
f 816// 815// 817//
f 816// 817// 818//
f 818// 817// 819//
f 818// 819// 820//
f 820// 819// 821//
f 820// 821// 822//
f 822// 821// 823//
f 822// 823// 824//
f 824// 823// 825//
f 824// 825// 826//
f 826// 825// 827//
f 826// 827// 828//
f 828// 827// 829//
f 828// 829// 830//
f 830// 829// 831//
f 830// 831// 832//
f 832// 831// 833//
f 832// 833// 834//
f 834// 833// 835//
f 834// 835// 836//
f 836// 835// 837//
f 836// 837// 838//
f 838// 837// 839//
f 811// 809// 838//
f 838// 809// 836//
f 810// 811// 839//
f 839// 811// 838//
f 808// 810// 837//
f 837// 810// 839//
f 808// 837// 806//
f 806// 837// 835//
f 806// 835// 804//
f 804// 835// 833//
f 804// 833// 802//
f 802// 833// 831//
f 802// 831// 800//
f 800// 831// 829//
f 800// 829// 798//
f 798// 829// 827//
f 798// 827// 796//
f 796// 827// 825//
f 794// 796// 823//
f 823// 796// 825//
f 794// 823// 821//
f 794// 821// 792//
f 792// 821// 819//
f 792// 819// 790//
f 790// 819// 817//
f 790// 817// 788//
f 788// 817// 815//
f 788// 815// 786//
f 786// 815// 813//
f 786// 813// 784//
f 784// 813// 781//
f 784// 781// 780//
f 783// 782// 785//
f 785// 782// 812//
f 785// 812// 787//
f 787// 812// 814//
f 787// 814// 789//
f 789// 814// 816//
f 789// 816// 791//
f 791// 816// 818//
f 791// 818// 793//
f 793// 818// 820//
f 793// 820// 795//
f 795// 820// 822//
f 797// 795// 824//
f 824// 795// 822//
f 797// 824// 826//
f 797// 826// 799//
f 799// 826// 828//
f 799// 828// 801//
f 801// 828// 830//
f 801// 830// 803//
f 803// 830// 832//
f 803// 832// 805//
f 805// 832// 834//
f 805// 834// 807//
f 807// 834// 836//
f 807// 836// 809//
f 840// 841// 586//
f 586// 841// 574//
f 157// 842// 158//
f 158// 842// 843//
f 586// 158// 840//
f 840// 158// 843//
f 840// 843// 844//
f 844// 843// 845//
f 844// 845// 846//
f 846// 845// 847//
f 846// 847// 848//
f 848// 847// 849//
f 848// 849// 850//
f 850// 849// 851//
f 850// 851// 852//
f 852// 851// 853//
f 852// 853// 854//
f 854// 853// 855//
f 854// 855// 856//
f 856// 855// 857//
f 856// 857// 858//
f 858// 857// 859//
f 858// 859// 860//
f 860// 859// 861//
f 860// 861// 862//
f 862// 861// 863//
f 862// 863// 864//
f 864// 863// 865//
f 864// 865// 866//
f 866// 865// 867//
f 866// 867// 868//
f 868// 867// 869//
f 868// 869// 870//
f 870// 869// 871//
f 157// 574// 842//
f 842// 574// 841//
f 842// 841// 872//
f 872// 841// 873//
f 872// 873// 874//
f 874// 873// 875//
f 874// 875// 876//
f 876// 875// 877//
f 876// 877// 878//
f 878// 877// 879//
f 878// 879// 880//
f 880// 879// 881//
f 880// 881// 882//
f 882// 881// 883//
f 882// 883// 884//
f 884// 883// 885//
f 884// 885// 886//
f 886// 885// 887//
f 886// 887// 888//
f 888// 887// 889//
f 888// 889// 890//
f 890// 889// 891//
f 890// 891// 892//
f 892// 891// 893//
f 892// 893// 894//
f 894// 893// 895//
f 894// 895// 896//
f 896// 895// 897//
f 896// 897// 898//
f 898// 897// 899//
f 871// 869// 898//
f 898// 869// 896//
f 870// 871// 899//
f 899// 871// 898//
f 868// 870// 897//
f 897// 870// 899//
f 868// 897// 866//
f 866// 897// 895//
f 866// 895// 864//
f 864// 895// 893//
f 864// 893// 862//
f 862// 893// 891//
f 862// 891// 860//
f 860// 891// 889//
f 860// 889// 858//
f 858// 889// 887//
f 858// 887// 856//
f 856// 887// 885//
f 854// 856// 883//
f 883// 856// 885//
f 854// 883// 881//
f 854// 881// 852//
f 852// 881// 879//
f 852// 879// 850//
f 850// 879// 877//
f 850// 877// 848//
f 848// 877// 875//
f 848// 875// 846//
f 846// 875// 873//
f 846// 873// 844//
f 844// 873// 841//
f 844// 841// 840//
f 843// 842// 845//
f 845// 842// 872//
f 845// 872// 847//
f 847// 872// 874//
f 847// 874// 849//
f 849// 874// 876//
f 849// 876// 851//
f 851// 876// 878//
f 851// 878// 853//
f 853// 878// 880//
f 853// 880// 855//
f 855// 880// 882//
f 857// 855// 884//
f 884// 855// 882//
f 857// 884// 886//
f 857// 886// 859//
f 859// 886// 888//
f 859// 888// 861//
f 861// 888// 890//
f 861// 890// 863//
f 863// 890// 892//
f 863// 892// 865//
f 865// 892// 894//
f 865// 894// 867//
f 867// 894// 896//
f 867// 896// 869//
f 900// 901// 582//
f 582// 901// 583//
f 155// 902// 156//
f 156// 902// 903//
f 582// 156// 900//
f 900// 156// 903//
f 900// 903// 904//
f 904// 903// 905//
f 904// 905// 906//
f 906// 905// 907//
f 906// 907// 908//
f 908// 907// 909//
f 908// 909// 910//
f 910// 909// 911//
f 910// 911// 912//
f 912// 911// 913//
f 912// 913// 914//
f 914// 913// 915//
f 914// 915// 916//
f 916// 915// 917//
f 916// 917// 918//
f 918// 917// 919//
f 918// 919// 920//
f 920// 919// 921//
f 920// 921// 922//
f 922// 921// 923//
f 922// 923// 924//
f 924// 923// 925//
f 924// 925// 926//
f 926// 925// 927//
f 926// 927// 928//
f 928// 927// 929//
f 928// 929// 930//
f 930// 929// 931//
f 155// 583// 902//
f 902// 583// 901//
f 902// 901// 932//
f 932// 901// 933//
f 932// 933// 934//
f 934// 933// 935//
f 934// 935// 936//
f 936// 935// 937//
f 936// 937// 938//
f 938// 937// 939//
f 938// 939// 940//
f 940// 939// 941//
f 940// 941// 942//
f 942// 941// 943//
f 942// 943// 944//
f 944// 943// 945//
f 944// 945// 946//
f 946// 945// 947//
f 946// 947// 948//
f 948// 947// 949//
f 948// 949// 950//
f 950// 949// 951//
f 950// 951// 952//
f 952// 951// 953//
f 952// 953// 954//
f 954// 953// 955//
f 954// 955// 956//
f 956// 955// 957//
f 956// 957// 958//
f 958// 957// 959//
f 931// 929// 958//
f 958// 929// 956//
f 930// 931// 959//
f 959// 931// 958//
f 928// 930// 957//
f 957// 930// 959//
f 928// 957// 926//
f 926// 957// 955//
f 926// 955// 924//
f 924// 955// 953//
f 924// 953// 922//
f 922// 953// 951//
f 922// 951// 920//
f 920// 951// 949//
f 920// 949// 918//
f 918// 949// 947//
f 918// 947// 916//
f 916// 947// 945//
f 914// 916// 943//
f 943// 916// 945//
f 914// 943// 941//
f 914// 941// 912//
f 912// 941// 939//
f 912// 939// 910//
f 910// 939// 937//
f 910// 937// 908//
f 908// 937// 935//
f 908// 935// 906//
f 906// 935// 933//
f 906// 933// 904//
f 904// 933// 901//
f 904// 901// 900//
f 903// 902// 905//
f 905// 902// 932//
f 905// 932// 907//
f 907// 932// 934//
f 907// 934// 909//
f 909// 934// 936//
f 909// 936// 911//
f 911// 936// 938//
f 911// 938// 913//
f 913// 938// 940//
f 913// 940// 915//
f 915// 940// 942//
f 917// 915// 944//
f 944// 915// 942//
f 917// 944// 946//
f 917// 946// 919//
f 919// 946// 948//
f 919// 948// 921//
f 921// 948// 950//
f 921// 950// 923//
f 923// 950// 952//
f 923// 952// 925//
f 925// 952// 954//
f 925// 954// 927//
f 927// 954// 956//
f 927// 956// 929//
f 960// 961// 587//
f 587// 961// 588//
f 153// 962// 154//
f 154// 962// 963//
f 587// 154// 960//
f 960// 154// 963//
f 960// 963// 964//
f 964// 963// 965//
f 964// 965// 966//
f 966// 965// 967//
f 966// 967// 968//
f 968// 967// 969//
f 968// 969// 970//
f 970// 969// 971//
f 970// 971// 972//
f 972// 971// 973//
f 972// 973// 974//
f 974// 973// 975//
f 974// 975// 976//
f 976// 975// 977//
f 976// 977// 978//
f 978// 977// 979//
f 978// 979// 980//
f 980// 979// 981//
f 980// 981// 982//
f 982// 981// 983//
f 982// 983// 984//
f 984// 983// 985//
f 984// 985// 986//
f 986// 985// 987//
f 986// 987// 988//
f 988// 987// 989//
f 988// 989// 990//
f 990// 989// 991//
f 153// 588// 962//
f 962// 588// 961//
f 962// 961// 992//
f 992// 961// 993//
f 992// 993// 994//
f 994// 993// 995//
f 994// 995// 996//
f 996// 995// 997//
f 996// 997// 998//
f 998// 997// 999//
f 998// 999// 1000//
f 1000// 999// 1001//
f 1000// 1001// 1002//
f 1002// 1001// 1003//
f 1002// 1003// 1004//
f 1004// 1003// 1005//
f 1004// 1005// 1006//
f 1006// 1005// 1007//
f 1006// 1007// 1008//
f 1008// 1007// 1009//
f 1008// 1009// 1010//
f 1010// 1009// 1011//
f 1010// 1011// 1012//
f 1012// 1011// 1013//
f 1012// 1013// 1014//
f 1014// 1013// 1015//
f 1014// 1015// 1016//
f 1016// 1015// 1017//
f 1016// 1017// 1018//
f 1018// 1017// 1019//
f 991// 989// 1018//
f 1018// 989// 1016//
f 990// 991// 1019//
f 1019// 991// 1018//
f 988// 990// 1017//
f 1017// 990// 1019//
f 988// 1017// 986//
f 986// 1017// 1015//
f 986// 1015// 984//
f 984// 1015// 1013//
f 984// 1013// 982//
f 982// 1013// 1011//
f 982// 1011// 980//
f 980// 1011// 1009//
f 980// 1009// 978//
f 978// 1009// 1007//
f 978// 1007// 976//
f 976// 1007// 1005//
f 974// 976// 1003//
f 1003// 976// 1005//
f 974// 1003// 1001//
f 974// 1001// 972//
f 972// 1001// 999//
f 972// 999// 970//
f 970// 999// 997//
f 970// 997// 968//
f 968// 997// 995//
f 968// 995// 966//
f 966// 995// 993//
f 966// 993// 964//
f 964// 993// 961//
f 964// 961// 960//
f 963// 962// 965//
f 965// 962// 992//
f 965// 992// 967//
f 967// 992// 994//
f 967// 994// 969//
f 969// 994// 996//
f 969// 996// 971//
f 971// 996// 998//
f 971// 998// 973//
f 973// 998// 1000//
f 973// 1000// 975//
f 975// 1000// 1002//
f 977// 975// 1004//
f 1004// 975// 1002//
f 977// 1004// 1006//
f 977// 1006// 979//
f 979// 1006// 1008//
f 979// 1008// 981//
f 981// 1008// 1010//
f 981// 1010// 983//
f 983// 1010// 1012//
f 983// 1012// 985//
f 985// 1012// 1014//
f 985// 1014// 987//
f 987// 1014// 1016//
f 987// 1016// 989//
f 1020// 1021// 594//
f 594// 1021// 595//
f 151// 1022// 152//
f 152// 1022// 1023//
f 594// 152// 1020//
f 1020// 152// 1023//
f 1020// 1023// 1024//
f 1024// 1023// 1025//
f 1024// 1025// 1026//
f 1026// 1025// 1027//
f 1026// 1027// 1028//
f 1028// 1027// 1029//
f 1028// 1029// 1030//
f 1030// 1029// 1031//
f 1030// 1031// 1032//
f 1032// 1031// 1033//
f 1032// 1033// 1034//
f 1034// 1033// 1035//
f 1034// 1035// 1036//
f 1036// 1035// 1037//
f 1036// 1037// 1038//
f 1038// 1037// 1039//
f 1038// 1039// 1040//
f 1040// 1039// 1041//
f 1040// 1041// 1042//
f 1042// 1041// 1043//
f 1042// 1043// 1044//
f 1044// 1043// 1045//
f 1044// 1045// 1046//
f 1046// 1045// 1047//
f 1046// 1047// 1048//
f 1048// 1047// 1049//
f 1048// 1049// 1050//
f 1050// 1049// 1051//
f 151// 595// 1022//
f 1022// 595// 1021//
f 1022// 1021// 1052//
f 1052// 1021// 1053//
f 1052// 1053// 1054//
f 1054// 1053// 1055//
f 1054// 1055// 1056//
f 1056// 1055// 1057//
f 1056// 1057// 1058//
f 1058// 1057// 1059//
f 1058// 1059// 1060//
f 1060// 1059// 1061//
f 1060// 1061// 1062//
f 1062// 1061// 1063//
f 1062// 1063// 1064//
f 1064// 1063// 1065//
f 1064// 1065// 1066//
f 1066// 1065// 1067//
f 1066// 1067// 1068//
f 1068// 1067// 1069//
f 1068// 1069// 1070//
f 1070// 1069// 1071//
f 1070// 1071// 1072//
f 1072// 1071// 1073//
f 1072// 1073// 1074//
f 1074// 1073// 1075//
f 1074// 1075// 1076//
f 1076// 1075// 1077//
f 1076// 1077// 1078//
f 1078// 1077// 1079//
f 1051// 1049// 1078//
f 1078// 1049// 1076//
f 1050// 1051// 1079//
f 1079// 1051// 1078//
f 1048// 1050// 1077//
f 1077// 1050// 1079//
f 1048// 1077// 1046//
f 1046// 1077// 1075//
f 1046// 1075// 1044//
f 1044// 1075// 1073//
f 1044// 1073// 1042//
f 1042// 1073// 1071//
f 1042// 1071// 1040//
f 1040// 1071// 1069//
f 1040// 1069// 1038//
f 1038// 1069// 1067//
f 1038// 1067// 1036//
f 1036// 1067// 1065//
f 1034// 1036// 1063//
f 1063// 1036// 1065//
f 1034// 1063// 1061//
f 1034// 1061// 1032//
f 1032// 1061// 1059//
f 1032// 1059// 1030//
f 1030// 1059// 1057//
f 1030// 1057// 1028//
f 1028// 1057// 1055//
f 1028// 1055// 1026//
f 1026// 1055// 1053//
f 1026// 1053// 1024//
f 1024// 1053// 1021//
f 1024// 1021// 1020//
f 1023// 1022// 1025//
f 1025// 1022// 1052//
f 1025// 1052// 1027//
f 1027// 1052// 1054//
f 1027// 1054// 1029//
f 1029// 1054// 1056//
f 1029// 1056// 1031//
f 1031// 1056// 1058//
f 1031// 1058// 1033//
f 1033// 1058// 1060//
f 1033// 1060// 1035//
f 1035// 1060// 1062//
f 1037// 1035// 1064//
f 1064// 1035// 1062//
f 1037// 1064// 1066//
f 1037// 1066// 1039//
f 1039// 1066// 1068//
f 1039// 1068// 1041//
f 1041// 1068// 1070//
f 1041// 1070// 1043//
f 1043// 1070// 1072//
f 1043// 1072// 1045//
f 1045// 1072// 1074//
f 1045// 1074// 1047//
f 1047// 1074// 1076//
f 1047// 1076// 1049//
f 1080// 1081// 599//
f 599// 1081// 577//
f 149// 1082// 150//
f 150// 1082// 1083//
f 599// 150// 1080//
f 1080// 150// 1083//
f 1080// 1083// 1084//
f 1084// 1083// 1085//
f 1084// 1085// 1086//
f 1086// 1085// 1087//
f 1086// 1087// 1088//
f 1088// 1087// 1089//
f 1088// 1089// 1090//
f 1090// 1089// 1091//
f 1090// 1091// 1092//
f 1092// 1091// 1093//
f 1092// 1093// 1094//
f 1094// 1093// 1095//
f 1094// 1095// 1096//
f 1096// 1095// 1097//
f 1096// 1097// 1098//
f 1098// 1097// 1099//
f 1098// 1099// 1100//
f 1100// 1099// 1101//
f 1100// 1101// 1102//
f 1102// 1101// 1103//
f 1102// 1103// 1104//
f 1104// 1103// 1105//
f 1104// 1105// 1106//
f 1106// 1105// 1107//
f 1106// 1107// 1108//
f 1108// 1107// 1109//
f 1108// 1109// 1110//
f 1110// 1109// 1111//
f 149// 577// 1082//
f 1082// 577// 1081//
f 1082// 1081// 1112//
f 1112// 1081// 1113//
f 1112// 1113// 1114//
f 1114// 1113// 1115//
f 1114// 1115// 1116//
f 1116// 1115// 1117//
f 1116// 1117// 1118//
f 1118// 1117// 1119//
f 1118// 1119// 1120//
f 1120// 1119// 1121//
f 1120// 1121// 1122//
f 1122// 1121// 1123//
f 1122// 1123// 1124//
f 1124// 1123// 1125//
f 1124// 1125// 1126//
f 1126// 1125// 1127//
f 1126// 1127// 1128//
f 1128// 1127// 1129//
f 1128// 1129// 1130//
f 1130// 1129// 1131//
f 1130// 1131// 1132//
f 1132// 1131// 1133//
f 1132// 1133// 1134//
f 1134// 1133// 1135//
f 1134// 1135// 1136//
f 1136// 1135// 1137//
f 1136// 1137// 1138//
f 1138// 1137// 1139//
f 1111// 1109// 1138//
f 1138// 1109// 1136//
f 1110// 1111// 1139//
f 1139// 1111// 1138//
f 1108// 1110// 1137//
f 1137// 1110// 1139//
f 1108// 1137// 1106//
f 1106// 1137// 1135//
f 1106// 1135// 1104//
f 1104// 1135// 1133//
f 1104// 1133// 1102//
f 1102// 1133// 1131//
f 1102// 1131// 1100//
f 1100// 1131// 1129//
f 1100// 1129// 1098//
f 1098// 1129// 1127//
f 1098// 1127// 1096//
f 1096// 1127// 1125//
f 1094// 1096// 1123//
f 1123// 1096// 1125//
f 1094// 1123// 1121//
f 1094// 1121// 1092//
f 1092// 1121// 1119//
f 1092// 1119// 1090//
f 1090// 1119// 1117//
f 1090// 1117// 1088//
f 1088// 1117// 1115//
f 1088// 1115// 1086//
f 1086// 1115// 1113//
f 1086// 1113// 1084//
f 1084// 1113// 1081//
f 1084// 1081// 1080//
f 1083// 1082// 1085//
f 1085// 1082// 1112//
f 1085// 1112// 1087//
f 1087// 1112// 1114//
f 1087// 1114// 1089//
f 1089// 1114// 1116//
f 1089// 1116// 1091//
f 1091// 1116// 1118//
f 1091// 1118// 1093//
f 1093// 1118// 1120//
f 1093// 1120// 1095//
f 1095// 1120// 1122//
f 1097// 1095// 1124//
f 1124// 1095// 1122//
f 1097// 1124// 1126//
f 1097// 1126// 1099//
f 1099// 1126// 1128//
f 1099// 1128// 1101//
f 1101// 1128// 1130//
f 1101// 1130// 1103//
f 1103// 1130// 1132//
f 1103// 1132// 1105//
f 1105// 1132// 1134//
f 1105// 1134// 1107//
f 1107// 1134// 1136//
f 1107// 1136// 1109//
f 1140// 1141// 584//
f 584// 1141// 585//
f 147// 1142// 148//
f 148// 1142// 1143//
f 584// 148// 1140//
f 1140// 148// 1143//
f 1140// 1143// 1144//
f 1144// 1143// 1145//
f 1144// 1145// 1146//
f 1146// 1145// 1147//
f 1146// 1147// 1148//
f 1148// 1147// 1149//
f 1148// 1149// 1150//
f 1150// 1149// 1151//
f 1150// 1151// 1152//
f 1152// 1151// 1153//
f 1152// 1153// 1154//
f 1154// 1153// 1155//
f 1154// 1155// 1156//
f 1156// 1155// 1157//
f 1156// 1157// 1158//
f 1158// 1157// 1159//
f 1158// 1159// 1160//
f 1160// 1159// 1161//
f 1160// 1161// 1162//
f 1162// 1161// 1163//
f 1162// 1163// 1164//
f 1164// 1163// 1165//
f 1164// 1165// 1166//
f 1166// 1165// 1167//
f 1166// 1167// 1168//
f 1168// 1167// 1169//
f 1168// 1169// 1170//
f 1170// 1169// 1171//
f 147// 585// 1142//
f 1142// 585// 1141//
f 1142// 1141// 1172//
f 1172// 1141// 1173//
f 1172// 1173// 1174//
f 1174// 1173// 1175//
f 1174// 1175// 1176//
f 1176// 1175// 1177//
f 1176// 1177// 1178//
f 1178// 1177// 1179//
f 1178// 1179// 1180//
f 1180// 1179// 1181//
f 1180// 1181// 1182//
f 1182// 1181// 1183//
f 1182// 1183// 1184//
f 1184// 1183// 1185//
f 1184// 1185// 1186//
f 1186// 1185// 1187//
f 1186// 1187// 1188//
f 1188// 1187// 1189//
f 1188// 1189// 1190//
f 1190// 1189// 1191//
f 1190// 1191// 1192//
f 1192// 1191// 1193//
f 1192// 1193// 1194//
f 1194// 1193// 1195//
f 1194// 1195// 1196//
f 1196// 1195// 1197//
f 1196// 1197// 1198//
f 1198// 1197// 1199//
f 1171// 1169// 1198//
f 1198// 1169// 1196//
f 1170// 1171// 1199//
f 1199// 1171// 1198//
f 1168// 1170// 1197//
f 1197// 1170// 1199//
f 1168// 1197// 1166//
f 1166// 1197// 1195//
f 1166// 1195// 1164//
f 1164// 1195// 1193//
f 1164// 1193// 1162//
f 1162// 1193// 1191//
f 1162// 1191// 1160//
f 1160// 1191// 1189//
f 1160// 1189// 1158//
f 1158// 1189// 1187//
f 1158// 1187// 1156//
f 1156// 1187// 1185//
f 1154// 1156// 1183//
f 1183// 1156// 1185//
f 1154// 1183// 1181//
f 1154// 1181// 1152//
f 1152// 1181// 1179//
f 1152// 1179// 1150//
f 1150// 1179// 1177//
f 1150// 1177// 1148//
f 1148// 1177// 1175//
f 1148// 1175// 1146//
f 1146// 1175// 1173//
f 1146// 1173// 1144//
f 1144// 1173// 1141//
f 1144// 1141// 1140//
f 1143// 1142// 1145//
f 1145// 1142// 1172//
f 1145// 1172// 1147//
f 1147// 1172// 1174//
f 1147// 1174// 1149//
f 1149// 1174// 1176//
f 1149// 1176// 1151//
f 1151// 1176// 1178//
f 1151// 1178// 1153//
f 1153// 1178// 1180//
f 1153// 1180// 1155//
f 1155// 1180// 1182//
f 1157// 1155// 1184//
f 1184// 1155// 1182//
f 1157// 1184// 1186//
f 1157// 1186// 1159//
f 1159// 1186// 1188//
f 1159// 1188// 1161//
f 1161// 1188// 1190//
f 1161// 1190// 1163//
f 1163// 1190// 1192//
f 1163// 1192// 1165//
f 1165// 1192// 1194//
f 1165// 1194// 1167//
f 1167// 1194// 1196//
f 1167// 1196// 1169//
f 1200// 1201// 589//
f 589// 1201// 590//
f 145// 1202// 146//
f 146// 1202// 1203//
f 589// 146// 1200//
f 1200// 146// 1203//
f 1200// 1203// 1204//
f 1204// 1203// 1205//
f 1204// 1205// 1206//
f 1206// 1205// 1207//
f 1206// 1207// 1208//
f 1208// 1207// 1209//
f 1208// 1209// 1210//
f 1210// 1209// 1211//
f 1210// 1211// 1212//
f 1212// 1211// 1213//
f 1212// 1213// 1214//
f 1214// 1213// 1215//
f 1214// 1215// 1216//
f 1216// 1215// 1217//
f 1216// 1217// 1218//
f 1218// 1217// 1219//
f 1218// 1219// 1220//
f 1220// 1219// 1221//
f 1220// 1221// 1222//
f 1222// 1221// 1223//
f 1222// 1223// 1224//
f 1224// 1223// 1225//
f 1224// 1225// 1226//
f 1226// 1225// 1227//
f 1226// 1227// 1228//
f 1228// 1227// 1229//
f 1228// 1229// 1230//
f 1230// 1229// 1231//
f 145// 590// 1202//
f 1202// 590// 1201//
f 1202// 1201// 1232//
f 1232// 1201// 1233//
f 1232// 1233// 1234//
f 1234// 1233// 1235//
f 1234// 1235// 1236//
f 1236// 1235// 1237//
f 1236// 1237// 1238//
f 1238// 1237// 1239//
f 1238// 1239// 1240//
f 1240// 1239// 1241//
f 1240// 1241// 1242//
f 1242// 1241// 1243//
f 1242// 1243// 1244//
f 1244// 1243// 1245//
f 1244// 1245// 1246//
f 1246// 1245// 1247//
f 1246// 1247// 1248//
f 1248// 1247// 1249//
f 1248// 1249// 1250//
f 1250// 1249// 1251//
f 1250// 1251// 1252//
f 1252// 1251// 1253//
f 1252// 1253// 1254//
f 1254// 1253// 1255//
f 1254// 1255// 1256//
f 1256// 1255// 1257//
f 1256// 1257// 1258//
f 1258// 1257// 1259//
f 1231// 1229// 1258//
f 1258// 1229// 1256//
f 1230// 1231// 1259//
f 1259// 1231// 1258//
f 1228// 1230// 1257//
f 1257// 1230// 1259//
f 1228// 1257// 1226//
f 1226// 1257// 1255//
f 1226// 1255// 1224//
f 1224// 1255// 1253//
f 1224// 1253// 1222//
f 1222// 1253// 1251//
f 1222// 1251// 1220//
f 1220// 1251// 1249//
f 1220// 1249// 1218//
f 1218// 1249// 1247//
f 1218// 1247// 1216//
f 1216// 1247// 1245//
f 1214// 1216// 1243//
f 1243// 1216// 1245//
f 1214// 1243// 1241//
f 1214// 1241// 1212//
f 1212// 1241// 1239//
f 1212// 1239// 1210//
f 1210// 1239// 1237//
f 1210// 1237// 1208//
f 1208// 1237// 1235//
f 1208// 1235// 1206//
f 1206// 1235// 1233//
f 1206// 1233// 1204//
f 1204// 1233// 1201//
f 1204// 1201// 1200//
f 1203// 1202// 1205//
f 1205// 1202// 1232//
f 1205// 1232// 1207//
f 1207// 1232// 1234//
f 1207// 1234// 1209//
f 1209// 1234// 1236//
f 1209// 1236// 1211//
f 1211// 1236// 1238//
f 1211// 1238// 1213//
f 1213// 1238// 1240//
f 1213// 1240// 1215//
f 1215// 1240// 1242//
f 1217// 1215// 1244//
f 1244// 1215// 1242//
f 1217// 1244// 1246//
f 1217// 1246// 1219//
f 1219// 1246// 1248//
f 1219// 1248// 1221//
f 1221// 1248// 1250//
f 1221// 1250// 1223//
f 1223// 1250// 1252//
f 1223// 1252// 1225//
f 1225// 1252// 1254//
f 1225// 1254// 1227//
f 1227// 1254// 1256//
f 1227// 1256// 1229//
f 1260// 1261// 596//
f 596// 1261// 597//
f 143// 1262// 144//
f 144// 1262// 1263//
f 596// 144// 1260//
f 1260// 144// 1263//
f 1260// 1263// 1264//
f 1264// 1263// 1265//
f 1264// 1265// 1266//
f 1266// 1265// 1267//
f 1266// 1267// 1268//
f 1268// 1267// 1269//
f 1268// 1269// 1270//
f 1270// 1269// 1271//
f 1270// 1271// 1272//
f 1272// 1271// 1273//
f 1272// 1273// 1274//
f 1274// 1273// 1275//
f 1274// 1275// 1276//
f 1276// 1275// 1277//
f 1276// 1277// 1278//
f 1278// 1277// 1279//
f 1278// 1279// 1280//
f 1280// 1279// 1281//
f 1280// 1281// 1282//
f 1282// 1281// 1283//
f 1282// 1283// 1284//
f 1284// 1283// 1285//
f 1284// 1285// 1286//
f 1286// 1285// 1287//
f 1286// 1287// 1288//
f 1288// 1287// 1289//
f 1288// 1289// 1290//
f 1290// 1289// 1291//
f 143// 597// 1262//
f 1262// 597// 1261//
f 1262// 1261// 1292//
f 1292// 1261// 1293//
f 1292// 1293// 1294//
f 1294// 1293// 1295//
f 1294// 1295// 1296//
f 1296// 1295// 1297//
f 1296// 1297// 1298//
f 1298// 1297// 1299//
f 1298// 1299// 1300//
f 1300// 1299// 1301//
f 1300// 1301// 1302//
f 1302// 1301// 1303//
f 1302// 1303// 1304//
f 1304// 1303// 1305//
f 1304// 1305// 1306//
f 1306// 1305// 1307//
f 1306// 1307// 1308//
f 1308// 1307// 1309//
f 1308// 1309// 1310//
f 1310// 1309// 1311//
f 1310// 1311// 1312//
f 1312// 1311// 1313//
f 1312// 1313// 1314//
f 1314// 1313// 1315//
f 1314// 1315// 1316//
f 1316// 1315// 1317//
f 1316// 1317// 1318//
f 1318// 1317// 1319//
f 1291// 1289// 1318//
f 1318// 1289// 1316//
f 1290// 1291// 1319//
f 1319// 1291// 1318//
f 1288// 1290// 1317//
f 1317// 1290// 1319//
f 1288// 1317// 1286//
f 1286// 1317// 1315//
f 1286// 1315// 1284//
f 1284// 1315// 1313//
f 1284// 1313// 1282//
f 1282// 1313// 1311//
f 1282// 1311// 1280//
f 1280// 1311// 1309//
f 1280// 1309// 1278//
f 1278// 1309// 1307//
f 1278// 1307// 1276//
f 1276// 1307// 1305//
f 1274// 1276// 1303//
f 1303// 1276// 1305//
f 1274// 1303// 1301//
f 1274// 1301// 1272//
f 1272// 1301// 1299//
f 1272// 1299// 1270//
f 1270// 1299// 1297//
f 1270// 1297// 1268//
f 1268// 1297// 1295//
f 1268// 1295// 1266//
f 1266// 1295// 1293//
f 1266// 1293// 1264//
f 1264// 1293// 1261//
f 1264// 1261// 1260//
f 1263// 1262// 1265//
f 1265// 1262// 1292//
f 1265// 1292// 1267//
f 1267// 1292// 1294//
f 1267// 1294// 1269//
f 1269// 1294// 1296//
f 1269// 1296// 1271//
f 1271// 1296// 1298//
f 1271// 1298// 1273//
f 1273// 1298// 1300//
f 1273// 1300// 1275//
f 1275// 1300// 1302//
f 1277// 1275// 1304//
f 1304// 1275// 1302//
f 1277// 1304// 1306//
f 1277// 1306// 1279//
f 1279// 1306// 1308//
f 1279// 1308// 1281//
f 1281// 1308// 1310//
f 1281// 1310// 1283//
f 1283// 1310// 1312//
f 1283// 1312// 1285//
f 1285// 1312// 1314//
f 1285// 1314// 1287//
f 1287// 1314// 1316//
f 1287// 1316// 1289//
f 1320// 1321// 598//
f 598// 1321// 578//
f 141// 1322// 142//
f 142// 1322// 1323//
f 598// 142// 1320//
f 1320// 142// 1323//
f 1320// 1323// 1324//
f 1324// 1323// 1325//
f 1324// 1325// 1326//
f 1326// 1325// 1327//
f 1326// 1327// 1328//
f 1328// 1327// 1329//
f 1328// 1329// 1330//
f 1330// 1329// 1331//
f 1330// 1331// 1332//
f 1332// 1331// 1333//
f 1332// 1333// 1334//
f 1334// 1333// 1335//
f 1334// 1335// 1336//
f 1336// 1335// 1337//
f 1336// 1337// 1338//
f 1338// 1337// 1339//
f 1338// 1339// 1340//
f 1340// 1339// 1341//
f 1340// 1341// 1342//
f 1342// 1341// 1343//
f 1342// 1343// 1344//
f 1344// 1343// 1345//
f 1344// 1345// 1346//
f 1346// 1345// 1347//
f 1346// 1347// 1348//
f 1348// 1347// 1349//
f 1348// 1349// 1350//
f 1350// 1349// 1351//
f 141// 578// 1322//
f 1322// 578// 1321//
f 1322// 1321// 1352//
f 1352// 1321// 1353//
f 1352// 1353// 1354//
f 1354// 1353// 1355//
f 1354// 1355// 1356//
f 1356// 1355// 1357//
f 1356// 1357// 1358//
f 1358// 1357// 1359//
f 1358// 1359// 1360//
f 1360// 1359// 1361//
f 1360// 1361// 1362//
f 1362// 1361// 1363//
f 1362// 1363// 1364//
f 1364// 1363// 1365//
f 1364// 1365// 1366//
f 1366// 1365// 1367//
f 1366// 1367// 1368//
f 1368// 1367// 1369//
f 1368// 1369// 1370//
f 1370// 1369// 1371//
f 1370// 1371// 1372//
f 1372// 1371// 1373//
f 1372// 1373// 1374//
f 1374// 1373// 1375//
f 1374// 1375// 1376//
f 1376// 1375// 1377//
f 1376// 1377// 1378//
f 1378// 1377// 1379//
f 1351// 1349// 1378//
f 1378// 1349// 1376//
f 1350// 1351// 1379//
f 1379// 1351// 1378//
f 1348// 1350// 1377//
f 1377// 1350// 1379//
f 1348// 1377// 1346//
f 1346// 1377// 1375//
f 1346// 1375// 1344//
f 1344// 1375// 1373//
f 1344// 1373// 1342//
f 1342// 1373// 1371//
f 1342// 1371// 1340//
f 1340// 1371// 1369//
f 1340// 1369// 1338//
f 1338// 1369// 1367//
f 1338// 1367// 1336//
f 1336// 1367// 1365//
f 1334// 1336// 1363//
f 1363// 1336// 1365//
f 1334// 1363// 1361//
f 1334// 1361// 1332//
f 1332// 1361// 1359//
f 1332// 1359// 1330//
f 1330// 1359// 1357//
f 1330// 1357// 1328//
f 1328// 1357// 1355//
f 1328// 1355// 1326//
f 1326// 1355// 1353//
f 1326// 1353// 1324//
f 1324// 1353// 1321//
f 1324// 1321// 1320//
f 1323// 1322// 1325//
f 1325// 1322// 1352//
f 1325// 1352// 1327//
f 1327// 1352// 1354//
f 1327// 1354// 1329//
f 1329// 1354// 1356//
f 1329// 1356// 1331//
f 1331// 1356// 1358//
f 1331// 1358// 1333//
f 1333// 1358// 1360//
f 1333// 1360// 1335//
f 1335// 1360// 1362//
f 1337// 1335// 1364//
f 1364// 1335// 1362//
f 1337// 1364// 1366//
f 1337// 1366// 1339//
f 1339// 1366// 1368//
f 1339// 1368// 1341//
f 1341// 1368// 1370//
f 1341// 1370// 1343//
f 1343// 1370// 1372//
f 1343// 1372// 1345//
f 1345// 1372// 1374//
f 1345// 1374// 1347//
f 1347// 1374// 1376//
f 1347// 1376// 1349//
f 1380// 1381// 579//
f 579// 1381// 593//
f 139// 1382// 140//
f 140// 1382// 1383//
f 579// 140// 1380//
f 1380// 140// 1383//
f 1380// 1383// 1384//
f 1384// 1383// 1385//
f 1384// 1385// 1386//
f 1386// 1385// 1387//
f 1386// 1387// 1388//
f 1388// 1387// 1389//
f 1388// 1389// 1390//
f 1390// 1389// 1391//
f 1390// 1391// 1392//
f 1392// 1391// 1393//
f 1392// 1393// 1394//
f 1394// 1393// 1395//
f 1394// 1395// 1396//
f 1396// 1395// 1397//
f 1396// 1397// 1398//
f 1398// 1397// 1399//
f 1398// 1399// 1400//
f 1400// 1399// 1401//
f 1400// 1401// 1402//
f 1402// 1401// 1403//
f 1402// 1403// 1404//
f 1404// 1403// 1405//
f 1404// 1405// 1406//
f 1406// 1405// 1407//
f 1406// 1407// 1408//
f 1408// 1407// 1409//
f 1408// 1409// 1410//
f 1410// 1409// 1411//
f 139// 593// 1382//
f 1382// 593// 1381//
f 1382// 1381// 1412//
f 1412// 1381// 1413//
f 1412// 1413// 1414//
f 1414// 1413// 1415//
f 1414// 1415// 1416//
f 1416// 1415// 1417//
f 1416// 1417// 1418//
f 1418// 1417// 1419//
f 1418// 1419// 1420//
f 1420// 1419// 1421//
f 1420// 1421// 1422//
f 1422// 1421// 1423//
f 1422// 1423// 1424//
f 1424// 1423// 1425//
f 1424// 1425// 1426//
f 1426// 1425// 1427//
f 1426// 1427// 1428//
f 1428// 1427// 1429//
f 1428// 1429// 1430//
f 1430// 1429// 1431//
f 1430// 1431// 1432//
f 1432// 1431// 1433//
f 1432// 1433// 1434//
f 1434// 1433// 1435//
f 1434// 1435// 1436//
f 1436// 1435// 1437//
f 1436// 1437// 1438//
f 1438// 1437// 1439//
f 1411// 1409// 1438//
f 1438// 1409// 1436//
f 1410// 1411// 1439//
f 1439// 1411// 1438//
f 1408// 1410// 1437//
f 1437// 1410// 1439//
f 1408// 1437// 1406//
f 1406// 1437// 1435//
f 1406// 1435// 1404//
f 1404// 1435// 1433//
f 1404// 1433// 1402//
f 1402// 1433// 1431//
f 1402// 1431// 1400//
f 1400// 1431// 1429//
f 1400// 1429// 1398//
f 1398// 1429// 1427//
f 1398// 1427// 1396//
f 1396// 1427// 1425//
f 1394// 1396// 1423//
f 1423// 1396// 1425//
f 1394// 1423// 1421//
f 1394// 1421// 1392//
f 1392// 1421// 1419//
f 1392// 1419// 1390//
f 1390// 1419// 1417//
f 1390// 1417// 1388//
f 1388// 1417// 1415//
f 1388// 1415// 1386//
f 1386// 1415// 1413//
f 1386// 1413// 1384//
f 1384// 1413// 1381//
f 1384// 1381// 1380//
f 1383// 1382// 1385//
f 1385// 1382// 1412//
f 1385// 1412// 1387//
f 1387// 1412// 1414//
f 1387// 1414// 1389//
f 1389// 1414// 1416//
f 1389// 1416// 1391//
f 1391// 1416// 1418//
f 1391// 1418// 1393//
f 1393// 1418// 1420//
f 1393// 1420// 1395//
f 1395// 1420// 1422//
f 1397// 1395// 1424//
f 1424// 1395// 1422//
f 1397// 1424// 1426//
f 1397// 1426// 1399//
f 1399// 1426// 1428//
f 1399// 1428// 1401//
f 1401// 1428// 1430//
f 1401// 1430// 1403//
f 1403// 1430// 1432//
f 1403// 1432// 1405//
f 1405// 1432// 1434//
f 1405// 1434// 1407//
f 1407// 1434// 1436//
f 1407// 1436// 1409//
f 1440// 1441// 592//
f 592// 1441// 591//
f 137// 1442// 138//
f 138// 1442// 1443//
f 592// 138// 1440//
f 1440// 138// 1443//
f 1440// 1443// 1444//
f 1444// 1443// 1445//
f 1444// 1445// 1446//
f 1446// 1445// 1447//
f 1446// 1447// 1448//
f 1448// 1447// 1449//
f 1448// 1449// 1450//
f 1450// 1449// 1451//
f 1450// 1451// 1452//
f 1452// 1451// 1453//
f 1452// 1453// 1454//
f 1454// 1453// 1455//
f 1454// 1455// 1456//
f 1456// 1455// 1457//
f 1456// 1457// 1458//
f 1458// 1457// 1459//
f 1458// 1459// 1460//
f 1460// 1459// 1461//
f 1460// 1461// 1462//
f 1462// 1461// 1463//
f 1462// 1463// 1464//
f 1464// 1463// 1465//
f 1464// 1465// 1466//
f 1466// 1465// 1467//
f 1466// 1467// 1468//
f 1468// 1467// 1469//
f 1468// 1469// 1470//
f 1470// 1469// 1471//
f 137// 591// 1442//
f 1442// 591// 1441//
f 1442// 1441// 1472//
f 1472// 1441// 1473//
f 1472// 1473// 1474//
f 1474// 1473// 1475//
f 1474// 1475// 1476//
f 1476// 1475// 1477//
f 1476// 1477// 1478//
f 1478// 1477// 1479//
f 1478// 1479// 1480//
f 1480// 1479// 1481//
f 1480// 1481// 1482//
f 1482// 1481// 1483//
f 1482// 1483// 1484//
f 1484// 1483// 1485//
f 1484// 1485// 1486//
f 1486// 1485// 1487//
f 1486// 1487// 1488//
f 1488// 1487// 1489//
f 1488// 1489// 1490//
f 1490// 1489// 1491//
f 1490// 1491// 1492//
f 1492// 1491// 1493//
f 1492// 1493// 1494//
f 1494// 1493// 1495//
f 1494// 1495// 1496//
f 1496// 1495// 1497//
f 1496// 1497// 1498//
f 1498// 1497// 1499//
f 1471// 1469// 1498//
f 1498// 1469// 1496//
f 1470// 1471// 1499//
f 1499// 1471// 1498//
f 1468// 1470// 1497//
f 1497// 1470// 1499//
f 1468// 1497// 1466//
f 1466// 1497// 1495//
f 1466// 1495// 1464//
f 1464// 1495// 1493//
f 1464// 1493// 1462//
f 1462// 1493// 1491//
f 1462// 1491// 1460//
f 1460// 1491// 1489//
f 1460// 1489// 1458//
f 1458// 1489// 1487//
f 1458// 1487// 1456//
f 1456// 1487// 1485//
f 1454// 1456// 1483//
f 1483// 1456// 1485//
f 1454// 1483// 1481//
f 1454// 1481// 1452//
f 1452// 1481// 1479//
f 1452// 1479// 1450//
f 1450// 1479// 1477//
f 1450// 1477// 1448//
f 1448// 1477// 1475//
f 1448// 1475// 1446//
f 1446// 1475// 1473//
f 1446// 1473// 1444//
f 1444// 1473// 1441//
f 1444// 1441// 1440//
f 1443// 1442// 1445//
f 1445// 1442// 1472//
f 1445// 1472// 1447//
f 1447// 1472// 1474//
f 1447// 1474// 1449//
f 1449// 1474// 1476//
f 1449// 1476// 1451//
f 1451// 1476// 1478//
f 1451// 1478// 1453//
f 1453// 1478// 1480//
f 1453// 1480// 1455//
f 1455// 1480// 1482//
f 1457// 1455// 1484//
f 1484// 1455// 1482//
f 1457// 1484// 1486//
f 1457// 1486// 1459//
f 1459// 1486// 1488//
f 1459// 1488// 1461//
f 1461// 1488// 1490//
f 1461// 1490// 1463//
f 1463// 1490// 1492//
f 1463// 1492// 1465//
f 1465// 1492// 1494//
f 1465// 1494// 1467//
f 1467// 1494// 1496//
f 1467// 1496// 1469//
f 1500// 1501// 603//
f 603// 1501// 604//
f 135// 1502// 136//
f 136// 1502// 1503//
f 603// 136// 1500//
f 1500// 136// 1503//
f 1500// 1503// 1504//
f 1504// 1503// 1505//
f 1504// 1505// 1506//
f 1506// 1505// 1507//
f 1506// 1507// 1508//
f 1508// 1507// 1509//
f 1508// 1509// 1510//
f 1510// 1509// 1511//
f 1510// 1511// 1512//
f 1512// 1511// 1513//
f 1512// 1513// 1514//
f 1514// 1513// 1515//
f 1514// 1515// 1516//
f 1516// 1515// 1517//
f 1516// 1517// 1518//
f 1518// 1517// 1519//
f 1518// 1519// 1520//
f 1520// 1519// 1521//
f 1520// 1521// 1522//
f 1522// 1521// 1523//
f 1522// 1523// 1524//
f 1524// 1523// 1525//
f 1524// 1525// 1526//
f 1526// 1525// 1527//
f 1526// 1527// 1528//
f 1528// 1527// 1529//
f 1528// 1529// 1530//
f 1530// 1529// 1531//
f 135// 604// 1502//
f 1502// 604// 1501//
f 1502// 1501// 1532//
f 1532// 1501// 1533//
f 1532// 1533// 1534//
f 1534// 1533// 1535//
f 1534// 1535// 1536//
f 1536// 1535// 1537//
f 1536// 1537// 1538//
f 1538// 1537// 1539//
f 1538// 1539// 1540//
f 1540// 1539// 1541//
f 1540// 1541// 1542//
f 1542// 1541// 1543//
f 1542// 1543// 1544//
f 1544// 1543// 1545//
f 1544// 1545// 1546//
f 1546// 1545// 1547//
f 1546// 1547// 1548//
f 1548// 1547// 1549//
f 1548// 1549// 1550//
f 1550// 1549// 1551//
f 1550// 1551// 1552//
f 1552// 1551// 1553//
f 1552// 1553// 1554//
f 1554// 1553// 1555//
f 1554// 1555// 1556//
f 1556// 1555// 1557//
f 1556// 1557// 1558//
f 1558// 1557// 1559//
f 1531// 1529// 1558//
f 1558// 1529// 1556//
f 1530// 1531// 1559//
f 1559// 1531// 1558//
f 1528// 1530// 1557//
f 1557// 1530// 1559//
f 1528// 1557// 1526//
f 1526// 1557// 1555//
f 1526// 1555// 1524//
f 1524// 1555// 1553//
f 1524// 1553// 1522//
f 1522// 1553// 1551//
f 1522// 1551// 1520//
f 1520// 1551// 1549//
f 1520// 1549// 1518//
f 1518// 1549// 1547//
f 1518// 1547// 1516//
f 1516// 1547// 1545//
f 1514// 1516// 1543//
f 1543// 1516// 1545//
f 1514// 1543// 1541//
f 1514// 1541// 1512//
f 1512// 1541// 1539//
f 1512// 1539// 1510//
f 1510// 1539// 1537//
f 1510// 1537// 1508//
f 1508// 1537// 1535//
f 1508// 1535// 1506//
f 1506// 1535// 1533//
f 1506// 1533// 1504//
f 1504// 1533// 1501//
f 1504// 1501// 1500//
f 1503// 1502// 1505//
f 1505// 1502// 1532//
f 1505// 1532// 1507//
f 1507// 1532// 1534//
f 1507// 1534// 1509//
f 1509// 1534// 1536//
f 1509// 1536// 1511//
f 1511// 1536// 1538//
f 1511// 1538// 1513//
f 1513// 1538// 1540//
f 1513// 1540// 1515//
f 1515// 1540// 1542//
f 1517// 1515// 1544//
f 1544// 1515// 1542//
f 1517// 1544// 1546//
f 1517// 1546// 1519//
f 1519// 1546// 1548//
f 1519// 1548// 1521//
f 1521// 1548// 1550//
f 1521// 1550// 1523//
f 1523// 1550// 1552//
f 1523// 1552// 1525//
f 1525// 1552// 1554//
f 1525// 1554// 1527//
f 1527// 1554// 1556//
f 1527// 1556// 1529//
f 1560// 1561// 605//
f 605// 1561// 600//
f 133// 1562// 134//
f 134// 1562// 1563//
f 605// 134// 1560//
f 1560// 134// 1563//
f 1560// 1563// 1564//
f 1564// 1563// 1565//
f 1564// 1565// 1566//
f 1566// 1565// 1567//
f 1566// 1567// 1568//
f 1568// 1567// 1569//
f 1568// 1569// 1570//
f 1570// 1569// 1571//
f 1570// 1571// 1572//
f 1572// 1571// 1573//
f 1572// 1573// 1574//
f 1574// 1573// 1575//
f 1574// 1575// 1576//
f 1576// 1575// 1577//
f 1576// 1577// 1578//
f 1578// 1577// 1579//
f 1578// 1579// 1580//
f 1580// 1579// 1581//
f 1580// 1581// 1582//
f 1582// 1581// 1583//
f 1582// 1583// 1584//
f 1584// 1583// 1585//
f 1584// 1585// 1586//
f 1586// 1585// 1587//
f 1586// 1587// 1588//
f 1588// 1587// 1589//
f 1588// 1589// 1590//
f 1590// 1589// 1591//
f 133// 600// 1562//
f 1562// 600// 1561//
f 1562// 1561// 1592//
f 1592// 1561// 1593//
f 1592// 1593// 1594//
f 1594// 1593// 1595//
f 1594// 1595// 1596//
f 1596// 1595// 1597//
f 1596// 1597// 1598//
f 1598// 1597// 1599//
f 1598// 1599// 1600//
f 1600// 1599// 1601//
f 1600// 1601// 1602//
f 1602// 1601// 1603//
f 1602// 1603// 1604//
f 1604// 1603// 1605//
f 1604// 1605// 1606//
f 1606// 1605// 1607//
f 1606// 1607// 1608//
f 1608// 1607// 1609//
f 1608// 1609// 1610//
f 1610// 1609// 1611//
f 1610// 1611// 1612//
f 1612// 1611// 1613//
f 1612// 1613// 1614//
f 1614// 1613// 1615//
f 1614// 1615// 1616//
f 1616// 1615// 1617//
f 1616// 1617// 1618//
f 1618// 1617// 1619//
f 1591// 1589// 1618//
f 1618// 1589// 1616//
f 1590// 1591// 1619//
f 1619// 1591// 1618//
f 1588// 1590// 1617//
f 1617// 1590// 1619//
f 1588// 1617// 1586//
f 1586// 1617// 1615//
f 1586// 1615// 1584//
f 1584// 1615// 1613//
f 1584// 1613// 1582//
f 1582// 1613// 1611//
f 1582// 1611// 1580//
f 1580// 1611// 1609//
f 1580// 1609// 1578//
f 1578// 1609// 1607//
f 1578// 1607// 1576//
f 1576// 1607// 1605//
f 1574// 1576// 1603//
f 1603// 1576// 1605//
f 1574// 1603// 1601//
f 1574// 1601// 1572//
f 1572// 1601// 1599//
f 1572// 1599// 1570//
f 1570// 1599// 1597//
f 1570// 1597// 1568//
f 1568// 1597// 1595//
f 1568// 1595// 1566//
f 1566// 1595// 1593//
f 1566// 1593// 1564//
f 1564// 1593// 1561//
f 1564// 1561// 1560//
f 1563// 1562// 1565//
f 1565// 1562// 1592//
f 1565// 1592// 1567//
f 1567// 1592// 1594//
f 1567// 1594// 1569//
f 1569// 1594// 1596//
f 1569// 1596// 1571//
f 1571// 1596// 1598//
f 1571// 1598// 1573//
f 1573// 1598// 1600//
f 1573// 1600// 1575//
f 1575// 1600// 1602//
f 1577// 1575// 1604//
f 1604// 1575// 1602//
f 1577// 1604// 1606//
f 1577// 1606// 1579//
f 1579// 1606// 1608//
f 1579// 1608// 1581//
f 1581// 1608// 1610//
f 1581// 1610// 1583//
f 1583// 1610// 1612//
f 1583// 1612// 1585//
f 1585// 1612// 1614//
f 1585// 1614// 1587//
f 1587// 1614// 1616//
f 1587// 1616// 1589//
f 1620// 1621// 601//
f 601// 1621// 602//
f 131// 1622// 132//
f 132// 1622// 1623//
f 601// 132// 1620//
f 1620// 132// 1623//
f 1620// 1623// 1624//
f 1624// 1623// 1625//
f 1624// 1625// 1626//
f 1626// 1625// 1627//
f 1626// 1627// 1628//
f 1628// 1627// 1629//
f 1628// 1629// 1630//
f 1630// 1629// 1631//
f 1630// 1631// 1632//
f 1632// 1631// 1633//
f 1632// 1633// 1634//
f 1634// 1633// 1635//
f 1634// 1635// 1636//
f 1636// 1635// 1637//
f 1636// 1637// 1638//
f 1638// 1637// 1639//
f 1638// 1639// 1640//
f 1640// 1639// 1641//
f 1640// 1641// 1642//
f 1642// 1641// 1643//
f 1642// 1643// 1644//
f 1644// 1643// 1645//
f 1644// 1645// 1646//
f 1646// 1645// 1647//
f 1646// 1647// 1648//
f 1648// 1647// 1649//
f 1648// 1649// 1650//
f 1650// 1649// 1651//
f 131// 602// 1622//
f 1622// 602// 1621//
f 1622// 1621// 1652//
f 1652// 1621// 1653//
f 1652// 1653// 1654//
f 1654// 1653// 1655//
f 1654// 1655// 1656//
f 1656// 1655// 1657//
f 1656// 1657// 1658//
f 1658// 1657// 1659//
f 1658// 1659// 1660//
f 1660// 1659// 1661//
f 1660// 1661// 1662//
f 1662// 1661// 1663//
f 1662// 1663// 1664//
f 1664// 1663// 1665//
f 1664// 1665// 1666//
f 1666// 1665// 1667//
f 1666// 1667// 1668//
f 1668// 1667// 1669//
f 1668// 1669// 1670//
f 1670// 1669// 1671//
f 1670// 1671// 1672//
f 1672// 1671// 1673//
f 1672// 1673// 1674//
f 1674// 1673// 1675//
f 1674// 1675// 1676//
f 1676// 1675// 1677//
f 1676// 1677// 1678//
f 1678// 1677// 1679//
f 1651// 1649// 1678//
f 1678// 1649// 1676//
f 1650// 1651// 1679//
f 1679// 1651// 1678//
f 1648// 1650// 1677//
f 1677// 1650// 1679//
f 1648// 1677// 1646//
f 1646// 1677// 1675//
f 1646// 1675// 1644//
f 1644// 1675// 1673//
f 1644// 1673// 1642//
f 1642// 1673// 1671//
f 1642// 1671// 1640//
f 1640// 1671// 1669//
f 1640// 1669// 1638//
f 1638// 1669// 1667//
f 1638// 1667// 1636//
f 1636// 1667// 1665//
f 1634// 1636// 1663//
f 1663// 1636// 1665//
f 1634// 1663// 1661//
f 1634// 1661// 1632//
f 1632// 1661// 1659//
f 1632// 1659// 1630//
f 1630// 1659// 1657//
f 1630// 1657// 1628//
f 1628// 1657// 1655//
f 1628// 1655// 1626//
f 1626// 1655// 1653//
f 1626// 1653// 1624//
f 1624// 1653// 1621//
f 1624// 1621// 1620//
f 1623// 1622// 1625//
f 1625// 1622// 1652//
f 1625// 1652// 1627//
f 1627// 1652// 1654//
f 1627// 1654// 1629//
f 1629// 1654// 1656//
f 1629// 1656// 1631//
f 1631// 1656// 1658//
f 1631// 1658// 1633//
f 1633// 1658// 1660//
f 1633// 1660// 1635//
f 1635// 1660// 1662//
f 1637// 1635// 1664//
f 1664// 1635// 1662//
f 1637// 1664// 1666//
f 1637// 1666// 1639//
f 1639// 1666// 1668//
f 1639// 1668// 1641//
f 1641// 1668// 1670//
f 1641// 1670// 1643//
f 1643// 1670// 1672//
f 1643// 1672// 1645//
f 1645// 1672// 1674//
f 1645// 1674// 1647//
f 1647// 1674// 1676//
f 1647// 1676// 1649//
f 1680// 1681// 609//
f 609// 1681// 606//
f 129// 1682// 130//
f 130// 1682// 1683//
f 609// 130// 1680//
f 1680// 130// 1683//
f 1680// 1683// 1684//
f 1684// 1683// 1685//
f 1684// 1685// 1686//
f 1686// 1685// 1687//
f 1686// 1687// 1688//
f 1688// 1687// 1689//
f 1688// 1689// 1690//
f 1690// 1689// 1691//
f 1690// 1691// 1692//
f 1692// 1691// 1693//
f 1692// 1693// 1694//
f 1694// 1693// 1695//
f 1694// 1695// 1696//
f 1696// 1695// 1697//
f 1696// 1697// 1698//
f 1698// 1697// 1699//
f 1698// 1699// 1700//
f 1700// 1699// 1701//
f 1700// 1701// 1702//
f 1702// 1701// 1703//
f 1702// 1703// 1704//
f 1704// 1703// 1705//
f 1704// 1705// 1706//
f 1706// 1705// 1707//
f 1706// 1707// 1708//
f 1708// 1707// 1709//
f 1708// 1709// 1710//
f 1710// 1709// 1711//
f 129// 606// 1682//
f 1682// 606// 1681//
f 1682// 1681// 1712//
f 1712// 1681// 1713//
f 1712// 1713// 1714//
f 1714// 1713// 1715//
f 1714// 1715// 1716//
f 1716// 1715// 1717//
f 1716// 1717// 1718//
f 1718// 1717// 1719//
f 1718// 1719// 1720//
f 1720// 1719// 1721//
f 1720// 1721// 1722//
f 1722// 1721// 1723//
f 1722// 1723// 1724//
f 1724// 1723// 1725//
f 1724// 1725// 1726//
f 1726// 1725// 1727//
f 1726// 1727// 1728//
f 1728// 1727// 1729//
f 1728// 1729// 1730//
f 1730// 1729// 1731//
f 1730// 1731// 1732//
f 1732// 1731// 1733//
f 1732// 1733// 1734//
f 1734// 1733// 1735//
f 1734// 1735// 1736//
f 1736// 1735// 1737//
f 1736// 1737// 1738//
f 1738// 1737// 1739//
f 1711// 1709// 1738//
f 1738// 1709// 1736//
f 1710// 1711// 1739//
f 1739// 1711// 1738//
f 1708// 1710// 1737//
f 1737// 1710// 1739//
f 1708// 1737// 1706//
f 1706// 1737// 1735//
f 1706// 1735// 1704//
f 1704// 1735// 1733//
f 1704// 1733// 1702//
f 1702// 1733// 1731//
f 1702// 1731// 1700//
f 1700// 1731// 1729//
f 1700// 1729// 1698//
f 1698// 1729// 1727//
f 1698// 1727// 1696//
f 1696// 1727// 1725//
f 1694// 1696// 1723//
f 1723// 1696// 1725//
f 1694// 1723// 1721//
f 1694// 1721// 1692//
f 1692// 1721// 1719//
f 1692// 1719// 1690//
f 1690// 1719// 1717//
f 1690// 1717// 1688//
f 1688// 1717// 1715//
f 1688// 1715// 1686//
f 1686// 1715// 1713//
f 1686// 1713// 1684//
f 1684// 1713// 1681//
f 1684// 1681// 1680//
f 1683// 1682// 1685//
f 1685// 1682// 1712//
f 1685// 1712// 1687//
f 1687// 1712// 1714//
f 1687// 1714// 1689//
f 1689// 1714// 1716//
f 1689// 1716// 1691//
f 1691// 1716// 1718//
f 1691// 1718// 1693//
f 1693// 1718// 1720//
f 1693// 1720// 1695//
f 1695// 1720// 1722//
f 1697// 1695// 1724//
f 1724// 1695// 1722//
f 1697// 1724// 1726//
f 1697// 1726// 1699//
f 1699// 1726// 1728//
f 1699// 1728// 1701//
f 1701// 1728// 1730//
f 1701// 1730// 1703//
f 1703// 1730// 1732//
f 1703// 1732// 1705//
f 1705// 1732// 1734//
f 1705// 1734// 1707//
f 1707// 1734// 1736//
f 1707// 1736// 1709//
f 1740// 1741// 607//
f 607// 1741// 608//
f 127// 1742// 128//
f 128// 1742// 1743//
f 607// 128// 1740//
f 1740// 128// 1743//
f 1740// 1743// 1744//
f 1744// 1743// 1745//
f 1744// 1745// 1746//
f 1746// 1745// 1747//
f 1746// 1747// 1748//
f 1748// 1747// 1749//
f 1748// 1749// 1750//
f 1750// 1749// 1751//
f 1750// 1751// 1752//
f 1752// 1751// 1753//
f 1752// 1753// 1754//
f 1754// 1753// 1755//
f 1754// 1755// 1756//
f 1756// 1755// 1757//
f 1756// 1757// 1758//
f 1758// 1757// 1759//
f 1758// 1759// 1760//
f 1760// 1759// 1761//
f 1760// 1761// 1762//
f 1762// 1761// 1763//
f 1762// 1763// 1764//
f 1764// 1763// 1765//
f 1764// 1765// 1766//
f 1766// 1765// 1767//
f 1766// 1767// 1768//
f 1768// 1767// 1769//
f 1768// 1769// 1770//
f 1770// 1769// 1771//
f 127// 608// 1742//
f 1742// 608// 1741//
f 1742// 1741// 1772//
f 1772// 1741// 1773//
f 1772// 1773// 1774//
f 1774// 1773// 1775//
f 1774// 1775// 1776//
f 1776// 1775// 1777//
f 1776// 1777// 1778//
f 1778// 1777// 1779//
f 1778// 1779// 1780//
f 1780// 1779// 1781//
f 1780// 1781// 1782//
f 1782// 1781// 1783//
f 1782// 1783// 1784//
f 1784// 1783// 1785//
f 1784// 1785// 1786//
f 1786// 1785// 1787//
f 1786// 1787// 1788//
f 1788// 1787// 1789//
f 1788// 1789// 1790//
f 1790// 1789// 1791//
f 1790// 1791// 1792//
f 1792// 1791// 1793//
f 1792// 1793// 1794//
f 1794// 1793// 1795//
f 1794// 1795// 1796//
f 1796// 1795// 1797//
f 1796// 1797// 1798//
f 1798// 1797// 1799//
f 1771// 1769// 1798//
f 1798// 1769// 1796//
f 1770// 1771// 1799//
f 1799// 1771// 1798//
f 1768// 1770// 1797//
f 1797// 1770// 1799//
f 1768// 1797// 1766//
f 1766// 1797// 1795//
f 1766// 1795// 1764//
f 1764// 1795// 1793//
f 1764// 1793// 1762//
f 1762// 1793// 1791//
f 1762// 1791// 1760//
f 1760// 1791// 1789//
f 1760// 1789// 1758//
f 1758// 1789// 1787//
f 1758// 1787// 1756//
f 1756// 1787// 1785//
f 1754// 1756// 1783//
f 1783// 1756// 1785//
f 1754// 1783// 1781//
f 1754// 1781// 1752//
f 1752// 1781// 1779//
f 1752// 1779// 1750//
f 1750// 1779// 1777//
f 1750// 1777// 1748//
f 1748// 1777// 1775//
f 1748// 1775// 1746//
f 1746// 1775// 1773//
f 1746// 1773// 1744//
f 1744// 1773// 1741//
f 1744// 1741// 1740//
f 1743// 1742// 1745//
f 1745// 1742// 1772//
f 1745// 1772// 1747//
f 1747// 1772// 1774//
f 1747// 1774// 1749//
f 1749// 1774// 1776//
f 1749// 1776// 1751//
f 1751// 1776// 1778//
f 1751// 1778// 1753//
f 1753// 1778// 1780//
f 1753// 1780// 1755//
f 1755// 1780// 1782//
f 1757// 1755// 1784//
f 1784// 1755// 1782//
f 1757// 1784// 1786//
f 1757// 1786// 1759//
f 1759// 1786// 1788//
f 1759// 1788// 1761//
f 1761// 1788// 1790//
f 1761// 1790// 1763//
f 1763// 1790// 1792//
f 1763// 1792// 1765//
f 1765// 1792// 1794//
f 1765// 1794// 1767//
f 1767// 1794// 1796//
f 1767// 1796// 1769//
f 1800// 1801// 613//
f 613// 1801// 610//
f 125// 1802// 126//
f 126// 1802// 1803//
f 613// 126// 1800//
f 1800// 126// 1803//
f 1800// 1803// 1804//
f 1804// 1803// 1805//
f 1804// 1805// 1806//
f 1806// 1805// 1807//
f 1806// 1807// 1808//
f 1808// 1807// 1809//
f 1808// 1809// 1810//
f 1810// 1809// 1811//
f 1810// 1811// 1812//
f 1812// 1811// 1813//
f 1812// 1813// 1814//
f 1814// 1813// 1815//
f 1814// 1815// 1816//
f 1816// 1815// 1817//
f 1816// 1817// 1818//
f 1818// 1817// 1819//
f 1818// 1819// 1820//
f 1820// 1819// 1821//
f 1820// 1821// 1822//
f 1822// 1821// 1823//
f 1822// 1823// 1824//
f 1824// 1823// 1825//
f 1824// 1825// 1826//
f 1826// 1825// 1827//
f 1826// 1827// 1828//
f 1828// 1827// 1829//
f 1828// 1829// 1830//
f 1830// 1829// 1831//
f 125// 610// 1802//
f 1802// 610// 1801//
f 1802// 1801// 1832//
f 1832// 1801// 1833//
f 1832// 1833// 1834//
f 1834// 1833// 1835//
f 1834// 1835// 1836//
f 1836// 1835// 1837//
f 1836// 1837// 1838//
f 1838// 1837// 1839//
f 1838// 1839// 1840//
f 1840// 1839// 1841//
f 1840// 1841// 1842//
f 1842// 1841// 1843//
f 1842// 1843// 1844//
f 1844// 1843// 1845//
f 1844// 1845// 1846//
f 1846// 1845// 1847//
f 1846// 1847// 1848//
f 1848// 1847// 1849//
f 1848// 1849// 1850//
f 1850// 1849// 1851//
f 1850// 1851// 1852//
f 1852// 1851// 1853//
f 1852// 1853// 1854//
f 1854// 1853// 1855//
f 1854// 1855// 1856//
f 1856// 1855// 1857//
f 1856// 1857// 1858//
f 1858// 1857// 1859//
f 1831// 1829// 1858//
f 1858// 1829// 1856//
f 1830// 1831// 1859//
f 1859// 1831// 1858//
f 1828// 1830// 1857//
f 1857// 1830// 1859//
f 1828// 1857// 1826//
f 1826// 1857// 1855//
f 1826// 1855// 1824//
f 1824// 1855// 1853//
f 1824// 1853// 1822//
f 1822// 1853// 1851//
f 1822// 1851// 1820//
f 1820// 1851// 1849//
f 1820// 1849// 1818//
f 1818// 1849// 1847//
f 1818// 1847// 1816//
f 1816// 1847// 1845//
f 1814// 1816// 1843//
f 1843// 1816// 1845//
f 1814// 1843// 1841//
f 1814// 1841// 1812//
f 1812// 1841// 1839//
f 1812// 1839// 1810//
f 1810// 1839// 1837//
f 1810// 1837// 1808//
f 1808// 1837// 1835//
f 1808// 1835// 1806//
f 1806// 1835// 1833//
f 1806// 1833// 1804//
f 1804// 1833// 1801//
f 1804// 1801// 1800//
f 1803// 1802// 1805//
f 1805// 1802// 1832//
f 1805// 1832// 1807//
f 1807// 1832// 1834//
f 1807// 1834// 1809//
f 1809// 1834// 1836//
f 1809// 1836// 1811//
f 1811// 1836// 1838//
f 1811// 1838// 1813//
f 1813// 1838// 1840//
f 1813// 1840// 1815//
f 1815// 1840// 1842//
f 1817// 1815// 1844//
f 1844// 1815// 1842//
f 1817// 1844// 1846//
f 1817// 1846// 1819//
f 1819// 1846// 1848//
f 1819// 1848// 1821//
f 1821// 1848// 1850//
f 1821// 1850// 1823//
f 1823// 1850// 1852//
f 1823// 1852// 1825//
f 1825// 1852// 1854//
f 1825// 1854// 1827//
f 1827// 1854// 1856//
f 1827// 1856// 1829//
f 1860// 1861// 611//
f 611// 1861// 612//
f 122// 1862// 123//
f 123// 1862// 1863//
f 611// 123// 1860//
f 1860// 123// 1863//
f 1860// 1863// 1864//
f 1864// 1863// 1865//
f 1864// 1865// 1866//
f 1866// 1865// 1867//
f 1866// 1867// 1868//
f 1868// 1867// 1869//
f 1868// 1869// 1870//
f 1870// 1869// 1871//
f 1870// 1871// 1872//
f 1872// 1871// 1873//
f 1872// 1873// 1874//
f 1874// 1873// 1875//
f 1874// 1875// 1876//
f 1876// 1875// 1877//
f 1876// 1877// 1878//
f 1878// 1877// 1879//
f 1878// 1879// 1880//
f 1880// 1879// 1881//
f 1880// 1881// 1882//
f 1882// 1881// 1883//
f 1882// 1883// 1884//
f 1884// 1883// 1885//
f 1884// 1885// 1886//
f 1886// 1885// 1887//
f 1886// 1887// 1888//
f 1888// 1887// 1889//
f 1888// 1889// 1890//
f 1890// 1889// 1891//
f 122// 612// 1862//
f 1862// 612// 1861//
f 1862// 1861// 1892//
f 1892// 1861// 1893//
f 1892// 1893// 1894//
f 1894// 1893// 1895//
f 1894// 1895// 1896//
f 1896// 1895// 1897//
f 1896// 1897// 1898//
f 1898// 1897// 1899//
f 1898// 1899// 1900//
f 1900// 1899// 1901//
f 1900// 1901// 1902//
f 1902// 1901// 1903//
f 1902// 1903// 1904//
f 1904// 1903// 1905//
f 1904// 1905// 1906//
f 1906// 1905// 1907//
f 1906// 1907// 1908//
f 1908// 1907// 1909//
f 1908// 1909// 1910//
f 1910// 1909// 1911//
f 1910// 1911// 1912//
f 1912// 1911// 1913//
f 1912// 1913// 1914//
f 1914// 1913// 1915//
f 1914// 1915// 1916//
f 1916// 1915// 1917//
f 1916// 1917// 1918//
f 1918// 1917// 1919//
f 1891// 1889// 1918//
f 1918// 1889// 1916//
f 1890// 1891// 1919//
f 1919// 1891// 1918//
f 1888// 1890// 1917//
f 1917// 1890// 1919//
f 1888// 1917// 1886//
f 1886// 1917// 1915//
f 1886// 1915// 1884//
f 1884// 1915// 1913//
f 1884// 1913// 1882//
f 1882// 1913// 1911//
f 1882// 1911// 1880//
f 1880// 1911// 1909//
f 1880// 1909// 1878//
f 1878// 1909// 1907//
f 1878// 1907// 1876//
f 1876// 1907// 1905//
f 1874// 1876// 1903//
f 1903// 1876// 1905//
f 1874// 1903// 1901//
f 1874// 1901// 1872//
f 1872// 1901// 1899//
f 1872// 1899// 1870//
f 1870// 1899// 1897//
f 1870// 1897// 1868//
f 1868// 1897// 1895//
f 1868// 1895// 1866//
f 1866// 1895// 1893//
f 1866// 1893// 1864//
f 1864// 1893// 1861//
f 1864// 1861// 1860//
f 1863// 1862// 1865//
f 1865// 1862// 1892//
f 1865// 1892// 1867//
f 1867// 1892// 1894//
f 1867// 1894// 1869//
f 1869// 1894// 1896//
f 1869// 1896// 1871//
f 1871// 1896// 1898//
f 1871// 1898// 1873//
f 1873// 1898// 1900//
f 1873// 1900// 1875//
f 1875// 1900// 1902//
f 1877// 1875// 1904//
f 1904// 1875// 1902//
f 1877// 1904// 1906//
f 1877// 1906// 1879//
f 1879// 1906// 1908//
f 1879// 1908// 1881//
f 1881// 1908// 1910//
f 1881// 1910// 1883//
f 1883// 1910// 1912//
f 1883// 1912// 1885//
f 1885// 1912// 1914//
f 1885// 1914// 1887//
f 1887// 1914// 1916//
f 1887// 1916// 1889//
f 1920// 1921// 617//
f 617// 1921// 614//
f 120// 1922// 121//
f 121// 1922// 1923//
f 617// 121// 1920//
f 1920// 121// 1923//
f 1920// 1923// 1924//
f 1924// 1923// 1925//
f 1924// 1925// 1926//
f 1926// 1925// 1927//
f 1926// 1927// 1928//
f 1928// 1927// 1929//
f 1928// 1929// 1930//
f 1930// 1929// 1931//
f 1930// 1931// 1932//
f 1932// 1931// 1933//
f 1932// 1933// 1934//
f 1934// 1933// 1935//
f 1934// 1935// 1936//
f 1936// 1935// 1937//
f 1936// 1937// 1938//
f 1938// 1937// 1939//
f 1938// 1939// 1940//
f 1940// 1939// 1941//
f 1940// 1941// 1942//
f 1942// 1941// 1943//
f 1942// 1943// 1944//
f 1944// 1943// 1945//
f 1944// 1945// 1946//
f 1946// 1945// 1947//
f 1946// 1947// 1948//
f 1948// 1947// 1949//
f 1948// 1949// 1950//
f 1950// 1949// 1951//
f 120// 614// 1922//
f 1922// 614// 1921//
f 1922// 1921// 1952//
f 1952// 1921// 1953//
f 1952// 1953// 1954//
f 1954// 1953// 1955//
f 1954// 1955// 1956//
f 1956// 1955// 1957//
f 1956// 1957// 1958//
f 1958// 1957// 1959//
f 1958// 1959// 1960//
f 1960// 1959// 1961//
f 1960// 1961// 1962//
f 1962// 1961// 1963//
f 1962// 1963// 1964//
f 1964// 1963// 1965//
f 1964// 1965// 1966//
f 1966// 1965// 1967//
f 1966// 1967// 1968//
f 1968// 1967// 1969//
f 1968// 1969// 1970//
f 1970// 1969// 1971//
f 1970// 1971// 1972//
f 1972// 1971// 1973//
f 1972// 1973// 1974//
f 1974// 1973// 1975//
f 1974// 1975// 1976//
f 1976// 1975// 1977//
f 1976// 1977// 1978//
f 1978// 1977// 1979//
f 1951// 1949// 1978//
f 1978// 1949// 1976//
f 1950// 1951// 1979//
f 1979// 1951// 1978//
f 1948// 1950// 1977//
f 1977// 1950// 1979//
f 1948// 1977// 1946//
f 1946// 1977// 1975//
f 1946// 1975// 1944//
f 1944// 1975// 1973//
f 1944// 1973// 1942//
f 1942// 1973// 1971//
f 1942// 1971// 1940//
f 1940// 1971// 1969//
f 1940// 1969// 1938//
f 1938// 1969// 1967//
f 1938// 1967// 1936//
f 1936// 1967// 1965//
f 1934// 1936// 1963//
f 1963// 1936// 1965//
f 1934// 1963// 1961//
f 1934// 1961// 1932//
f 1932// 1961// 1959//
f 1932// 1959// 1930//
f 1930// 1959// 1957//
f 1930// 1957// 1928//
f 1928// 1957// 1955//
f 1928// 1955// 1926//
f 1926// 1955// 1953//
f 1926// 1953// 1924//
f 1924// 1953// 1921//
f 1924// 1921// 1920//
f 1923// 1922// 1925//
f 1925// 1922// 1952//
f 1925// 1952// 1927//
f 1927// 1952// 1954//
f 1927// 1954// 1929//
f 1929// 1954// 1956//
f 1929// 1956// 1931//
f 1931// 1956// 1958//
f 1931// 1958// 1933//
f 1933// 1958// 1960//
f 1933// 1960// 1935//
f 1935// 1960// 1962//
f 1937// 1935// 1964//
f 1964// 1935// 1962//
f 1937// 1964// 1966//
f 1937// 1966// 1939//
f 1939// 1966// 1968//
f 1939// 1968// 1941//
f 1941// 1968// 1970//
f 1941// 1970// 1943//
f 1943// 1970// 1972//
f 1943// 1972// 1945//
f 1945// 1972// 1974//
f 1945// 1974// 1947//
f 1947// 1974// 1976//
f 1947// 1976// 1949//
f 1980// 1981// 615//
f 615// 1981// 616//
f 118// 1982// 119//
f 119// 1982// 1983//
f 615// 119// 1980//
f 1980// 119// 1983//
f 1980// 1983// 1984//
f 1984// 1983// 1985//
f 1984// 1985// 1986//
f 1986// 1985// 1987//
f 1986// 1987// 1988//
f 1988// 1987// 1989//
f 1988// 1989// 1990//
f 1990// 1989// 1991//
f 1990// 1991// 1992//
f 1992// 1991// 1993//
f 1992// 1993// 1994//
f 1994// 1993// 1995//
f 1994// 1995// 1996//
f 1996// 1995// 1997//
f 1996// 1997// 1998//
f 1998// 1997// 1999//
f 1998// 1999// 2000//
f 2000// 1999// 2001//
f 2000// 2001// 2002//
f 2002// 2001// 2003//
f 2002// 2003// 2004//
f 2004// 2003// 2005//
f 2004// 2005// 2006//
f 2006// 2005// 2007//
f 2006// 2007// 2008//
f 2008// 2007// 2009//
f 2008// 2009// 2010//
f 2010// 2009// 2011//
f 118// 616// 1982//
f 1982// 616// 1981//
f 1982// 1981// 2012//
f 2012// 1981// 2013//
f 2012// 2013// 2014//
f 2014// 2013// 2015//
f 2014// 2015// 2016//
f 2016// 2015// 2017//
f 2016// 2017// 2018//
f 2018// 2017// 2019//
f 2018// 2019// 2020//
f 2020// 2019// 2021//
f 2020// 2021// 2022//
f 2022// 2021// 2023//
f 2022// 2023// 2024//
f 2024// 2023// 2025//
f 2024// 2025// 2026//
f 2026// 2025// 2027//
f 2026// 2027// 2028//
f 2028// 2027// 2029//
f 2028// 2029// 2030//
f 2030// 2029// 2031//
f 2030// 2031// 2032//
f 2032// 2031// 2033//
f 2032// 2033// 2034//
f 2034// 2033// 2035//
f 2034// 2035// 2036//
f 2036// 2035// 2037//
f 2036// 2037// 2038//
f 2038// 2037// 2039//
f 2011// 2009// 2038//
f 2038// 2009// 2036//
f 2010// 2011// 2039//
f 2039// 2011// 2038//
f 2008// 2010// 2037//
f 2037// 2010// 2039//
f 2008// 2037// 2006//
f 2006// 2037// 2035//
f 2006// 2035// 2004//
f 2004// 2035// 2033//
f 2004// 2033// 2002//
f 2002// 2033// 2031//
f 2002// 2031// 2000//
f 2000// 2031// 2029//
f 2000// 2029// 1998//
f 1998// 2029// 2027//
f 1998// 2027// 1996//
f 1996// 2027// 2025//
f 1994// 1996// 2023//
f 2023// 1996// 2025//
f 1994// 2023// 2021//
f 1994// 2021// 1992//
f 1992// 2021// 2019//
f 1992// 2019// 1990//
f 1990// 2019// 2017//
f 1990// 2017// 1988//
f 1988// 2017// 2015//
f 1988// 2015// 1986//
f 1986// 2015// 2013//
f 1986// 2013// 1984//
f 1984// 2013// 1981//
f 1984// 1981// 1980//
f 1983// 1982// 1985//
f 1985// 1982// 2012//
f 1985// 2012// 1987//
f 1987// 2012// 2014//
f 1987// 2014// 1989//
f 1989// 2014// 2016//
f 1989// 2016// 1991//
f 1991// 2016// 2018//
f 1991// 2018// 1993//
f 1993// 2018// 2020//
f 1993// 2020// 1995//
f 1995// 2020// 2022//
f 1997// 1995// 2024//
f 2024// 1995// 2022//
f 1997// 2024// 2026//
f 1997// 2026// 1999//
f 1999// 2026// 2028//
f 1999// 2028// 2001//
f 2001// 2028// 2030//
f 2001// 2030// 2003//
f 2003// 2030// 2032//
f 2003// 2032// 2005//
f 2005// 2032// 2034//
f 2005// 2034// 2007//
f 2007// 2034// 2036//
f 2007// 2036// 2009//
f 2040// 2041// 621//
f 621// 2041// 618//
f 116// 2042// 117//
f 117// 2042// 2043//
f 621// 117// 2040//
f 2040// 117// 2043//
f 2040// 2043// 2044//
f 2044// 2043// 2045//
f 2044// 2045// 2046//
f 2046// 2045// 2047//
f 2046// 2047// 2048//
f 2048// 2047// 2049//
f 2048// 2049// 2050//
f 2050// 2049// 2051//
f 2050// 2051// 2052//
f 2052// 2051// 2053//
f 2052// 2053// 2054//
f 2054// 2053// 2055//
f 2054// 2055// 2056//
f 2056// 2055// 2057//
f 2056// 2057// 2058//
f 2058// 2057// 2059//
f 2058// 2059// 2060//
f 2060// 2059// 2061//
f 2060// 2061// 2062//
f 2062// 2061// 2063//
f 2062// 2063// 2064//
f 2064// 2063// 2065//
f 2064// 2065// 2066//
f 2066// 2065// 2067//
f 2066// 2067// 2068//
f 2068// 2067// 2069//
f 2068// 2069// 2070//
f 2070// 2069// 2071//
f 116// 618// 2042//
f 2042// 618// 2041//
f 2042// 2041// 2072//
f 2072// 2041// 2073//
f 2072// 2073// 2074//
f 2074// 2073// 2075//
f 2074// 2075// 2076//
f 2076// 2075// 2077//
f 2076// 2077// 2078//
f 2078// 2077// 2079//
f 2078// 2079// 2080//
f 2080// 2079// 2081//
f 2080// 2081// 2082//
f 2082// 2081// 2083//
f 2082// 2083// 2084//
f 2084// 2083// 2085//
f 2084// 2085// 2086//
f 2086// 2085// 2087//
f 2086// 2087// 2088//
f 2088// 2087// 2089//
f 2088// 2089// 2090//
f 2090// 2089// 2091//
f 2090// 2091// 2092//
f 2092// 2091// 2093//
f 2092// 2093// 2094//
f 2094// 2093// 2095//
f 2094// 2095// 2096//
f 2096// 2095// 2097//
f 2096// 2097// 2098//
f 2098// 2097// 2099//
f 2071// 2069// 2098//
f 2098// 2069// 2096//
f 2070// 2071// 2099//
f 2099// 2071// 2098//
f 2068// 2070// 2097//
f 2097// 2070// 2099//
f 2068// 2097// 2066//
f 2066// 2097// 2095//
f 2066// 2095// 2064//
f 2064// 2095// 2093//
f 2064// 2093// 2062//
f 2062// 2093// 2091//
f 2062// 2091// 2060//
f 2060// 2091// 2089//
f 2060// 2089// 2058//
f 2058// 2089// 2087//
f 2058// 2087// 2056//
f 2056// 2087// 2085//
f 2054// 2056// 2083//
f 2083// 2056// 2085//
f 2054// 2083// 2081//
f 2054// 2081// 2052//
f 2052// 2081// 2079//
f 2052// 2079// 2050//
f 2050// 2079// 2077//
f 2050// 2077// 2048//
f 2048// 2077// 2075//
f 2048// 2075// 2046//
f 2046// 2075// 2073//
f 2046// 2073// 2044//
f 2044// 2073// 2041//
f 2044// 2041// 2040//
f 2043// 2042// 2045//
f 2045// 2042// 2072//
f 2045// 2072// 2047//
f 2047// 2072// 2074//
f 2047// 2074// 2049//
f 2049// 2074// 2076//
f 2049// 2076// 2051//
f 2051// 2076// 2078//
f 2051// 2078// 2053//
f 2053// 2078// 2080//
f 2053// 2080// 2055//
f 2055// 2080// 2082//
f 2057// 2055// 2084//
f 2084// 2055// 2082//
f 2057// 2084// 2086//
f 2057// 2086// 2059//
f 2059// 2086// 2088//
f 2059// 2088// 2061//
f 2061// 2088// 2090//
f 2061// 2090// 2063//
f 2063// 2090// 2092//
f 2063// 2092// 2065//
f 2065// 2092// 2094//
f 2065// 2094// 2067//
f 2067// 2094// 2096//
f 2067// 2096// 2069//
f 2100// 2101// 619//
f 619// 2101// 620//
f 114// 2102// 115//
f 115// 2102// 2103//
f 619// 115// 2100//
f 2100// 115// 2103//
f 2100// 2103// 2104//
f 2104// 2103// 2105//
f 2104// 2105// 2106//
f 2106// 2105// 2107//
f 2106// 2107// 2108//
f 2108// 2107// 2109//
f 2108// 2109// 2110//
f 2110// 2109// 2111//
f 2110// 2111// 2112//
f 2112// 2111// 2113//
f 2112// 2113// 2114//
f 2114// 2113// 2115//
f 2114// 2115// 2116//
f 2116// 2115// 2117//
f 2116// 2117// 2118//
f 2118// 2117// 2119//
f 2118// 2119// 2120//
f 2120// 2119// 2121//
f 2120// 2121// 2122//
f 2122// 2121// 2123//
f 2122// 2123// 2124//
f 2124// 2123// 2125//
f 2124// 2125// 2126//
f 2126// 2125// 2127//
f 2126// 2127// 2128//
f 2128// 2127// 2129//
f 2128// 2129// 2130//
f 2130// 2129// 2131//
f 114// 620// 2102//
f 2102// 620// 2101//
f 2102// 2101// 2132//
f 2132// 2101// 2133//
f 2132// 2133// 2134//
f 2134// 2133// 2135//
f 2134// 2135// 2136//
f 2136// 2135// 2137//
f 2136// 2137// 2138//
f 2138// 2137// 2139//
f 2138// 2139// 2140//
f 2140// 2139// 2141//
f 2140// 2141// 2142//
f 2142// 2141// 2143//
f 2142// 2143// 2144//
f 2144// 2143// 2145//
f 2144// 2145// 2146//
f 2146// 2145// 2147//
f 2146// 2147// 2148//
f 2148// 2147// 2149//
f 2148// 2149// 2150//
f 2150// 2149// 2151//
f 2150// 2151// 2152//
f 2152// 2151// 2153//
f 2152// 2153// 2154//
f 2154// 2153// 2155//
f 2154// 2155// 2156//
f 2156// 2155// 2157//
f 2156// 2157// 2158//
f 2158// 2157// 2159//
f 2131// 2129// 2158//
f 2158// 2129// 2156//
f 2130// 2131// 2159//
f 2159// 2131// 2158//
f 2128// 2130// 2157//
f 2157// 2130// 2159//
f 2128// 2157// 2126//
f 2126// 2157// 2155//
f 2126// 2155// 2124//
f 2124// 2155// 2153//
f 2124// 2153// 2122//
f 2122// 2153// 2151//
f 2122// 2151// 2120//
f 2120// 2151// 2149//
f 2120// 2149// 2118//
f 2118// 2149// 2147//
f 2118// 2147// 2116//
f 2116// 2147// 2145//
f 2114// 2116// 2143//
f 2143// 2116// 2145//
f 2114// 2143// 2141//
f 2114// 2141// 2112//
f 2112// 2141// 2139//
f 2112// 2139// 2110//
f 2110// 2139// 2137//
f 2110// 2137// 2108//
f 2108// 2137// 2135//
f 2108// 2135// 2106//
f 2106// 2135// 2133//
f 2106// 2133// 2104//
f 2104// 2133// 2101//
f 2104// 2101// 2100//
f 2103// 2102// 2105//
f 2105// 2102// 2132//
f 2105// 2132// 2107//
f 2107// 2132// 2134//
f 2107// 2134// 2109//
f 2109// 2134// 2136//
f 2109// 2136// 2111//
f 2111// 2136// 2138//
f 2111// 2138// 2113//
f 2113// 2138// 2140//
f 2113// 2140// 2115//
f 2115// 2140// 2142//
f 2117// 2115// 2144//
f 2144// 2115// 2142//
f 2117// 2144// 2146//
f 2117// 2146// 2119//
f 2119// 2146// 2148//
f 2119// 2148// 2121//
f 2121// 2148// 2150//
f 2121// 2150// 2123//
f 2123// 2150// 2152//
f 2123// 2152// 2125//
f 2125// 2152// 2154//
f 2125// 2154// 2127//
f 2127// 2154// 2156//
f 2127// 2156// 2129//
f 2160// 2161// 625//
f 625// 2161// 624//
f 112// 2162// 113//
f 113// 2162// 2163//
f 625// 113// 2160//
f 2160// 113// 2163//
f 2160// 2163// 2164//
f 2164// 2163// 2165//
f 2164// 2165// 2166//
f 2166// 2165// 2167//
f 2166// 2167// 2168//
f 2168// 2167// 2169//
f 2168// 2169// 2170//
f 2170// 2169// 2171//
f 2170// 2171// 2172//
f 2172// 2171// 2173//
f 2172// 2173// 2174//
f 2174// 2173// 2175//
f 2174// 2175// 2176//
f 2176// 2175// 2177//
f 2176// 2177// 2178//
f 2178// 2177// 2179//
f 2178// 2179// 2180//
f 2180// 2179// 2181//
f 2180// 2181// 2182//
f 2182// 2181// 2183//
f 2182// 2183// 2184//
f 2184// 2183// 2185//
f 2184// 2185// 2186//
f 2186// 2185// 2187//
f 2186// 2187// 2188//
f 2188// 2187// 2189//
f 2188// 2189// 2190//
f 2190// 2189// 2191//
f 112// 624// 2162//
f 2162// 624// 2161//
f 2162// 2161// 2192//
f 2192// 2161// 2193//
f 2192// 2193// 2194//
f 2194// 2193// 2195//
f 2194// 2195// 2196//
f 2196// 2195// 2197//
f 2196// 2197// 2198//
f 2198// 2197// 2199//
f 2198// 2199// 2200//
f 2200// 2199// 2201//
f 2200// 2201// 2202//
f 2202// 2201// 2203//
f 2202// 2203// 2204//
f 2204// 2203// 2205//
f 2204// 2205// 2206//
f 2206// 2205// 2207//
f 2206// 2207// 2208//
f 2208// 2207// 2209//
f 2208// 2209// 2210//
f 2210// 2209// 2211//
f 2210// 2211// 2212//
f 2212// 2211// 2213//
f 2212// 2213// 2214//
f 2214// 2213// 2215//
f 2214// 2215// 2216//
f 2216// 2215// 2217//
f 2216// 2217// 2218//
f 2218// 2217// 2219//
f 2191// 2189// 2218//
f 2218// 2189// 2216//
f 2190// 2191// 2219//
f 2219// 2191// 2218//
f 2188// 2190// 2217//
f 2217// 2190// 2219//
f 2188// 2217// 2186//
f 2186// 2217// 2215//
f 2186// 2215// 2184//
f 2184// 2215// 2213//
f 2184// 2213// 2182//
f 2182// 2213// 2211//
f 2182// 2211// 2180//
f 2180// 2211// 2209//
f 2180// 2209// 2178//
f 2178// 2209// 2207//
f 2178// 2207// 2176//
f 2176// 2207// 2205//
f 2174// 2176// 2203//
f 2203// 2176// 2205//
f 2174// 2203// 2201//
f 2174// 2201// 2172//
f 2172// 2201// 2199//
f 2172// 2199// 2170//
f 2170// 2199// 2197//
f 2170// 2197// 2168//
f 2168// 2197// 2195//
f 2168// 2195// 2166//
f 2166// 2195// 2193//
f 2166// 2193// 2164//
f 2164// 2193// 2161//
f 2164// 2161// 2160//
f 2163// 2162// 2165//
f 2165// 2162// 2192//
f 2165// 2192// 2167//
f 2167// 2192// 2194//
f 2167// 2194// 2169//
f 2169// 2194// 2196//
f 2169// 2196// 2171//
f 2171// 2196// 2198//
f 2171// 2198// 2173//
f 2173// 2198// 2200//
f 2173// 2200// 2175//
f 2175// 2200// 2202//
f 2177// 2175// 2204//
f 2204// 2175// 2202//
f 2177// 2204// 2206//
f 2177// 2206// 2179//
f 2179// 2206// 2208//
f 2179// 2208// 2181//
f 2181// 2208// 2210//
f 2181// 2210// 2183//
f 2183// 2210// 2212//
f 2183// 2212// 2185//
f 2185// 2212// 2214//
f 2185// 2214// 2187//
f 2187// 2214// 2216//
f 2187// 2216// 2189//
f 2220// 2221// 622//
f 622// 2221// 623//
f 110// 2222// 111//
f 111// 2222// 2223//
f 622// 111// 2220//
f 2220// 111// 2223//
f 2220// 2223// 2224//
f 2224// 2223// 2225//
f 2224// 2225// 2226//
f 2226// 2225// 2227//
f 2226// 2227// 2228//
f 2228// 2227// 2229//
f 2228// 2229// 2230//
f 2230// 2229// 2231//
f 2230// 2231// 2232//
f 2232// 2231// 2233//
f 2232// 2233// 2234//
f 2234// 2233// 2235//
f 2234// 2235// 2236//
f 2236// 2235// 2237//
f 2236// 2237// 2238//
f 2238// 2237// 2239//
f 2238// 2239// 2240//
f 2240// 2239// 2241//
f 2240// 2241// 2242//
f 2242// 2241// 2243//
f 2242// 2243// 2244//
f 2244// 2243// 2245//
f 2244// 2245// 2246//
f 2246// 2245// 2247//
f 2246// 2247// 2248//
f 2248// 2247// 2249//
f 2248// 2249// 2250//
f 2250// 2249// 2251//
f 110// 623// 2222//
f 2222// 623// 2221//
f 2222// 2221// 2252//
f 2252// 2221// 2253//
f 2252// 2253// 2254//
f 2254// 2253// 2255//
f 2254// 2255// 2256//
f 2256// 2255// 2257//
f 2256// 2257// 2258//
f 2258// 2257// 2259//
f 2258// 2259// 2260//
f 2260// 2259// 2261//
f 2260// 2261// 2262//
f 2262// 2261// 2263//
f 2262// 2263// 2264//
f 2264// 2263// 2265//
f 2264// 2265// 2266//
f 2266// 2265// 2267//
f 2266// 2267// 2268//
f 2268// 2267// 2269//
f 2268// 2269// 2270//
f 2270// 2269// 2271//
f 2270// 2271// 2272//
f 2272// 2271// 2273//
f 2272// 2273// 2274//
f 2274// 2273// 2275//
f 2274// 2275// 2276//
f 2276// 2275// 2277//
f 2276// 2277// 2278//
f 2278// 2277// 2279//
f 2251// 2249// 2278//
f 2278// 2249// 2276//
f 2250// 2251// 2279//
f 2279// 2251// 2278//
f 2248// 2250// 2277//
f 2277// 2250// 2279//
f 2248// 2277// 2246//
f 2246// 2277// 2275//
f 2246// 2275// 2244//
f 2244// 2275// 2273//
f 2244// 2273// 2242//
f 2242// 2273// 2271//
f 2242// 2271// 2240//
f 2240// 2271// 2269//
f 2240// 2269// 2238//
f 2238// 2269// 2267//
f 2238// 2267// 2236//
f 2236// 2267// 2265//
f 2234// 2236// 2263//
f 2263// 2236// 2265//
f 2234// 2263// 2261//
f 2234// 2261// 2232//
f 2232// 2261// 2259//
f 2232// 2259// 2230//
f 2230// 2259// 2257//
f 2230// 2257// 2228//
f 2228// 2257// 2255//
f 2228// 2255// 2226//
f 2226// 2255// 2253//
f 2226// 2253// 2224//
f 2224// 2253// 2221//
f 2224// 2221// 2220//
f 2223// 2222// 2225//
f 2225// 2222// 2252//
f 2225// 2252// 2227//
f 2227// 2252// 2254//
f 2227// 2254// 2229//
f 2229// 2254// 2256//
f 2229// 2256// 2231//
f 2231// 2256// 2258//
f 2231// 2258// 2233//
f 2233// 2258// 2260//
f 2233// 2260// 2235//
f 2235// 2260// 2262//
f 2237// 2235// 2264//
f 2264// 2235// 2262//
f 2237// 2264// 2266//
f 2237// 2266// 2239//
f 2239// 2266// 2268//
f 2239// 2268// 2241//
f 2241// 2268// 2270//
f 2241// 2270// 2243//
f 2243// 2270// 2272//
f 2243// 2272// 2245//
f 2245// 2272// 2274//
f 2245// 2274// 2247//
f 2247// 2274// 2276//
f 2247// 2276// 2249//
f 2280// 2281// 629//
f 629// 2281// 626//
f 108// 2282// 109//
f 109// 2282// 2283//
f 629// 109// 2280//
f 2280// 109// 2283//
f 2280// 2283// 2284//
f 2284// 2283// 2285//
f 2284// 2285// 2286//
f 2286// 2285// 2287//
f 2286// 2287// 2288//
f 2288// 2287// 2289//
f 2288// 2289// 2290//
f 2290// 2289// 2291//
f 2290// 2291// 2292//
f 2292// 2291// 2293//
f 2292// 2293// 2294//
f 2294// 2293// 2295//
f 2294// 2295// 2296//
f 2296// 2295// 2297//
f 2296// 2297// 2298//
f 2298// 2297// 2299//
f 2298// 2299// 2300//
f 2300// 2299// 2301//
f 2300// 2301// 2302//
f 2302// 2301// 2303//
f 2302// 2303// 2304//
f 2304// 2303// 2305//
f 2304// 2305// 2306//
f 2306// 2305// 2307//
f 2306// 2307// 2308//
f 2308// 2307// 2309//
f 2308// 2309// 2310//
f 2310// 2309// 2311//
f 108// 626// 2282//
f 2282// 626// 2281//
f 2282// 2281// 2312//
f 2312// 2281// 2313//
f 2312// 2313// 2314//
f 2314// 2313// 2315//
f 2314// 2315// 2316//
f 2316// 2315// 2317//
f 2316// 2317// 2318//
f 2318// 2317// 2319//
f 2318// 2319// 2320//
f 2320// 2319// 2321//
f 2320// 2321// 2322//
f 2322// 2321// 2323//
f 2322// 2323// 2324//
f 2324// 2323// 2325//
f 2324// 2325// 2326//
f 2326// 2325// 2327//
f 2326// 2327// 2328//
f 2328// 2327// 2329//
f 2328// 2329// 2330//
f 2330// 2329// 2331//
f 2330// 2331// 2332//
f 2332// 2331// 2333//
f 2332// 2333// 2334//
f 2334// 2333// 2335//
f 2334// 2335// 2336//
f 2336// 2335// 2337//
f 2336// 2337// 2338//
f 2338// 2337// 2339//
f 2311// 2309// 2338//
f 2338// 2309// 2336//
f 2310// 2311// 2339//
f 2339// 2311// 2338//
f 2308// 2310// 2337//
f 2337// 2310// 2339//
f 2308// 2337// 2306//
f 2306// 2337// 2335//
f 2306// 2335// 2304//
f 2304// 2335// 2333//
f 2304// 2333// 2302//
f 2302// 2333// 2331//
f 2302// 2331// 2300//
f 2300// 2331// 2329//
f 2300// 2329// 2298//
f 2298// 2329// 2327//
f 2298// 2327// 2296//
f 2296// 2327// 2325//
f 2294// 2296// 2323//
f 2323// 2296// 2325//
f 2294// 2323// 2321//
f 2294// 2321// 2292//
f 2292// 2321// 2319//
f 2292// 2319// 2290//
f 2290// 2319// 2317//
f 2290// 2317// 2288//
f 2288// 2317// 2315//
f 2288// 2315// 2286//
f 2286// 2315// 2313//
f 2286// 2313// 2284//
f 2284// 2313// 2281//
f 2284// 2281// 2280//
f 2283// 2282// 2285//
f 2285// 2282// 2312//
f 2285// 2312// 2287//
f 2287// 2312// 2314//
f 2287// 2314// 2289//
f 2289// 2314// 2316//
f 2289// 2316// 2291//
f 2291// 2316// 2318//
f 2291// 2318// 2293//
f 2293// 2318// 2320//
f 2293// 2320// 2295//
f 2295// 2320// 2322//
f 2297// 2295// 2324//
f 2324// 2295// 2322//
f 2297// 2324// 2326//
f 2297// 2326// 2299//
f 2299// 2326// 2328//
f 2299// 2328// 2301//
f 2301// 2328// 2330//
f 2301// 2330// 2303//
f 2303// 2330// 2332//
f 2303// 2332// 2305//
f 2305// 2332// 2334//
f 2305// 2334// 2307//
f 2307// 2334// 2336//
f 2307// 2336// 2309//
f 2340// 2341// 627//
f 627// 2341// 628//
f 106// 2342// 107//
f 107// 2342// 2343//
f 627// 107// 2340//
f 2340// 107// 2343//
f 2340// 2343// 2344//
f 2344// 2343// 2345//
f 2344// 2345// 2346//
f 2346// 2345// 2347//
f 2346// 2347// 2348//
f 2348// 2347// 2349//
f 2348// 2349// 2350//
f 2350// 2349// 2351//
f 2350// 2351// 2352//
f 2352// 2351// 2353//
f 2352// 2353// 2354//
f 2354// 2353// 2355//
f 2354// 2355// 2356//
f 2356// 2355// 2357//
f 2356// 2357// 2358//
f 2358// 2357// 2359//
f 2358// 2359// 2360//
f 2360// 2359// 2361//
f 2360// 2361// 2362//
f 2362// 2361// 2363//
f 2362// 2363// 2364//
f 2364// 2363// 2365//
f 2364// 2365// 2366//
f 2366// 2365// 2367//
f 2366// 2367// 2368//
f 2368// 2367// 2369//
f 2368// 2369// 2370//
f 2370// 2369// 2371//
f 106// 628// 2342//
f 2342// 628// 2341//
f 2342// 2341// 2372//
f 2372// 2341// 2373//
f 2372// 2373// 2374//
f 2374// 2373// 2375//
f 2374// 2375// 2376//
f 2376// 2375// 2377//
f 2376// 2377// 2378//
f 2378// 2377// 2379//
f 2378// 2379// 2380//
f 2380// 2379// 2381//
f 2380// 2381// 2382//
f 2382// 2381// 2383//
f 2382// 2383// 2384//
f 2384// 2383// 2385//
f 2384// 2385// 2386//
f 2386// 2385// 2387//
f 2386// 2387// 2388//
f 2388// 2387// 2389//
f 2388// 2389// 2390//
f 2390// 2389// 2391//
f 2390// 2391// 2392//
f 2392// 2391// 2393//
f 2392// 2393// 2394//
f 2394// 2393// 2395//
f 2394// 2395// 2396//
f 2396// 2395// 2397//
f 2396// 2397// 2398//
f 2398// 2397// 2399//
f 2371// 2369// 2398//
f 2398// 2369// 2396//
f 2370// 2371// 2399//
f 2399// 2371// 2398//
f 2368// 2370// 2397//
f 2397// 2370// 2399//
f 2368// 2397// 2366//
f 2366// 2397// 2395//
f 2366// 2395// 2364//
f 2364// 2395// 2393//
f 2364// 2393// 2362//
f 2362// 2393// 2391//
f 2362// 2391// 2360//
f 2360// 2391// 2389//
f 2360// 2389// 2358//
f 2358// 2389// 2387//
f 2358// 2387// 2356//
f 2356// 2387// 2385//
f 2354// 2356// 2383//
f 2383// 2356// 2385//
f 2354// 2383// 2381//
f 2354// 2381// 2352//
f 2352// 2381// 2379//
f 2352// 2379// 2350//
f 2350// 2379// 2377//
f 2350// 2377// 2348//
f 2348// 2377// 2375//
f 2348// 2375// 2346//
f 2346// 2375// 2373//
f 2346// 2373// 2344//
f 2344// 2373// 2341//
f 2344// 2341// 2340//
f 2343// 2342// 2345//
f 2345// 2342// 2372//
f 2345// 2372// 2347//
f 2347// 2372// 2374//
f 2347// 2374// 2349//
f 2349// 2374// 2376//
f 2349// 2376// 2351//
f 2351// 2376// 2378//
f 2351// 2378// 2353//
f 2353// 2378// 2380//
f 2353// 2380// 2355//
f 2355// 2380// 2382//
f 2357// 2355// 2384//
f 2384// 2355// 2382//
f 2357// 2384// 2386//
f 2357// 2386// 2359//
f 2359// 2386// 2388//
f 2359// 2388// 2361//
f 2361// 2388// 2390//
f 2361// 2390// 2363//
f 2363// 2390// 2392//
f 2363// 2392// 2365//
f 2365// 2392// 2394//
f 2365// 2394// 2367//
f 2367// 2394// 2396//
f 2367// 2396// 2369//
f 2400// 2401// 633//
f 633// 2401// 630//
f 104// 2402// 105//
f 105// 2402// 2403//
f 633// 105// 2400//
f 2400// 105// 2403//
f 2400// 2403// 2404//
f 2404// 2403// 2405//
f 2404// 2405// 2406//
f 2406// 2405// 2407//
f 2406// 2407// 2408//
f 2408// 2407// 2409//
f 2408// 2409// 2410//
f 2410// 2409// 2411//
f 2410// 2411// 2412//
f 2412// 2411// 2413//
f 2412// 2413// 2414//
f 2414// 2413// 2415//
f 2414// 2415// 2416//
f 2416// 2415// 2417//
f 2416// 2417// 2418//
f 2418// 2417// 2419//
f 2418// 2419// 2420//
f 2420// 2419// 2421//
f 2420// 2421// 2422//
f 2422// 2421// 2423//
f 2422// 2423// 2424//
f 2424// 2423// 2425//
f 2424// 2425// 2426//
f 2426// 2425// 2427//
f 2426// 2427// 2428//
f 2428// 2427// 2429//
f 2428// 2429// 2430//
f 2430// 2429// 2431//
f 104// 630// 2402//
f 2402// 630// 2401//
f 2402// 2401// 2432//
f 2432// 2401// 2433//
f 2432// 2433// 2434//
f 2434// 2433// 2435//
f 2434// 2435// 2436//
f 2436// 2435// 2437//
f 2436// 2437// 2438//
f 2438// 2437// 2439//
f 2438// 2439// 2440//
f 2440// 2439// 2441//
f 2440// 2441// 2442//
f 2442// 2441// 2443//
f 2442// 2443// 2444//
f 2444// 2443// 2445//
f 2444// 2445// 2446//
f 2446// 2445// 2447//
f 2446// 2447// 2448//
f 2448// 2447// 2449//
f 2448// 2449// 2450//
f 2450// 2449// 2451//
f 2450// 2451// 2452//
f 2452// 2451// 2453//
f 2452// 2453// 2454//
f 2454// 2453// 2455//
f 2454// 2455// 2456//
f 2456// 2455// 2457//
f 2456// 2457// 2458//
f 2458// 2457// 2459//
f 2431// 2429// 2458//
f 2458// 2429// 2456//
f 2430// 2431// 2459//
f 2459// 2431// 2458//
f 2428// 2430// 2457//
f 2457// 2430// 2459//
f 2428// 2457// 2426//
f 2426// 2457// 2455//
f 2426// 2455// 2424//
f 2424// 2455// 2453//
f 2424// 2453// 2422//
f 2422// 2453// 2451//
f 2422// 2451// 2420//
f 2420// 2451// 2449//
f 2420// 2449// 2418//
f 2418// 2449// 2447//
f 2418// 2447// 2416//
f 2416// 2447// 2445//
f 2414// 2416// 2443//
f 2443// 2416// 2445//
f 2414// 2443// 2441//
f 2414// 2441// 2412//
f 2412// 2441// 2439//
f 2412// 2439// 2410//
f 2410// 2439// 2437//
f 2410// 2437// 2408//
f 2408// 2437// 2435//
f 2408// 2435// 2406//
f 2406// 2435// 2433//
f 2406// 2433// 2404//
f 2404// 2433// 2401//
f 2404// 2401// 2400//
f 2403// 2402// 2405//
f 2405// 2402// 2432//
f 2405// 2432// 2407//
f 2407// 2432// 2434//
f 2407// 2434// 2409//
f 2409// 2434// 2436//
f 2409// 2436// 2411//
f 2411// 2436// 2438//
f 2411// 2438// 2413//
f 2413// 2438// 2440//
f 2413// 2440// 2415//
f 2415// 2440// 2442//
f 2417// 2415// 2444//
f 2444// 2415// 2442//
f 2417// 2444// 2446//
f 2417// 2446// 2419//
f 2419// 2446// 2448//
f 2419// 2448// 2421//
f 2421// 2448// 2450//
f 2421// 2450// 2423//
f 2423// 2450// 2452//
f 2423// 2452// 2425//
f 2425// 2452// 2454//
f 2425// 2454// 2427//
f 2427// 2454// 2456//
f 2427// 2456// 2429//
f 2460// 2461// 631//
f 631// 2461// 632//
f 102// 2462// 103//
f 103// 2462// 2463//
f 631// 103// 2460//
f 2460// 103// 2463//
f 2460// 2463// 2464//
f 2464// 2463// 2465//
f 2464// 2465// 2466//
f 2466// 2465// 2467//
f 2466// 2467// 2468//
f 2468// 2467// 2469//
f 2468// 2469// 2470//
f 2470// 2469// 2471//
f 2470// 2471// 2472//
f 2472// 2471// 2473//
f 2472// 2473// 2474//
f 2474// 2473// 2475//
f 2474// 2475// 2476//
f 2476// 2475// 2477//
f 2476// 2477// 2478//
f 2478// 2477// 2479//
f 2478// 2479// 2480//
f 2480// 2479// 2481//
f 2480// 2481// 2482//
f 2482// 2481// 2483//
f 2482// 2483// 2484//
f 2484// 2483// 2485//
f 2484// 2485// 2486//
f 2486// 2485// 2487//
f 2486// 2487// 2488//
f 2488// 2487// 2489//
f 2488// 2489// 2490//
f 2490// 2489// 2491//
f 102// 632// 2462//
f 2462// 632// 2461//
f 2462// 2461// 2492//
f 2492// 2461// 2493//
f 2492// 2493// 2494//
f 2494// 2493// 2495//
f 2494// 2495// 2496//
f 2496// 2495// 2497//
f 2496// 2497// 2498//
f 2498// 2497// 2499//
f 2498// 2499// 2500//
f 2500// 2499// 2501//
f 2500// 2501// 2502//
f 2502// 2501// 2503//
f 2502// 2503// 2504//
f 2504// 2503// 2505//
f 2504// 2505// 2506//
f 2506// 2505// 2507//
f 2506// 2507// 2508//
f 2508// 2507// 2509//
f 2508// 2509// 2510//
f 2510// 2509// 2511//
f 2510// 2511// 2512//
f 2512// 2511// 2513//
f 2512// 2513// 2514//
f 2514// 2513// 2515//
f 2514// 2515// 2516//
f 2516// 2515// 2517//
f 2516// 2517// 2518//
f 2518// 2517// 2519//
f 2491// 2489// 2518//
f 2518// 2489// 2516//
f 2490// 2491// 2519//
f 2519// 2491// 2518//
f 2488// 2490// 2517//
f 2517// 2490// 2519//
f 2488// 2517// 2486//
f 2486// 2517// 2515//
f 2486// 2515// 2484//
f 2484// 2515// 2513//
f 2484// 2513// 2482//
f 2482// 2513// 2511//
f 2482// 2511// 2480//
f 2480// 2511// 2509//
f 2480// 2509// 2478//
f 2478// 2509// 2507//
f 2478// 2507// 2476//
f 2476// 2507// 2505//
f 2474// 2476// 2503//
f 2503// 2476// 2505//
f 2474// 2503// 2501//
f 2474// 2501// 2472//
f 2472// 2501// 2499//
f 2472// 2499// 2470//
f 2470// 2499// 2497//
f 2470// 2497// 2468//
f 2468// 2497// 2495//
f 2468// 2495// 2466//
f 2466// 2495// 2493//
f 2466// 2493// 2464//
f 2464// 2493// 2461//
f 2464// 2461// 2460//
f 2463// 2462// 2465//
f 2465// 2462// 2492//
f 2465// 2492// 2467//
f 2467// 2492// 2494//
f 2467// 2494// 2469//
f 2469// 2494// 2496//
f 2469// 2496// 2471//
f 2471// 2496// 2498//
f 2471// 2498// 2473//
f 2473// 2498// 2500//
f 2473// 2500// 2475//
f 2475// 2500// 2502//
f 2477// 2475// 2504//
f 2504// 2475// 2502//
f 2477// 2504// 2506//
f 2477// 2506// 2479//
f 2479// 2506// 2508//
f 2479// 2508// 2481//
f 2481// 2508// 2510//
f 2481// 2510// 2483//
f 2483// 2510// 2512//
f 2483// 2512// 2485//
f 2485// 2512// 2514//
f 2485// 2514// 2487//
f 2487// 2514// 2516//
f 2487// 2516// 2489//
f 2520// 2521// 635//
f 635// 2521// 634//
f 100// 2522// 101//
f 101// 2522// 2523//
f 635// 101// 2520//
f 2520// 101// 2523//
f 2520// 2523// 2524//
f 2524// 2523// 2525//
f 2524// 2525// 2526//
f 2526// 2525// 2527//
f 2526// 2527// 2528//
f 2528// 2527// 2529//
f 2528// 2529// 2530//
f 2530// 2529// 2531//
f 2530// 2531// 2532//
f 2532// 2531// 2533//
f 2532// 2533// 2534//
f 2534// 2533// 2535//
f 2534// 2535// 2536//
f 2536// 2535// 2537//
f 2536// 2537// 2538//
f 2538// 2537// 2539//
f 2538// 2539// 2540//
f 2540// 2539// 2541//
f 2540// 2541// 2542//
f 2542// 2541// 2543//
f 2542// 2543// 2544//
f 2544// 2543// 2545//
f 2544// 2545// 2546//
f 2546// 2545// 2547//
f 2546// 2547// 2548//
f 2548// 2547// 2549//
f 2548// 2549// 2550//
f 2550// 2549// 2551//
f 100// 634// 2522//
f 2522// 634// 2521//
f 2522// 2521// 2552//
f 2552// 2521// 2553//
f 2552// 2553// 2554//
f 2554// 2553// 2555//
f 2554// 2555// 2556//
f 2556// 2555// 2557//
f 2556// 2557// 2558//
f 2558// 2557// 2559//
f 2558// 2559// 2560//
f 2560// 2559// 2561//
f 2560// 2561// 2562//
f 2562// 2561// 2563//
f 2562// 2563// 2564//
f 2564// 2563// 2565//
f 2564// 2565// 2566//
f 2566// 2565// 2567//
f 2566// 2567// 2568//
f 2568// 2567// 2569//
f 2568// 2569// 2570//
f 2570// 2569// 2571//
f 2570// 2571// 2572//
f 2572// 2571// 2573//
f 2572// 2573// 2574//
f 2574// 2573// 2575//
f 2574// 2575// 2576//
f 2576// 2575// 2577//
f 2576// 2577// 2578//
f 2578// 2577// 2579//
f 2551// 2549// 2578//
f 2578// 2549// 2576//
f 2550// 2551// 2579//
f 2579// 2551// 2578//
f 2548// 2550// 2577//
f 2577// 2550// 2579//
f 2548// 2577// 2546//
f 2546// 2577// 2575//
f 2546// 2575// 2544//
f 2544// 2575// 2573//
f 2544// 2573// 2542//
f 2542// 2573// 2571//
f 2542// 2571// 2540//
f 2540// 2571// 2569//
f 2540// 2569// 2538//
f 2538// 2569// 2567//
f 2538// 2567// 2536//
f 2536// 2567// 2565//
f 2534// 2536// 2563//
f 2563// 2536// 2565//
f 2534// 2563// 2561//
f 2534// 2561// 2532//
f 2532// 2561// 2559//
f 2532// 2559// 2530//
f 2530// 2559// 2557//
f 2530// 2557// 2528//
f 2528// 2557// 2555//
f 2528// 2555// 2526//
f 2526// 2555// 2553//
f 2526// 2553// 2524//
f 2524// 2553// 2521//
f 2524// 2521// 2520//
f 2523// 2522// 2525//
f 2525// 2522// 2552//
f 2525// 2552// 2527//
f 2527// 2552// 2554//
f 2527// 2554// 2529//
f 2529// 2554// 2556//
f 2529// 2556// 2531//
f 2531// 2556// 2558//
f 2531// 2558// 2533//
f 2533// 2558// 2560//
f 2533// 2560// 2535//
f 2535// 2560// 2562//
f 2537// 2535// 2564//
f 2564// 2535// 2562//
f 2537// 2564// 2566//
f 2537// 2566// 2539//
f 2539// 2566// 2568//
f 2539// 2568// 2541//
f 2541// 2568// 2570//
f 2541// 2570// 2543//
f 2543// 2570// 2572//
f 2543// 2572// 2545//
f 2545// 2572// 2574//
f 2545// 2574// 2547//
f 2547// 2574// 2576//
f 2547// 2576// 2549//
f 2580// 2581// 379//
f 379// 2581// 380//
f 358// 2582// 359//
f 359// 2582// 2583//
f 379// 359// 2580//
f 2580// 359// 2583//
f 2580// 2583// 2584//
f 2584// 2583// 2585//
f 2584// 2585// 2586//
f 2586// 2585// 2587//
f 2586// 2587// 2588//
f 2588// 2587// 2589//
f 2588// 2589// 2590//
f 2590// 2589// 2591//
f 2590// 2591// 2592//
f 2592// 2591// 2593//
f 2592// 2593// 2594//
f 2594// 2593// 2595//
f 2594// 2595// 2596//
f 2596// 2595// 2597//
f 2596// 2597// 2598//
f 2598// 2597// 2599//
f 2598// 2599// 2600//
f 2600// 2599// 2601//
f 2600// 2601// 2602//
f 2602// 2601// 2603//
f 2602// 2603// 2604//
f 2604// 2603// 2605//
f 2604// 2605// 2606//
f 2606// 2605// 2607//
f 2606// 2607// 2608//
f 2608// 2607// 2609//
f 2608// 2609// 2610//
f 2610// 2609// 2611//
f 358// 380// 2582//
f 2582// 380// 2581//
f 2582// 2581// 2612//
f 2612// 2581// 2613//
f 2612// 2613// 2614//
f 2614// 2613// 2615//
f 2614// 2615// 2616//
f 2616// 2615// 2617//
f 2616// 2617// 2618//
f 2618// 2617// 2619//
f 2618// 2619// 2620//
f 2620// 2619// 2621//
f 2620// 2621// 2622//
f 2622// 2621// 2623//
f 2622// 2623// 2624//
f 2624// 2623// 2625//
f 2624// 2625// 2626//
f 2626// 2625// 2627//
f 2626// 2627// 2628//
f 2628// 2627// 2629//
f 2628// 2629// 2630//
f 2630// 2629// 2631//
f 2630// 2631// 2632//
f 2632// 2631// 2633//
f 2632// 2633// 2634//
f 2634// 2633// 2635//
f 2634// 2635// 2636//
f 2636// 2635// 2637//
f 2636// 2637// 2638//
f 2638// 2637// 2639//
f 2611// 2609// 2638//
f 2638// 2609// 2636//
f 2610// 2611// 2639//
f 2639// 2611// 2638//
f 2608// 2610// 2637//
f 2637// 2610// 2639//
f 2608// 2637// 2606//
f 2606// 2637// 2635//
f 2606// 2635// 2604//
f 2604// 2635// 2633//
f 2604// 2633// 2602//
f 2602// 2633// 2631//
f 2602// 2631// 2600//
f 2600// 2631// 2629//
f 2600// 2629// 2598//
f 2598// 2629// 2627//
f 2598// 2627// 2596//
f 2596// 2627// 2625//
f 2594// 2596// 2623//
f 2623// 2596// 2625//
f 2594// 2623// 2621//
f 2594// 2621// 2592//
f 2592// 2621// 2619//
f 2592// 2619// 2590//
f 2590// 2619// 2617//
f 2590// 2617// 2588//
f 2588// 2617// 2615//
f 2588// 2615// 2586//
f 2586// 2615// 2613//
f 2586// 2613// 2584//
f 2584// 2613// 2581//
f 2584// 2581// 2580//
f 2583// 2582// 2585//
f 2585// 2582// 2612//
f 2585// 2612// 2587//
f 2587// 2612// 2614//
f 2587// 2614// 2589//
f 2589// 2614// 2616//
f 2589// 2616// 2591//
f 2591// 2616// 2618//
f 2591// 2618// 2593//
f 2593// 2618// 2620//
f 2593// 2620// 2595//
f 2595// 2620// 2622//
f 2597// 2595// 2624//
f 2624// 2595// 2622//
f 2597// 2624// 2626//
f 2597// 2626// 2599//
f 2599// 2626// 2628//
f 2599// 2628// 2601//
f 2601// 2628// 2630//
f 2601// 2630// 2603//
f 2603// 2630// 2632//
f 2603// 2632// 2605//
f 2605// 2632// 2634//
f 2605// 2634// 2607//
f 2607// 2634// 2636//
f 2607// 2636// 2609//
f 2640// 2641// 381//
f 381// 2641// 382//
f 353// 2642// 354//
f 354// 2642// 2643//
f 381// 354// 2640//
f 2640// 354// 2643//
f 2640// 2643// 2644//
f 2644// 2643// 2645//
f 2644// 2645// 2646//
f 2646// 2645// 2647//
f 2646// 2647// 2648//
f 2648// 2647// 2649//
f 2648// 2649// 2650//
f 2650// 2649// 2651//
f 2650// 2651// 2652//
f 2652// 2651// 2653//
f 2652// 2653// 2654//
f 2654// 2653// 2655//
f 2654// 2655// 2656//
f 2656// 2655// 2657//
f 2656// 2657// 2658//
f 2658// 2657// 2659//
f 2658// 2659// 2660//
f 2660// 2659// 2661//
f 2660// 2661// 2662//
f 2662// 2661// 2663//
f 2662// 2663// 2664//
f 2664// 2663// 2665//
f 2664// 2665// 2666//
f 2666// 2665// 2667//
f 2666// 2667// 2668//
f 2668// 2667// 2669//
f 2668// 2669// 2670//
f 2670// 2669// 2671//
f 353// 382// 2642//
f 2642// 382// 2641//
f 2642// 2641// 2672//
f 2672// 2641// 2673//
f 2672// 2673// 2674//
f 2674// 2673// 2675//
f 2674// 2675// 2676//
f 2676// 2675// 2677//
f 2676// 2677// 2678//
f 2678// 2677// 2679//
f 2678// 2679// 2680//
f 2680// 2679// 2681//
f 2680// 2681// 2682//
f 2682// 2681// 2683//
f 2682// 2683// 2684//
f 2684// 2683// 2685//
f 2684// 2685// 2686//
f 2686// 2685// 2687//
f 2686// 2687// 2688//
f 2688// 2687// 2689//
f 2688// 2689// 2690//
f 2690// 2689// 2691//
f 2690// 2691// 2692//
f 2692// 2691// 2693//
f 2692// 2693// 2694//
f 2694// 2693// 2695//
f 2694// 2695// 2696//
f 2696// 2695// 2697//
f 2696// 2697// 2698//
f 2698// 2697// 2699//
f 2671// 2669// 2698//
f 2698// 2669// 2696//
f 2670// 2671// 2699//
f 2699// 2671// 2698//
f 2668// 2670// 2697//
f 2697// 2670// 2699//
f 2668// 2697// 2666//
f 2666// 2697// 2695//
f 2666// 2695// 2664//
f 2664// 2695// 2693//
f 2664// 2693// 2662//
f 2662// 2693// 2691//
f 2662// 2691// 2660//
f 2660// 2691// 2689//
f 2660// 2689// 2658//
f 2658// 2689// 2687//
f 2658// 2687// 2656//
f 2656// 2687// 2685//
f 2654// 2656// 2683//
f 2683// 2656// 2685//
f 2654// 2683// 2681//
f 2654// 2681// 2652//
f 2652// 2681// 2679//
f 2652// 2679// 2650//
f 2650// 2679// 2677//
f 2650// 2677// 2648//
f 2648// 2677// 2675//
f 2648// 2675// 2646//
f 2646// 2675// 2673//
f 2646// 2673// 2644//
f 2644// 2673// 2641//
f 2644// 2641// 2640//
f 2643// 2642// 2645//
f 2645// 2642// 2672//
f 2645// 2672// 2647//
f 2647// 2672// 2674//
f 2647// 2674// 2649//
f 2649// 2674// 2676//
f 2649// 2676// 2651//
f 2651// 2676// 2678//
f 2651// 2678// 2653//
f 2653// 2678// 2680//
f 2653// 2680// 2655//
f 2655// 2680// 2682//
f 2657// 2655// 2684//
f 2684// 2655// 2682//
f 2657// 2684// 2686//
f 2657// 2686// 2659//
f 2659// 2686// 2688//
f 2659// 2688// 2661//
f 2661// 2688// 2690//
f 2661// 2690// 2663//
f 2663// 2690// 2692//
f 2663// 2692// 2665//
f 2665// 2692// 2694//
f 2665// 2694// 2667//
f 2667// 2694// 2696//
f 2667// 2696// 2669//
f 2700// 2701// 390//
f 390// 2701// 391//
f 348// 2702// 352//
f 352// 2702// 2703//
f 390// 352// 2700//
f 2700// 352// 2703//
f 2700// 2703// 2704//
f 2704// 2703// 2705//
f 2704// 2705// 2706//
f 2706// 2705// 2707//
f 2706// 2707// 2708//
f 2708// 2707// 2709//
f 2708// 2709// 2710//
f 2710// 2709// 2711//
f 2710// 2711// 2712//
f 2712// 2711// 2713//
f 2712// 2713// 2714//
f 2714// 2713// 2715//
f 2714// 2715// 2716//
f 2716// 2715// 2717//
f 2716// 2717// 2718//
f 2718// 2717// 2719//
f 2718// 2719// 2720//
f 2720// 2719// 2721//
f 2720// 2721// 2722//
f 2722// 2721// 2723//
f 2722// 2723// 2724//
f 2724// 2723// 2725//
f 2724// 2725// 2726//
f 2726// 2725// 2727//
f 2726// 2727// 2728//
f 2728// 2727// 2729//
f 2728// 2729// 2730//
f 2730// 2729// 2731//
f 348// 391// 2702//
f 2702// 391// 2701//
f 2702// 2701// 2732//
f 2732// 2701// 2733//
f 2732// 2733// 2734//
f 2734// 2733// 2735//
f 2734// 2735// 2736//
f 2736// 2735// 2737//
f 2736// 2737// 2738//
f 2738// 2737// 2739//
f 2738// 2739// 2740//
f 2740// 2739// 2741//
f 2740// 2741// 2742//
f 2742// 2741// 2743//
f 2742// 2743// 2744//
f 2744// 2743// 2745//
f 2744// 2745// 2746//
f 2746// 2745// 2747//
f 2746// 2747// 2748//
f 2748// 2747// 2749//
f 2748// 2749// 2750//
f 2750// 2749// 2751//
f 2750// 2751// 2752//
f 2752// 2751// 2753//
f 2752// 2753// 2754//
f 2754// 2753// 2755//
f 2754// 2755// 2756//
f 2756// 2755// 2757//
f 2756// 2757// 2758//
f 2758// 2757// 2759//
f 2731// 2729// 2758//
f 2758// 2729// 2756//
f 2730// 2731// 2759//
f 2759// 2731// 2758//
f 2728// 2730// 2757//
f 2757// 2730// 2759//
f 2728// 2757// 2726//
f 2726// 2757// 2755//
f 2726// 2755// 2724//
f 2724// 2755// 2753//
f 2724// 2753// 2722//
f 2722// 2753// 2751//
f 2722// 2751// 2720//
f 2720// 2751// 2749//
f 2720// 2749// 2718//
f 2718// 2749// 2747//
f 2718// 2747// 2716//
f 2716// 2747// 2745//
f 2714// 2716// 2743//
f 2743// 2716// 2745//
f 2714// 2743// 2741//
f 2714// 2741// 2712//
f 2712// 2741// 2739//
f 2712// 2739// 2710//
f 2710// 2739// 2737//
f 2710// 2737// 2708//
f 2708// 2737// 2735//
f 2708// 2735// 2706//
f 2706// 2735// 2733//
f 2706// 2733// 2704//
f 2704// 2733// 2701//
f 2704// 2701// 2700//
f 2703// 2702// 2705//
f 2705// 2702// 2732//
f 2705// 2732// 2707//
f 2707// 2732// 2734//
f 2707// 2734// 2709//
f 2709// 2734// 2736//
f 2709// 2736// 2711//
f 2711// 2736// 2738//
f 2711// 2738// 2713//
f 2713// 2738// 2740//
f 2713// 2740// 2715//
f 2715// 2740// 2742//
f 2717// 2715// 2744//
f 2744// 2715// 2742//
f 2717// 2744// 2746//
f 2717// 2746// 2719//
f 2719// 2746// 2748//
f 2719// 2748// 2721//
f 2721// 2748// 2750//
f 2721// 2750// 2723//
f 2723// 2750// 2752//
f 2723// 2752// 2725//
f 2725// 2752// 2754//
f 2725// 2754// 2727//
f 2727// 2754// 2756//
f 2727// 2756// 2729//
f 2760// 2761// 400//
f 400// 2761// 401//
f 346// 2762// 347//
f 347// 2762// 2763//
f 400// 347// 2760//
f 2760// 347// 2763//
f 2760// 2763// 2764//
f 2764// 2763// 2765//
f 2764// 2765// 2766//
f 2766// 2765// 2767//
f 2766// 2767// 2768//
f 2768// 2767// 2769//
f 2768// 2769// 2770//
f 2770// 2769// 2771//
f 2770// 2771// 2772//
f 2772// 2771// 2773//
f 2772// 2773// 2774//
f 2774// 2773// 2775//
f 2774// 2775// 2776//
f 2776// 2775// 2777//
f 2776// 2777// 2778//
f 2778// 2777// 2779//
f 2778// 2779// 2780//
f 2780// 2779// 2781//
f 2780// 2781// 2782//
f 2782// 2781// 2783//
f 2782// 2783// 2784//
f 2784// 2783// 2785//
f 2784// 2785// 2786//
f 2786// 2785// 2787//
f 2786// 2787// 2788//
f 2788// 2787// 2789//
f 2788// 2789// 2790//
f 2790// 2789// 2791//
f 346// 401// 2762//
f 2762// 401// 2761//
f 2762// 2761// 2792//
f 2792// 2761// 2793//
f 2792// 2793// 2794//
f 2794// 2793// 2795//
f 2794// 2795// 2796//
f 2796// 2795// 2797//
f 2796// 2797// 2798//
f 2798// 2797// 2799//
f 2798// 2799// 2800//
f 2800// 2799// 2801//
f 2800// 2801// 2802//
f 2802// 2801// 2803//
f 2802// 2803// 2804//
f 2804// 2803// 2805//
f 2804// 2805// 2806//
f 2806// 2805// 2807//
f 2806// 2807// 2808//
f 2808// 2807// 2809//
f 2808// 2809// 2810//
f 2810// 2809// 2811//
f 2810// 2811// 2812//
f 2812// 2811// 2813//
f 2812// 2813// 2814//
f 2814// 2813// 2815//
f 2814// 2815// 2816//
f 2816// 2815// 2817//
f 2816// 2817// 2818//
f 2818// 2817// 2819//
f 2791// 2789// 2818//
f 2818// 2789// 2816//
f 2790// 2791// 2819//
f 2819// 2791// 2818//
f 2788// 2790// 2817//
f 2817// 2790// 2819//
f 2788// 2817// 2786//
f 2786// 2817// 2815//
f 2786// 2815// 2784//
f 2784// 2815// 2813//
f 2784// 2813// 2782//
f 2782// 2813// 2811//
f 2782// 2811// 2780//
f 2780// 2811// 2809//
f 2780// 2809// 2778//
f 2778// 2809// 2807//
f 2778// 2807// 2776//
f 2776// 2807// 2805//
f 2774// 2776// 2803//
f 2803// 2776// 2805//
f 2774// 2803// 2801//
f 2774// 2801// 2772//
f 2772// 2801// 2799//
f 2772// 2799// 2770//
f 2770// 2799// 2797//
f 2770// 2797// 2768//
f 2768// 2797// 2795//
f 2768// 2795// 2766//
f 2766// 2795// 2793//
f 2766// 2793// 2764//
f 2764// 2793// 2761//
f 2764// 2761// 2760//
f 2763// 2762// 2765//
f 2765// 2762// 2792//
f 2765// 2792// 2767//
f 2767// 2792// 2794//
f 2767// 2794// 2769//
f 2769// 2794// 2796//
f 2769// 2796// 2771//
f 2771// 2796// 2798//
f 2771// 2798// 2773//
f 2773// 2798// 2800//
f 2773// 2800// 2775//
f 2775// 2800// 2802//
f 2777// 2775// 2804//
f 2804// 2775// 2802//
f 2777// 2804// 2806//
f 2777// 2806// 2779//
f 2779// 2806// 2808//
f 2779// 2808// 2781//
f 2781// 2808// 2810//
f 2781// 2810// 2783//
f 2783// 2810// 2812//
f 2783// 2812// 2785//
f 2785// 2812// 2814//
f 2785// 2814// 2787//
f 2787// 2814// 2816//
f 2787// 2816// 2789//
f 2820// 2821// 402//
f 402// 2821// 403//
f 341// 2822// 342//
f 342// 2822// 2823//
f 402// 342// 2820//
f 2820// 342// 2823//
f 2820// 2823// 2824//
f 2824// 2823// 2825//
f 2824// 2825// 2826//
f 2826// 2825// 2827//
f 2826// 2827// 2828//
f 2828// 2827// 2829//
f 2828// 2829// 2830//
f 2830// 2829// 2831//
f 2830// 2831// 2832//
f 2832// 2831// 2833//
f 2832// 2833// 2834//
f 2834// 2833// 2835//
f 2834// 2835// 2836//
f 2836// 2835// 2837//
f 2836// 2837// 2838//
f 2838// 2837// 2839//
f 2838// 2839// 2840//
f 2840// 2839// 2841//
f 2840// 2841// 2842//
f 2842// 2841// 2843//
f 2842// 2843// 2844//
f 2844// 2843// 2845//
f 2844// 2845// 2846//
f 2846// 2845// 2847//
f 2846// 2847// 2848//
f 2848// 2847// 2849//
f 2848// 2849// 2850//
f 2850// 2849// 2851//
f 341// 403// 2822//
f 2822// 403// 2821//
f 2822// 2821// 2852//
f 2852// 2821// 2853//
f 2852// 2853// 2854//
f 2854// 2853// 2855//
f 2854// 2855// 2856//
f 2856// 2855// 2857//
f 2856// 2857// 2858//
f 2858// 2857// 2859//
f 2858// 2859// 2860//
f 2860// 2859// 2861//
f 2860// 2861// 2862//
f 2862// 2861// 2863//
f 2862// 2863// 2864//
f 2864// 2863// 2865//
f 2864// 2865// 2866//
f 2866// 2865// 2867//
f 2866// 2867// 2868//
f 2868// 2867// 2869//
f 2868// 2869// 2870//
f 2870// 2869// 2871//
f 2870// 2871// 2872//
f 2872// 2871// 2873//
f 2872// 2873// 2874//
f 2874// 2873// 2875//
f 2874// 2875// 2876//
f 2876// 2875// 2877//
f 2876// 2877// 2878//
f 2878// 2877// 2879//
f 2851// 2849// 2878//
f 2878// 2849// 2876//
f 2850// 2851// 2879//
f 2879// 2851// 2878//
f 2848// 2850// 2877//
f 2877// 2850// 2879//
f 2848// 2877// 2846//
f 2846// 2877// 2875//
f 2846// 2875// 2844//
f 2844// 2875// 2873//
f 2844// 2873// 2842//
f 2842// 2873// 2871//
f 2842// 2871// 2840//
f 2840// 2871// 2869//
f 2840// 2869// 2838//
f 2838// 2869// 2867//
f 2838// 2867// 2836//
f 2836// 2867// 2865//
f 2834// 2836// 2863//
f 2863// 2836// 2865//
f 2834// 2863// 2861//
f 2834// 2861// 2832//
f 2832// 2861// 2859//
f 2832// 2859// 2830//
f 2830// 2859// 2857//
f 2830// 2857// 2828//
f 2828// 2857// 2855//
f 2828// 2855// 2826//
f 2826// 2855// 2853//
f 2826// 2853// 2824//
f 2824// 2853// 2821//
f 2824// 2821// 2820//
f 2823// 2822// 2825//
f 2825// 2822// 2852//
f 2825// 2852// 2827//
f 2827// 2852// 2854//
f 2827// 2854// 2829//
f 2829// 2854// 2856//
f 2829// 2856// 2831//
f 2831// 2856// 2858//
f 2831// 2858// 2833//
f 2833// 2858// 2860//
f 2833// 2860// 2835//
f 2835// 2860// 2862//
f 2837// 2835// 2864//
f 2864// 2835// 2862//
f 2837// 2864// 2866//
f 2837// 2866// 2839//
f 2839// 2866// 2868//
f 2839// 2868// 2841//
f 2841// 2868// 2870//
f 2841// 2870// 2843//
f 2843// 2870// 2872//
f 2843// 2872// 2845//
f 2845// 2872// 2874//
f 2845// 2874// 2847//
f 2847// 2874// 2876//
f 2847// 2876// 2849//
f 2880// 2881// 404//
f 404// 2881// 376//
f 336// 2882// 340//
f 340// 2882// 2883//
f 404// 340// 2880//
f 2880// 340// 2883//
f 2880// 2883// 2884//
f 2884// 2883// 2885//
f 2884// 2885// 2886//
f 2886// 2885// 2887//
f 2886// 2887// 2888//
f 2888// 2887// 2889//
f 2888// 2889// 2890//
f 2890// 2889// 2891//
f 2890// 2891// 2892//
f 2892// 2891// 2893//
f 2892// 2893// 2894//
f 2894// 2893// 2895//
f 2894// 2895// 2896//
f 2896// 2895// 2897//
f 2896// 2897// 2898//
f 2898// 2897// 2899//
f 2898// 2899// 2900//
f 2900// 2899// 2901//
f 2900// 2901// 2902//
f 2902// 2901// 2903//
f 2902// 2903// 2904//
f 2904// 2903// 2905//
f 2904// 2905// 2906//
f 2906// 2905// 2907//
f 2906// 2907// 2908//
f 2908// 2907// 2909//
f 2908// 2909// 2910//
f 2910// 2909// 2911//
f 336// 376// 2882//
f 2882// 376// 2881//
f 2882// 2881// 2912//
f 2912// 2881// 2913//
f 2912// 2913// 2914//
f 2914// 2913// 2915//
f 2914// 2915// 2916//
f 2916// 2915// 2917//
f 2916// 2917// 2918//
f 2918// 2917// 2919//
f 2918// 2919// 2920//
f 2920// 2919// 2921//
f 2920// 2921// 2922//
f 2922// 2921// 2923//
f 2922// 2923// 2924//
f 2924// 2923// 2925//
f 2924// 2925// 2926//
f 2926// 2925// 2927//
f 2926// 2927// 2928//
f 2928// 2927// 2929//
f 2928// 2929// 2930//
f 2930// 2929// 2931//
f 2930// 2931// 2932//
f 2932// 2931// 2933//
f 2932// 2933// 2934//
f 2934// 2933// 2935//
f 2934// 2935// 2936//
f 2936// 2935// 2937//
f 2936// 2937// 2938//
f 2938// 2937// 2939//
f 2911// 2909// 2938//
f 2938// 2909// 2936//
f 2910// 2911// 2939//
f 2939// 2911// 2938//
f 2908// 2910// 2937//
f 2937// 2910// 2939//
f 2908// 2937// 2906//
f 2906// 2937// 2935//
f 2906// 2935// 2904//
f 2904// 2935// 2933//
f 2904// 2933// 2902//
f 2902// 2933// 2931//
f 2902// 2931// 2900//
f 2900// 2931// 2929//
f 2900// 2929// 2898//
f 2898// 2929// 2927//
f 2898// 2927// 2896//
f 2896// 2927// 2925//
f 2894// 2896// 2923//
f 2923// 2896// 2925//
f 2894// 2923// 2921//
f 2894// 2921// 2892//
f 2892// 2921// 2919//
f 2892// 2919// 2890//
f 2890// 2919// 2917//
f 2890// 2917// 2888//
f 2888// 2917// 2915//
f 2888// 2915// 2886//
f 2886// 2915// 2913//
f 2886// 2913// 2884//
f 2884// 2913// 2881//
f 2884// 2881// 2880//
f 2883// 2882// 2885//
f 2885// 2882// 2912//
f 2885// 2912// 2887//
f 2887// 2912// 2914//
f 2887// 2914// 2889//
f 2889// 2914// 2916//
f 2889// 2916// 2891//
f 2891// 2916// 2918//
f 2891// 2918// 2893//
f 2893// 2918// 2920//
f 2893// 2920// 2895//
f 2895// 2920// 2922//
f 2897// 2895// 2924//
f 2924// 2895// 2922//
f 2897// 2924// 2926//
f 2897// 2926// 2899//
f 2899// 2926// 2928//
f 2899// 2928// 2901//
f 2901// 2928// 2930//
f 2901// 2930// 2903//
f 2903// 2930// 2932//
f 2903// 2932// 2905//
f 2905// 2932// 2934//
f 2905// 2934// 2907//
f 2907// 2934// 2936//
f 2907// 2936// 2909//
f 2940// 2941// 392//
f 392// 2941// 393//
f 334// 2942// 335//
f 335// 2942// 2943//
f 392// 335// 2940//
f 2940// 335// 2943//
f 2940// 2943// 2944//
f 2944// 2943// 2945//
f 2944// 2945// 2946//
f 2946// 2945// 2947//
f 2946// 2947// 2948//
f 2948// 2947// 2949//
f 2948// 2949// 2950//
f 2950// 2949// 2951//
f 2950// 2951// 2952//
f 2952// 2951// 2953//
f 2952// 2953// 2954//
f 2954// 2953// 2955//
f 2954// 2955// 2956//
f 2956// 2955// 2957//
f 2956// 2957// 2958//
f 2958// 2957// 2959//
f 2958// 2959// 2960//
f 2960// 2959// 2961//
f 2960// 2961// 2962//
f 2962// 2961// 2963//
f 2962// 2963// 2964//
f 2964// 2963// 2965//
f 2964// 2965// 2966//
f 2966// 2965// 2967//
f 2966// 2967// 2968//
f 2968// 2967// 2969//
f 2968// 2969// 2970//
f 2970// 2969// 2971//
f 334// 393// 2942//
f 2942// 393// 2941//
f 2942// 2941// 2972//
f 2972// 2941// 2973//
f 2972// 2973// 2974//
f 2974// 2973// 2975//
f 2974// 2975// 2976//
f 2976// 2975// 2977//
f 2976// 2977// 2978//
f 2978// 2977// 2979//
f 2978// 2979// 2980//
f 2980// 2979// 2981//
f 2980// 2981// 2982//
f 2982// 2981// 2983//
f 2982// 2983// 2984//
f 2984// 2983// 2985//
f 2984// 2985// 2986//
f 2986// 2985// 2987//
f 2986// 2987// 2988//
f 2988// 2987// 2989//
f 2988// 2989// 2990//
f 2990// 2989// 2991//
f 2990// 2991// 2992//
f 2992// 2991// 2993//
f 2992// 2993// 2994//
f 2994// 2993// 2995//
f 2994// 2995// 2996//
f 2996// 2995// 2997//
f 2996// 2997// 2998//
f 2998// 2997// 2999//
f 2971// 2969// 2998//
f 2998// 2969// 2996//
f 2970// 2971// 2999//
f 2999// 2971// 2998//
f 2968// 2970// 2997//
f 2997// 2970// 2999//
f 2968// 2997// 2966//
f 2966// 2997// 2995//
f 2966// 2995// 2964//
f 2964// 2995// 2993//
f 2964// 2993// 2962//
f 2962// 2993// 2991//
f 2962// 2991// 2960//
f 2960// 2991// 2989//
f 2960// 2989// 2958//
f 2958// 2989// 2987//
f 2958// 2987// 2956//
f 2956// 2987// 2985//
f 2954// 2956// 2983//
f 2983// 2956// 2985//
f 2954// 2983// 2981//
f 2954// 2981// 2952//
f 2952// 2981// 2979//
f 2952// 2979// 2950//
f 2950// 2979// 2977//
f 2950// 2977// 2948//
f 2948// 2977// 2975//
f 2948// 2975// 2946//
f 2946// 2975// 2973//
f 2946// 2973// 2944//
f 2944// 2973// 2941//
f 2944// 2941// 2940//
f 2943// 2942// 2945//
f 2945// 2942// 2972//
f 2945// 2972// 2947//
f 2947// 2972// 2974//
f 2947// 2974// 2949//
f 2949// 2974// 2976//
f 2949// 2976// 2951//
f 2951// 2976// 2978//
f 2951// 2978// 2953//
f 2953// 2978// 2980//
f 2953// 2980// 2955//
f 2955// 2980// 2982//
f 2957// 2955// 2984//
f 2984// 2955// 2982//
f 2957// 2984// 2986//
f 2957// 2986// 2959//
f 2959// 2986// 2988//
f 2959// 2988// 2961//
f 2961// 2988// 2990//
f 2961// 2990// 2963//
f 2963// 2990// 2992//
f 2963// 2992// 2965//
f 2965// 2992// 2994//
f 2965// 2994// 2967//
f 2967// 2994// 2996//
f 2967// 2996// 2969//
f 3000// 3001// 394//
f 394// 3001// 395//
f 329// 3002// 330//
f 330// 3002// 3003//
f 394// 330// 3000//
f 3000// 330// 3003//
f 3000// 3003// 3004//
f 3004// 3003// 3005//
f 3004// 3005// 3006//
f 3006// 3005// 3007//
f 3006// 3007// 3008//
f 3008// 3007// 3009//
f 3008// 3009// 3010//
f 3010// 3009// 3011//
f 3010// 3011// 3012//
f 3012// 3011// 3013//
f 3012// 3013// 3014//
f 3014// 3013// 3015//
f 3014// 3015// 3016//
f 3016// 3015// 3017//
f 3016// 3017// 3018//
f 3018// 3017// 3019//
f 3018// 3019// 3020//
f 3020// 3019// 3021//
f 3020// 3021// 3022//
f 3022// 3021// 3023//
f 3022// 3023// 3024//
f 3024// 3023// 3025//
f 3024// 3025// 3026//
f 3026// 3025// 3027//
f 3026// 3027// 3028//
f 3028// 3027// 3029//
f 3028// 3029// 3030//
f 3030// 3029// 3031//
f 329// 395// 3002//
f 3002// 395// 3001//
f 3002// 3001// 3032//
f 3032// 3001// 3033//
f 3032// 3033// 3034//
f 3034// 3033// 3035//
f 3034// 3035// 3036//
f 3036// 3035// 3037//
f 3036// 3037// 3038//
f 3038// 3037// 3039//
f 3038// 3039// 3040//
f 3040// 3039// 3041//
f 3040// 3041// 3042//
f 3042// 3041// 3043//
f 3042// 3043// 3044//
f 3044// 3043// 3045//
f 3044// 3045// 3046//
f 3046// 3045// 3047//
f 3046// 3047// 3048//
f 3048// 3047// 3049//
f 3048// 3049// 3050//
f 3050// 3049// 3051//
f 3050// 3051// 3052//
f 3052// 3051// 3053//
f 3052// 3053// 3054//
f 3054// 3053// 3055//
f 3054// 3055// 3056//
f 3056// 3055// 3057//
f 3056// 3057// 3058//
f 3058// 3057// 3059//
f 3031// 3029// 3058//
f 3058// 3029// 3056//
f 3030// 3031// 3059//
f 3059// 3031// 3058//
f 3028// 3030// 3057//
f 3057// 3030// 3059//
f 3028// 3057// 3026//
f 3026// 3057// 3055//
f 3026// 3055// 3024//
f 3024// 3055// 3053//
f 3024// 3053// 3022//
f 3022// 3053// 3051//
f 3022// 3051// 3020//
f 3020// 3051// 3049//
f 3020// 3049// 3018//
f 3018// 3049// 3047//
f 3018// 3047// 3016//
f 3016// 3047// 3045//
f 3014// 3016// 3043//
f 3043// 3016// 3045//
f 3014// 3043// 3041//
f 3014// 3041// 3012//
f 3012// 3041// 3039//
f 3012// 3039// 3010//
f 3010// 3039// 3037//
f 3010// 3037// 3008//
f 3008// 3037// 3035//
f 3008// 3035// 3006//
f 3006// 3035// 3033//
f 3006// 3033// 3004//
f 3004// 3033// 3001//
f 3004// 3001// 3000//
f 3003// 3002// 3005//
f 3005// 3002// 3032//
f 3005// 3032// 3007//
f 3007// 3032// 3034//
f 3007// 3034// 3009//
f 3009// 3034// 3036//
f 3009// 3036// 3011//
f 3011// 3036// 3038//
f 3011// 3038// 3013//
f 3013// 3038// 3040//
f 3013// 3040// 3015//
f 3015// 3040// 3042//
f 3017// 3015// 3044//
f 3044// 3015// 3042//
f 3017// 3044// 3046//
f 3017// 3046// 3019//
f 3019// 3046// 3048//
f 3019// 3048// 3021//
f 3021// 3048// 3050//
f 3021// 3050// 3023//
f 3023// 3050// 3052//
f 3023// 3052// 3025//
f 3025// 3052// 3054//
f 3025// 3054// 3027//
f 3027// 3054// 3056//
f 3027// 3056// 3029//
f 3060// 3061// 396//
f 396// 3061// 374//
f 324// 3062// 328//
f 328// 3062// 3063//
f 396// 328// 3060//
f 3060// 328// 3063//
f 3060// 3063// 3064//
f 3064// 3063// 3065//
f 3064// 3065// 3066//
f 3066// 3065// 3067//
f 3066// 3067// 3068//
f 3068// 3067// 3069//
f 3068// 3069// 3070//
f 3070// 3069// 3071//
f 3070// 3071// 3072//
f 3072// 3071// 3073//
f 3072// 3073// 3074//
f 3074// 3073// 3075//
f 3074// 3075// 3076//
f 3076// 3075// 3077//
f 3076// 3077// 3078//
f 3078// 3077// 3079//
f 3078// 3079// 3080//
f 3080// 3079// 3081//
f 3080// 3081// 3082//
f 3082// 3081// 3083//
f 3082// 3083// 3084//
f 3084// 3083// 3085//
f 3084// 3085// 3086//
f 3086// 3085// 3087//
f 3086// 3087// 3088//
f 3088// 3087// 3089//
f 3088// 3089// 3090//
f 3090// 3089// 3091//
f 324// 374// 3062//
f 3062// 374// 3061//
f 3062// 3061// 3092//
f 3092// 3061// 3093//
f 3092// 3093// 3094//
f 3094// 3093// 3095//
f 3094// 3095// 3096//
f 3096// 3095// 3097//
f 3096// 3097// 3098//
f 3098// 3097// 3099//
f 3098// 3099// 3100//
f 3100// 3099// 3101//
f 3100// 3101// 3102//
f 3102// 3101// 3103//
f 3102// 3103// 3104//
f 3104// 3103// 3105//
f 3104// 3105// 3106//
f 3106// 3105// 3107//
f 3106// 3107// 3108//
f 3108// 3107// 3109//
f 3108// 3109// 3110//
f 3110// 3109// 3111//
f 3110// 3111// 3112//
f 3112// 3111// 3113//
f 3112// 3113// 3114//
f 3114// 3113// 3115//
f 3114// 3115// 3116//
f 3116// 3115// 3117//
f 3116// 3117// 3118//
f 3118// 3117// 3119//
f 3091// 3089// 3118//
f 3118// 3089// 3116//
f 3090// 3091// 3119//
f 3119// 3091// 3118//
f 3088// 3090// 3117//
f 3117// 3090// 3119//
f 3088// 3117// 3086//
f 3086// 3117// 3115//
f 3086// 3115// 3084//
f 3084// 3115// 3113//
f 3084// 3113// 3082//
f 3082// 3113// 3111//
f 3082// 3111// 3080//
f 3080// 3111// 3109//
f 3080// 3109// 3078//
f 3078// 3109// 3107//
f 3078// 3107// 3076//
f 3076// 3107// 3105//
f 3074// 3076// 3103//
f 3103// 3076// 3105//
f 3074// 3103// 3101//
f 3074// 3101// 3072//
f 3072// 3101// 3099//
f 3072// 3099// 3070//
f 3070// 3099// 3097//
f 3070// 3097// 3068//
f 3068// 3097// 3095//
f 3068// 3095// 3066//
f 3066// 3095// 3093//
f 3066// 3093// 3064//
f 3064// 3093// 3061//
f 3064// 3061// 3060//
f 3063// 3062// 3065//
f 3065// 3062// 3092//
f 3065// 3092// 3067//
f 3067// 3092// 3094//
f 3067// 3094// 3069//
f 3069// 3094// 3096//
f 3069// 3096// 3071//
f 3071// 3096// 3098//
f 3071// 3098// 3073//
f 3073// 3098// 3100//
f 3073// 3100// 3075//
f 3075// 3100// 3102//
f 3077// 3075// 3104//
f 3104// 3075// 3102//
f 3077// 3104// 3106//
f 3077// 3106// 3079//
f 3079// 3106// 3108//
f 3079// 3108// 3081//
f 3081// 3108// 3110//
f 3081// 3110// 3083//
f 3083// 3110// 3112//
f 3083// 3112// 3085//
f 3085// 3112// 3114//
f 3085// 3114// 3087//
f 3087// 3114// 3116//
f 3087// 3116// 3089//
f 3120// 3121// 383//
f 383// 3121// 384//
f 322// 3122// 323//
f 323// 3122// 3123//
f 383// 323// 3120//
f 3120// 323// 3123//
f 3120// 3123// 3124//
f 3124// 3123// 3125//
f 3124// 3125// 3126//
f 3126// 3125// 3127//
f 3126// 3127// 3128//
f 3128// 3127// 3129//
f 3128// 3129// 3130//
f 3130// 3129// 3131//
f 3130// 3131// 3132//
f 3132// 3131// 3133//
f 3132// 3133// 3134//
f 3134// 3133// 3135//
f 3134// 3135// 3136//
f 3136// 3135// 3137//
f 3136// 3137// 3138//
f 3138// 3137// 3139//
f 3138// 3139// 3140//
f 3140// 3139// 3141//
f 3140// 3141// 3142//
f 3142// 3141// 3143//
f 3142// 3143// 3144//
f 3144// 3143// 3145//
f 3144// 3145// 3146//
f 3146// 3145// 3147//
f 3146// 3147// 3148//
f 3148// 3147// 3149//
f 3148// 3149// 3150//
f 3150// 3149// 3151//
f 322// 384// 3122//
f 3122// 384// 3121//
f 3122// 3121// 3152//
f 3152// 3121// 3153//
f 3152// 3153// 3154//
f 3154// 3153// 3155//
f 3154// 3155// 3156//
f 3156// 3155// 3157//
f 3156// 3157// 3158//
f 3158// 3157// 3159//
f 3158// 3159// 3160//
f 3160// 3159// 3161//
f 3160// 3161// 3162//
f 3162// 3161// 3163//
f 3162// 3163// 3164//
f 3164// 3163// 3165//
f 3164// 3165// 3166//
f 3166// 3165// 3167//
f 3166// 3167// 3168//
f 3168// 3167// 3169//
f 3168// 3169// 3170//
f 3170// 3169// 3171//
f 3170// 3171// 3172//
f 3172// 3171// 3173//
f 3172// 3173// 3174//
f 3174// 3173// 3175//
f 3174// 3175// 3176//
f 3176// 3175// 3177//
f 3176// 3177// 3178//
f 3178// 3177// 3179//
f 3151// 3149// 3178//
f 3178// 3149// 3176//
f 3150// 3151// 3179//
f 3179// 3151// 3178//
f 3148// 3150// 3177//
f 3177// 3150// 3179//
f 3148// 3177// 3146//
f 3146// 3177// 3175//
f 3146// 3175// 3144//
f 3144// 3175// 3173//
f 3144// 3173// 3142//
f 3142// 3173// 3171//
f 3142// 3171// 3140//
f 3140// 3171// 3169//
f 3140// 3169// 3138//
f 3138// 3169// 3167//
f 3138// 3167// 3136//
f 3136// 3167// 3165//
f 3134// 3136// 3163//
f 3163// 3136// 3165//
f 3134// 3163// 3161//
f 3134// 3161// 3132//
f 3132// 3161// 3159//
f 3132// 3159// 3130//
f 3130// 3159// 3157//
f 3130// 3157// 3128//
f 3128// 3157// 3155//
f 3128// 3155// 3126//
f 3126// 3155// 3153//
f 3126// 3153// 3124//
f 3124// 3153// 3121//
f 3124// 3121// 3120//
f 3123// 3122// 3125//
f 3125// 3122// 3152//
f 3125// 3152// 3127//
f 3127// 3152// 3154//
f 3127// 3154// 3129//
f 3129// 3154// 3156//
f 3129// 3156// 3131//
f 3131// 3156// 3158//
f 3131// 3158// 3133//
f 3133// 3158// 3160//
f 3133// 3160// 3135//
f 3135// 3160// 3162//
f 3137// 3135// 3164//
f 3164// 3135// 3162//
f 3137// 3164// 3166//
f 3137// 3166// 3139//
f 3139// 3166// 3168//
f 3139// 3168// 3141//
f 3141// 3168// 3170//
f 3141// 3170// 3143//
f 3143// 3170// 3172//
f 3143// 3172// 3145//
f 3145// 3172// 3174//
f 3145// 3174// 3147//
f 3147// 3174// 3176//
f 3147// 3176// 3149//
f 3180// 3181// 385//
f 385// 3181// 386//
f 317// 3182// 318//
f 318// 3182// 3183//
f 385// 318// 3180//
f 3180// 318// 3183//
f 3180// 3183// 3184//
f 3184// 3183// 3185//
f 3184// 3185// 3186//
f 3186// 3185// 3187//
f 3186// 3187// 3188//
f 3188// 3187// 3189//
f 3188// 3189// 3190//
f 3190// 3189// 3191//
f 3190// 3191// 3192//
f 3192// 3191// 3193//
f 3192// 3193// 3194//
f 3194// 3193// 3195//
f 3194// 3195// 3196//
f 3196// 3195// 3197//
f 3196// 3197// 3198//
f 3198// 3197// 3199//
f 3198// 3199// 3200//
f 3200// 3199// 3201//
f 3200// 3201// 3202//
f 3202// 3201// 3203//
f 3202// 3203// 3204//
f 3204// 3203// 3205//
f 3204// 3205// 3206//
f 3206// 3205// 3207//
f 3206// 3207// 3208//
f 3208// 3207// 3209//
f 3208// 3209// 3210//
f 3210// 3209// 3211//
f 317// 386// 3182//
f 3182// 386// 3181//
f 3182// 3181// 3212//
f 3212// 3181// 3213//
f 3212// 3213// 3214//
f 3214// 3213// 3215//
f 3214// 3215// 3216//
f 3216// 3215// 3217//
f 3216// 3217// 3218//
f 3218// 3217// 3219//
f 3218// 3219// 3220//
f 3220// 3219// 3221//
f 3220// 3221// 3222//
f 3222// 3221// 3223//
f 3222// 3223// 3224//
f 3224// 3223// 3225//
f 3224// 3225// 3226//
f 3226// 3225// 3227//
f 3226// 3227// 3228//
f 3228// 3227// 3229//
f 3228// 3229// 3230//
f 3230// 3229// 3231//
f 3230// 3231// 3232//
f 3232// 3231// 3233//
f 3232// 3233// 3234//
f 3234// 3233// 3235//
f 3234// 3235// 3236//
f 3236// 3235// 3237//
f 3236// 3237// 3238//
f 3238// 3237// 3239//
f 3211// 3209// 3238//
f 3238// 3209// 3236//
f 3210// 3211// 3239//
f 3239// 3211// 3238//
f 3208// 3210// 3237//
f 3237// 3210// 3239//
f 3208// 3237// 3206//
f 3206// 3237// 3235//
f 3206// 3235// 3204//
f 3204// 3235// 3233//
f 3204// 3233// 3202//
f 3202// 3233// 3231//
f 3202// 3231// 3200//
f 3200// 3231// 3229//
f 3200// 3229// 3198//
f 3198// 3229// 3227//
f 3198// 3227// 3196//
f 3196// 3227// 3225//
f 3194// 3196// 3223//
f 3223// 3196// 3225//
f 3194// 3223// 3221//
f 3194// 3221// 3192//
f 3192// 3221// 3219//
f 3192// 3219// 3190//
f 3190// 3219// 3217//
f 3190// 3217// 3188//
f 3188// 3217// 3215//
f 3188// 3215// 3186//
f 3186// 3215// 3213//
f 3186// 3213// 3184//
f 3184// 3213// 3181//
f 3184// 3181// 3180//
f 3183// 3182// 3185//
f 3185// 3182// 3212//
f 3185// 3212// 3187//
f 3187// 3212// 3214//
f 3187// 3214// 3189//
f 3189// 3214// 3216//
f 3189// 3216// 3191//
f 3191// 3216// 3218//
f 3191// 3218// 3193//
f 3193// 3218// 3220//
f 3193// 3220// 3195//
f 3195// 3220// 3222//
f 3197// 3195// 3224//
f 3224// 3195// 3222//
f 3197// 3224// 3226//
f 3197// 3226// 3199//
f 3199// 3226// 3228//
f 3199// 3228// 3201//
f 3201// 3228// 3230//
f 3201// 3230// 3203//
f 3203// 3230// 3232//
f 3203// 3232// 3205//
f 3205// 3232// 3234//
f 3205// 3234// 3207//
f 3207// 3234// 3236//
f 3207// 3236// 3209//
f 3240// 3241// 387//
f 387// 3241// 375//
f 315// 3242// 316//
f 316// 3242// 3243//
f 387// 316// 3240//
f 3240// 316// 3243//
f 3240// 3243// 3244//
f 3244// 3243// 3245//
f 3244// 3245// 3246//
f 3246// 3245// 3247//
f 3246// 3247// 3248//
f 3248// 3247// 3249//
f 3248// 3249// 3250//
f 3250// 3249// 3251//
f 3250// 3251// 3252//
f 3252// 3251// 3253//
f 3252// 3253// 3254//
f 3254// 3253// 3255//
f 3254// 3255// 3256//
f 3256// 3255// 3257//
f 3256// 3257// 3258//
f 3258// 3257// 3259//
f 3258// 3259// 3260//
f 3260// 3259// 3261//
f 3260// 3261// 3262//
f 3262// 3261// 3263//
f 3262// 3263// 3264//
f 3264// 3263// 3265//
f 3264// 3265// 3266//
f 3266// 3265// 3267//
f 3266// 3267// 3268//
f 3268// 3267// 3269//
f 3268// 3269// 3270//
f 3270// 3269// 3271//
f 315// 375// 3242//
f 3242// 375// 3241//
f 3242// 3241// 3272//
f 3272// 3241// 3273//
f 3272// 3273// 3274//
f 3274// 3273// 3275//
f 3274// 3275// 3276//
f 3276// 3275// 3277//
f 3276// 3277// 3278//
f 3278// 3277// 3279//
f 3278// 3279// 3280//
f 3280// 3279// 3281//
f 3280// 3281// 3282//
f 3282// 3281// 3283//
f 3282// 3283// 3284//
f 3284// 3283// 3285//
f 3284// 3285// 3286//
f 3286// 3285// 3287//
f 3286// 3287// 3288//
f 3288// 3287// 3289//
f 3288// 3289// 3290//
f 3290// 3289// 3291//
f 3290// 3291// 3292//
f 3292// 3291// 3293//
f 3292// 3293// 3294//
f 3294// 3293// 3295//
f 3294// 3295// 3296//
f 3296// 3295// 3297//
f 3296// 3297// 3298//
f 3298// 3297// 3299//
f 3271// 3269// 3298//
f 3298// 3269// 3296//
f 3270// 3271// 3299//
f 3299// 3271// 3298//
f 3268// 3270// 3297//
f 3297// 3270// 3299//
f 3268// 3297// 3266//
f 3266// 3297// 3295//
f 3266// 3295// 3264//
f 3264// 3295// 3293//
f 3264// 3293// 3262//
f 3262// 3293// 3291//
f 3262// 3291// 3260//
f 3260// 3291// 3289//
f 3260// 3289// 3258//
f 3258// 3289// 3287//
f 3258// 3287// 3256//
f 3256// 3287// 3285//
f 3254// 3256// 3283//
f 3283// 3256// 3285//
f 3254// 3283// 3281//
f 3254// 3281// 3252//
f 3252// 3281// 3279//
f 3252// 3279// 3250//
f 3250// 3279// 3277//
f 3250// 3277// 3248//
f 3248// 3277// 3275//
f 3248// 3275// 3246//
f 3246// 3275// 3273//
f 3246// 3273// 3244//
f 3244// 3273// 3241//
f 3244// 3241// 3240//
f 3243// 3242// 3245//
f 3245// 3242// 3272//
f 3245// 3272// 3247//
f 3247// 3272// 3274//
f 3247// 3274// 3249//
f 3249// 3274// 3276//
f 3249// 3276// 3251//
f 3251// 3276// 3278//
f 3251// 3278// 3253//
f 3253// 3278// 3280//
f 3253// 3280// 3255//
f 3255// 3280// 3282//
f 3257// 3255// 3284//
f 3284// 3255// 3282//
f 3257// 3284// 3286//
f 3257// 3286// 3259//
f 3259// 3286// 3288//
f 3259// 3288// 3261//
f 3261// 3288// 3290//
f 3261// 3290// 3263//
f 3263// 3290// 3292//
f 3263// 3292// 3265//
f 3265// 3292// 3294//
f 3265// 3294// 3267//
f 3267// 3294// 3296//
f 3267// 3296// 3269//
f 3300// 3301// 377//
f 377// 3301// 378//
f 313// 3302// 314//
f 314// 3302// 3303//
f 377// 314// 3300//
f 3300// 314// 3303//
f 3300// 3303// 3304//
f 3304// 3303// 3305//
f 3304// 3305// 3306//
f 3306// 3305// 3307//
f 3306// 3307// 3308//
f 3308// 3307// 3309//
f 3308// 3309// 3310//
f 3310// 3309// 3311//
f 3310// 3311// 3312//
f 3312// 3311// 3313//
f 3312// 3313// 3314//
f 3314// 3313// 3315//
f 3314// 3315// 3316//
f 3316// 3315// 3317//
f 3316// 3317// 3318//
f 3318// 3317// 3319//
f 3318// 3319// 3320//
f 3320// 3319// 3321//
f 3320// 3321// 3322//
f 3322// 3321// 3323//
f 3322// 3323// 3324//
f 3324// 3323// 3325//
f 3324// 3325// 3326//
f 3326// 3325// 3327//
f 3326// 3327// 3328//
f 3328// 3327// 3329//
f 3328// 3329// 3330//
f 3330// 3329// 3331//
f 313// 378// 3302//
f 3302// 378// 3301//
f 3302// 3301// 3332//
f 3332// 3301// 3333//
f 3332// 3333// 3334//
f 3334// 3333// 3335//
f 3334// 3335// 3336//
f 3336// 3335// 3337//
f 3336// 3337// 3338//
f 3338// 3337// 3339//
f 3338// 3339// 3340//
f 3340// 3339// 3341//
f 3340// 3341// 3342//
f 3342// 3341// 3343//
f 3342// 3343// 3344//
f 3344// 3343// 3345//
f 3344// 3345// 3346//
f 3346// 3345// 3347//
f 3346// 3347// 3348//
f 3348// 3347// 3349//
f 3348// 3349// 3350//
f 3350// 3349// 3351//
f 3350// 3351// 3352//
f 3352// 3351// 3353//
f 3352// 3353// 3354//
f 3354// 3353// 3355//
f 3354// 3355// 3356//
f 3356// 3355// 3357//
f 3356// 3357// 3358//
f 3358// 3357// 3359//
f 3331// 3329// 3358//
f 3358// 3329// 3356//
f 3330// 3331// 3359//
f 3359// 3331// 3358//
f 3328// 3330// 3357//
f 3357// 3330// 3359//
f 3328// 3357// 3326//
f 3326// 3357// 3355//
f 3326// 3355// 3324//
f 3324// 3355// 3353//
f 3324// 3353// 3322//
f 3322// 3353// 3351//
f 3322// 3351// 3320//
f 3320// 3351// 3349//
f 3320// 3349// 3318//
f 3318// 3349// 3347//
f 3318// 3347// 3316//
f 3316// 3347// 3345//
f 3314// 3316// 3343//
f 3343// 3316// 3345//
f 3314// 3343// 3341//
f 3314// 3341// 3312//
f 3312// 3341// 3339//
f 3312// 3339// 3310//
f 3310// 3339// 3337//
f 3310// 3337// 3308//
f 3308// 3337// 3335//
f 3308// 3335// 3306//
f 3306// 3335// 3333//
f 3306// 3333// 3304//
f 3304// 3333// 3301//
f 3304// 3301// 3300//
f 3303// 3302// 3305//
f 3305// 3302// 3332//
f 3305// 3332// 3307//
f 3307// 3332// 3334//
f 3307// 3334// 3309//
f 3309// 3334// 3336//
f 3309// 3336// 3311//
f 3311// 3336// 3338//
f 3311// 3338// 3313//
f 3313// 3338// 3340//
f 3313// 3340// 3315//
f 3315// 3340// 3342//
f 3317// 3315// 3344//
f 3344// 3315// 3342//
f 3317// 3344// 3346//
f 3317// 3346// 3319//
f 3319// 3346// 3348//
f 3319// 3348// 3321//
f 3321// 3348// 3350//
f 3321// 3350// 3323//
f 3323// 3350// 3352//
f 3323// 3352// 3325//
f 3325// 3352// 3354//
f 3325// 3354// 3327//
f 3327// 3354// 3356//
f 3327// 3356// 3329//
f 3360// 3361// 388//
f 388// 3361// 389//
f 311// 3362// 312//
f 312// 3362// 3363//
f 388// 312// 3360//
f 3360// 312// 3363//
f 3360// 3363// 3364//
f 3364// 3363// 3365//
f 3364// 3365// 3366//
f 3366// 3365// 3367//
f 3366// 3367// 3368//
f 3368// 3367// 3369//
f 3368// 3369// 3370//
f 3370// 3369// 3371//
f 3370// 3371// 3372//
f 3372// 3371// 3373//
f 3372// 3373// 3374//
f 3374// 3373// 3375//
f 3374// 3375// 3376//
f 3376// 3375// 3377//
f 3376// 3377// 3378//
f 3378// 3377// 3379//
f 3378// 3379// 3380//
f 3380// 3379// 3381//
f 3380// 3381// 3382//
f 3382// 3381// 3383//
f 3382// 3383// 3384//
f 3384// 3383// 3385//
f 3384// 3385// 3386//
f 3386// 3385// 3387//
f 3386// 3387// 3388//
f 3388// 3387// 3389//
f 3388// 3389// 3390//
f 3390// 3389// 3391//
f 311// 389// 3362//
f 3362// 389// 3361//
f 3362// 3361// 3392//
f 3392// 3361// 3393//
f 3392// 3393// 3394//
f 3394// 3393// 3395//
f 3394// 3395// 3396//
f 3396// 3395// 3397//
f 3396// 3397// 3398//
f 3398// 3397// 3399//
f 3398// 3399// 3400//
f 3400// 3399// 3401//
f 3400// 3401// 3402//
f 3402// 3401// 3403//
f 3402// 3403// 3404//
f 3404// 3403// 3405//
f 3404// 3405// 3406//
f 3406// 3405// 3407//
f 3406// 3407// 3408//
f 3408// 3407// 3409//
f 3408// 3409// 3410//
f 3410// 3409// 3411//
f 3410// 3411// 3412//
f 3412// 3411// 3413//
f 3412// 3413// 3414//
f 3414// 3413// 3415//
f 3414// 3415// 3416//
f 3416// 3415// 3417//
f 3416// 3417// 3418//
f 3418// 3417// 3419//
f 3391// 3389// 3418//
f 3418// 3389// 3416//
f 3390// 3391// 3419//
f 3419// 3391// 3418//
f 3388// 3390// 3417//
f 3417// 3390// 3419//
f 3388// 3417// 3386//
f 3386// 3417// 3415//
f 3386// 3415// 3384//
f 3384// 3415// 3413//
f 3384// 3413// 3382//
f 3382// 3413// 3411//
f 3382// 3411// 3380//
f 3380// 3411// 3409//
f 3380// 3409// 3378//
f 3378// 3409// 3407//
f 3378// 3407// 3376//
f 3376// 3407// 3405//
f 3374// 3376// 3403//
f 3403// 3376// 3405//
f 3374// 3403// 3401//
f 3374// 3401// 3372//
f 3372// 3401// 3399//
f 3372// 3399// 3370//
f 3370// 3399// 3397//
f 3370// 3397// 3368//
f 3368// 3397// 3395//
f 3368// 3395// 3366//
f 3366// 3395// 3393//
f 3366// 3393// 3364//
f 3364// 3393// 3361//
f 3364// 3361// 3360//
f 3363// 3362// 3365//
f 3365// 3362// 3392//
f 3365// 3392// 3367//
f 3367// 3392// 3394//
f 3367// 3394// 3369//
f 3369// 3394// 3396//
f 3369// 3396// 3371//
f 3371// 3396// 3398//
f 3371// 3398// 3373//
f 3373// 3398// 3400//
f 3373// 3400// 3375//
f 3375// 3400// 3402//
f 3377// 3375// 3404//
f 3404// 3375// 3402//
f 3377// 3404// 3406//
f 3377// 3406// 3379//
f 3379// 3406// 3408//
f 3379// 3408// 3381//
f 3381// 3408// 3410//
f 3381// 3410// 3383//
f 3383// 3410// 3412//
f 3383// 3412// 3385//
f 3385// 3412// 3414//
f 3385// 3414// 3387//
f 3387// 3414// 3416//
f 3387// 3416// 3389//
f 3420// 3421// 397//
f 397// 3421// 398//
f 306// 3422// 310//
f 310// 3422// 3423//
f 397// 310// 3420//
f 3420// 310// 3423//
f 3420// 3423// 3424//
f 3424// 3423// 3425//
f 3424// 3425// 3426//
f 3426// 3425// 3427//
f 3426// 3427// 3428//
f 3428// 3427// 3429//
f 3428// 3429// 3430//
f 3430// 3429// 3431//
f 3430// 3431// 3432//
f 3432// 3431// 3433//
f 3432// 3433// 3434//
f 3434// 3433// 3435//
f 3434// 3435// 3436//
f 3436// 3435// 3437//
f 3436// 3437// 3438//
f 3438// 3437// 3439//
f 3438// 3439// 3440//
f 3440// 3439// 3441//
f 3440// 3441// 3442//
f 3442// 3441// 3443//
f 3442// 3443// 3444//
f 3444// 3443// 3445//
f 3444// 3445// 3446//
f 3446// 3445// 3447//
f 3446// 3447// 3448//
f 3448// 3447// 3449//
f 3448// 3449// 3450//
f 3450// 3449// 3451//
f 306// 398// 3422//
f 3422// 398// 3421//
f 3422// 3421// 3452//
f 3452// 3421// 3453//
f 3452// 3453// 3454//
f 3454// 3453// 3455//
f 3454// 3455// 3456//
f 3456// 3455// 3457//
f 3456// 3457// 3458//
f 3458// 3457// 3459//
f 3458// 3459// 3460//
f 3460// 3459// 3461//
f 3460// 3461// 3462//
f 3462// 3461// 3463//
f 3462// 3463// 3464//
f 3464// 3463// 3465//
f 3464// 3465// 3466//
f 3466// 3465// 3467//
f 3466// 3467// 3468//
f 3468// 3467// 3469//
f 3468// 3469// 3470//
f 3470// 3469// 3471//
f 3470// 3471// 3472//
f 3472// 3471// 3473//
f 3472// 3473// 3474//
f 3474// 3473// 3475//
f 3474// 3475// 3476//
f 3476// 3475// 3477//
f 3476// 3477// 3478//
f 3478// 3477// 3479//
f 3451// 3449// 3478//
f 3478// 3449// 3476//
f 3450// 3451// 3479//
f 3479// 3451// 3478//
f 3448// 3450// 3477//
f 3477// 3450// 3479//
f 3448// 3477// 3446//
f 3446// 3477// 3475//
f 3446// 3475// 3444//
f 3444// 3475// 3473//
f 3444// 3473// 3442//
f 3442// 3473// 3471//
f 3442// 3471// 3440//
f 3440// 3471// 3469//
f 3440// 3469// 3438//
f 3438// 3469// 3467//
f 3438// 3467// 3436//
f 3436// 3467// 3465//
f 3434// 3436// 3463//
f 3463// 3436// 3465//
f 3434// 3463// 3461//
f 3434// 3461// 3432//
f 3432// 3461// 3459//
f 3432// 3459// 3430//
f 3430// 3459// 3457//
f 3430// 3457// 3428//
f 3428// 3457// 3455//
f 3428// 3455// 3426//
f 3426// 3455// 3453//
f 3426// 3453// 3424//
f 3424// 3453// 3421//
f 3424// 3421// 3420//
f 3423// 3422// 3425//
f 3425// 3422// 3452//
f 3425// 3452// 3427//
f 3427// 3452// 3454//
f 3427// 3454// 3429//
f 3429// 3454// 3456//
f 3429// 3456// 3431//
f 3431// 3456// 3458//
f 3431// 3458// 3433//
f 3433// 3458// 3460//
f 3433// 3460// 3435//
f 3435// 3460// 3462//
f 3437// 3435// 3464//
f 3464// 3435// 3462//
f 3437// 3464// 3466//
f 3437// 3466// 3439//
f 3439// 3466// 3468//
f 3439// 3468// 3441//
f 3441// 3468// 3470//
f 3441// 3470// 3443//
f 3443// 3470// 3472//
f 3443// 3472// 3445//
f 3445// 3472// 3474//
f 3445// 3474// 3447//
f 3447// 3474// 3476//
f 3447// 3476// 3449//
f 3480// 3481// 405//
f 405// 3481// 406//
f 367// 3482// 305//
f 305// 3482// 3483//
f 405// 305// 3480//
f 3480// 305// 3483//
f 3480// 3483// 3484//
f 3484// 3483// 3485//
f 3484// 3485// 3486//
f 3486// 3485// 3487//
f 3486// 3487// 3488//
f 3488// 3487// 3489//
f 3488// 3489// 3490//
f 3490// 3489// 3491//
f 3490// 3491// 3492//
f 3492// 3491// 3493//
f 3492// 3493// 3494//
f 3494// 3493// 3495//
f 3494// 3495// 3496//
f 3496// 3495// 3497//
f 3496// 3497// 3498//
f 3498// 3497// 3499//
f 3498// 3499// 3500//
f 3500// 3499// 3501//
f 3500// 3501// 3502//
f 3502// 3501// 3503//
f 3502// 3503// 3504//
f 3504// 3503// 3505//
f 3504// 3505// 3506//
f 3506// 3505// 3507//
f 3506// 3507// 3508//
f 3508// 3507// 3509//
f 3508// 3509// 3510//
f 3510// 3509// 3511//
f 367// 406// 3482//
f 3482// 406// 3481//
f 3482// 3481// 3512//
f 3512// 3481// 3513//
f 3512// 3513// 3514//
f 3514// 3513// 3515//
f 3514// 3515// 3516//
f 3516// 3515// 3517//
f 3516// 3517// 3518//
f 3518// 3517// 3519//
f 3518// 3519// 3520//
f 3520// 3519// 3521//
f 3520// 3521// 3522//
f 3522// 3521// 3523//
f 3522// 3523// 3524//
f 3524// 3523// 3525//
f 3524// 3525// 3526//
f 3526// 3525// 3527//
f 3526// 3527// 3528//
f 3528// 3527// 3529//
f 3528// 3529// 3530//
f 3530// 3529// 3531//
f 3530// 3531// 3532//
f 3532// 3531// 3533//
f 3532// 3533// 3534//
f 3534// 3533// 3535//
f 3534// 3535// 3536//
f 3536// 3535// 3537//
f 3536// 3537// 3538//
f 3538// 3537// 3539//
f 3511// 3509// 3538//
f 3538// 3509// 3536//
f 3510// 3511// 3539//
f 3539// 3511// 3538//
f 3508// 3510// 3537//
f 3537// 3510// 3539//
f 3508// 3537// 3506//
f 3506// 3537// 3535//
f 3506// 3535// 3504//
f 3504// 3535// 3533//
f 3504// 3533// 3502//
f 3502// 3533// 3531//
f 3502// 3531// 3500//
f 3500// 3531// 3529//
f 3500// 3529// 3498//
f 3498// 3529// 3527//
f 3498// 3527// 3496//
f 3496// 3527// 3525//
f 3494// 3496// 3523//
f 3523// 3496// 3525//
f 3494// 3523// 3521//
f 3494// 3521// 3492//
f 3492// 3521// 3519//
f 3492// 3519// 3490//
f 3490// 3519// 3517//
f 3490// 3517// 3488//
f 3488// 3517// 3515//
f 3488// 3515// 3486//
f 3486// 3515// 3513//
f 3486// 3513// 3484//
f 3484// 3513// 3481//
f 3484// 3481// 3480//
f 3483// 3482// 3485//
f 3485// 3482// 3512//
f 3485// 3512// 3487//
f 3487// 3512// 3514//
f 3487// 3514// 3489//
f 3489// 3514// 3516//
f 3489// 3516// 3491//
f 3491// 3516// 3518//
f 3491// 3518// 3493//
f 3493// 3518// 3520//
f 3493// 3520// 3495//
f 3495// 3520// 3522//
f 3497// 3495// 3524//
f 3524// 3495// 3522//
f 3497// 3524// 3526//
f 3497// 3526// 3499//
f 3499// 3526// 3528//
f 3499// 3528// 3501//
f 3501// 3528// 3530//
f 3501// 3530// 3503//
f 3503// 3530// 3532//
f 3503// 3532// 3505//
f 3505// 3532// 3534//
f 3505// 3534// 3507//
f 3507// 3534// 3536//
f 3507// 3536// 3509//
f 3540// 3541// 407//
f 407// 3541// 408//
f 365// 3542// 366//
f 366// 3542// 3543//
f 407// 366// 3540//
f 3540// 366// 3543//
f 3540// 3543// 3544//
f 3544// 3543// 3545//
f 3544// 3545// 3546//
f 3546// 3545// 3547//
f 3546// 3547// 3548//
f 3548// 3547// 3549//
f 3548// 3549// 3550//
f 3550// 3549// 3551//
f 3550// 3551// 3552//
f 3552// 3551// 3553//
f 3552// 3553// 3554//
f 3554// 3553// 3555//
f 3554// 3555// 3556//
f 3556// 3555// 3557//
f 3556// 3557// 3558//
f 3558// 3557// 3559//
f 3558// 3559// 3560//
f 3560// 3559// 3561//
f 3560// 3561// 3562//
f 3562// 3561// 3563//
f 3562// 3563// 3564//
f 3564// 3563// 3565//
f 3564// 3565// 3566//
f 3566// 3565// 3567//
f 3566// 3567// 3568//
f 3568// 3567// 3569//
f 3568// 3569// 3570//
f 3570// 3569// 3571//
f 365// 408// 3542//
f 3542// 408// 3541//
f 3542// 3541// 3572//
f 3572// 3541// 3573//
f 3572// 3573// 3574//
f 3574// 3573// 3575//
f 3574// 3575// 3576//
f 3576// 3575// 3577//
f 3576// 3577// 3578//
f 3578// 3577// 3579//
f 3578// 3579// 3580//
f 3580// 3579// 3581//
f 3580// 3581// 3582//
f 3582// 3581// 3583//
f 3582// 3583// 3584//
f 3584// 3583// 3585//
f 3584// 3585// 3586//
f 3586// 3585// 3587//
f 3586// 3587// 3588//
f 3588// 3587// 3589//
f 3588// 3589// 3590//
f 3590// 3589// 3591//
f 3590// 3591// 3592//
f 3592// 3591// 3593//
f 3592// 3593// 3594//
f 3594// 3593// 3595//
f 3594// 3595// 3596//
f 3596// 3595// 3597//
f 3596// 3597// 3598//
f 3598// 3597// 3599//
f 3571// 3569// 3598//
f 3598// 3569// 3596//
f 3570// 3571// 3599//
f 3599// 3571// 3598//
f 3568// 3570// 3597//
f 3597// 3570// 3599//
f 3568// 3597// 3566//
f 3566// 3597// 3595//
f 3566// 3595// 3564//
f 3564// 3595// 3593//
f 3564// 3593// 3562//
f 3562// 3593// 3591//
f 3562// 3591// 3560//
f 3560// 3591// 3589//
f 3560// 3589// 3558//
f 3558// 3589// 3587//
f 3558// 3587// 3556//
f 3556// 3587// 3585//
f 3554// 3556// 3583//
f 3583// 3556// 3585//
f 3554// 3583// 3581//
f 3554// 3581// 3552//
f 3552// 3581// 3579//
f 3552// 3579// 3550//
f 3550// 3579// 3577//
f 3550// 3577// 3548//
f 3548// 3577// 3575//
f 3548// 3575// 3546//
f 3546// 3575// 3573//
f 3546// 3573// 3544//
f 3544// 3573// 3541//
f 3544// 3541// 3540//
f 3543// 3542// 3545//
f 3545// 3542// 3572//
f 3545// 3572// 3547//
f 3547// 3572// 3574//
f 3547// 3574// 3549//
f 3549// 3574// 3576//
f 3549// 3576// 3551//
f 3551// 3576// 3578//
f 3551// 3578// 3553//
f 3553// 3578// 3580//
f 3553// 3580// 3555//
f 3555// 3580// 3582//
f 3557// 3555// 3584//
f 3584// 3555// 3582//
f 3557// 3584// 3586//
f 3557// 3586// 3559//
f 3559// 3586// 3588//
f 3559// 3588// 3561//
f 3561// 3588// 3590//
f 3561// 3590// 3563//
f 3563// 3590// 3592//
f 3563// 3592// 3565//
f 3565// 3592// 3594//
f 3565// 3594// 3567//
f 3567// 3594// 3596//
f 3567// 3596// 3569//
f 3600// 3601// 413//
f 413// 3601// 399//
f 363// 3602// 364//
f 364// 3602// 3603//
f 413// 364// 3600//
f 3600// 364// 3603//
f 3600// 3603// 3604//
f 3604// 3603// 3605//
f 3604// 3605// 3606//
f 3606// 3605// 3607//
f 3606// 3607// 3608//
f 3608// 3607// 3609//
f 3608// 3609// 3610//
f 3610// 3609// 3611//
f 3610// 3611// 3612//
f 3612// 3611// 3613//
f 3612// 3613// 3614//
f 3614// 3613// 3615//
f 3614// 3615// 3616//
f 3616// 3615// 3617//
f 3616// 3617// 3618//
f 3618// 3617// 3619//
f 3618// 3619// 3620//
f 3620// 3619// 3621//
f 3620// 3621// 3622//
f 3622// 3621// 3623//
f 3622// 3623// 3624//
f 3624// 3623// 3625//
f 3624// 3625// 3626//
f 3626// 3625// 3627//
f 3626// 3627// 3628//
f 3628// 3627// 3629//
f 3628// 3629// 3630//
f 3630// 3629// 3631//
f 363// 399// 3602//
f 3602// 399// 3601//
f 3602// 3601// 3632//
f 3632// 3601// 3633//
f 3632// 3633// 3634//
f 3634// 3633// 3635//
f 3634// 3635// 3636//
f 3636// 3635// 3637//
f 3636// 3637// 3638//
f 3638// 3637// 3639//
f 3638// 3639// 3640//
f 3640// 3639// 3641//
f 3640// 3641// 3642//
f 3642// 3641// 3643//
f 3642// 3643// 3644//
f 3644// 3643// 3645//
f 3644// 3645// 3646//
f 3646// 3645// 3647//
f 3646// 3647// 3648//
f 3648// 3647// 3649//
f 3648// 3649// 3650//
f 3650// 3649// 3651//
f 3650// 3651// 3652//
f 3652// 3651// 3653//
f 3652// 3653// 3654//
f 3654// 3653// 3655//
f 3654// 3655// 3656//
f 3656// 3655// 3657//
f 3656// 3657// 3658//
f 3658// 3657// 3659//
f 3631// 3629// 3658//
f 3658// 3629// 3656//
f 3630// 3631// 3659//
f 3659// 3631// 3658//
f 3628// 3630// 3657//
f 3657// 3630// 3659//
f 3628// 3657// 3626//
f 3626// 3657// 3655//
f 3626// 3655// 3624//
f 3624// 3655// 3653//
f 3624// 3653// 3622//
f 3622// 3653// 3651//
f 3622// 3651// 3620//
f 3620// 3651// 3649//
f 3620// 3649// 3618//
f 3618// 3649// 3647//
f 3618// 3647// 3616//
f 3616// 3647// 3645//
f 3614// 3616// 3643//
f 3643// 3616// 3645//
f 3614// 3643// 3641//
f 3614// 3641// 3612//
f 3612// 3641// 3639//
f 3612// 3639// 3610//
f 3610// 3639// 3637//
f 3610// 3637// 3608//
f 3608// 3637// 3635//
f 3608// 3635// 3606//
f 3606// 3635// 3633//
f 3606// 3633// 3604//
f 3604// 3633// 3601//
f 3604// 3601// 3600//
f 3603// 3602// 3605//
f 3605// 3602// 3632//
f 3605// 3632// 3607//
f 3607// 3632// 3634//
f 3607// 3634// 3609//
f 3609// 3634// 3636//
f 3609// 3636// 3611//
f 3611// 3636// 3638//
f 3611// 3638// 3613//
f 3613// 3638// 3640//
f 3613// 3640// 3615//
f 3615// 3640// 3642//
f 3617// 3615// 3644//
f 3644// 3615// 3642//
f 3617// 3644// 3646//
f 3617// 3646// 3619//
f 3619// 3646// 3648//
f 3619// 3648// 3621//
f 3621// 3648// 3650//
f 3621// 3650// 3623//
f 3623// 3650// 3652//
f 3623// 3652// 3625//
f 3625// 3652// 3654//
f 3625// 3654// 3627//
f 3627// 3654// 3656//
f 3627// 3656// 3629//
f 3660// 3661// 411//
f 411// 3661// 412//
f 361// 3662// 362//
f 362// 3662// 3663//
f 411// 362// 3660//
f 3660// 362// 3663//
f 3660// 3663// 3664//
f 3664// 3663// 3665//
f 3664// 3665// 3666//
f 3666// 3665// 3667//
f 3666// 3667// 3668//
f 3668// 3667// 3669//
f 3668// 3669// 3670//
f 3670// 3669// 3671//
f 3670// 3671// 3672//
f 3672// 3671// 3673//
f 3672// 3673// 3674//
f 3674// 3673// 3675//
f 3674// 3675// 3676//
f 3676// 3675// 3677//
f 3676// 3677// 3678//
f 3678// 3677// 3679//
f 3678// 3679// 3680//
f 3680// 3679// 3681//
f 3680// 3681// 3682//
f 3682// 3681// 3683//
f 3682// 3683// 3684//
f 3684// 3683// 3685//
f 3684// 3685// 3686//
f 3686// 3685// 3687//
f 3686// 3687// 3688//
f 3688// 3687// 3689//
f 3688// 3689// 3690//
f 3690// 3689// 3691//
f 361// 412// 3662//
f 3662// 412// 3661//
f 3662// 3661// 3692//
f 3692// 3661// 3693//
f 3692// 3693// 3694//
f 3694// 3693// 3695//
f 3694// 3695// 3696//
f 3696// 3695// 3697//
f 3696// 3697// 3698//
f 3698// 3697// 3699//
f 3698// 3699// 3700//
f 3700// 3699// 3701//
f 3700// 3701// 3702//
f 3702// 3701// 3703//
f 3702// 3703// 3704//
f 3704// 3703// 3705//
f 3704// 3705// 3706//
f 3706// 3705// 3707//
f 3706// 3707// 3708//
f 3708// 3707// 3709//
f 3708// 3709// 3710//
f 3710// 3709// 3711//
f 3710// 3711// 3712//
f 3712// 3711// 3713//
f 3712// 3713// 3714//
f 3714// 3713// 3715//
f 3714// 3715// 3716//
f 3716// 3715// 3717//
f 3716// 3717// 3718//
f 3718// 3717// 3719//
f 3691// 3689// 3718//
f 3718// 3689// 3716//
f 3690// 3691// 3719//
f 3719// 3691// 3718//
f 3688// 3690// 3717//
f 3717// 3690// 3719//
f 3688// 3717// 3686//
f 3686// 3717// 3715//
f 3686// 3715// 3684//
f 3684// 3715// 3713//
f 3684// 3713// 3682//
f 3682// 3713// 3711//
f 3682// 3711// 3680//
f 3680// 3711// 3709//
f 3680// 3709// 3678//
f 3678// 3709// 3707//
f 3678// 3707// 3676//
f 3676// 3707// 3705//
f 3674// 3676// 3703//
f 3703// 3676// 3705//
f 3674// 3703// 3701//
f 3674// 3701// 3672//
f 3672// 3701// 3699//
f 3672// 3699// 3670//
f 3670// 3699// 3697//
f 3670// 3697// 3668//
f 3668// 3697// 3695//
f 3668// 3695// 3666//
f 3666// 3695// 3693//
f 3666// 3693// 3664//
f 3664// 3693// 3661//
f 3664// 3661// 3660//
f 3663// 3662// 3665//
f 3665// 3662// 3692//
f 3665// 3692// 3667//
f 3667// 3692// 3694//
f 3667// 3694// 3669//
f 3669// 3694// 3696//
f 3669// 3696// 3671//
f 3671// 3696// 3698//
f 3671// 3698// 3673//
f 3673// 3698// 3700//
f 3673// 3700// 3675//
f 3675// 3700// 3702//
f 3677// 3675// 3704//
f 3704// 3675// 3702//
f 3677// 3704// 3706//
f 3677// 3706// 3679//
f 3679// 3706// 3708//
f 3679// 3708// 3681//
f 3681// 3708// 3710//
f 3681// 3710// 3683//
f 3683// 3710// 3712//
f 3683// 3712// 3685//
f 3685// 3712// 3714//
f 3685// 3714// 3687//
f 3687// 3714// 3716//
f 3687// 3716// 3689//
f 3720// 3721// 417//
f 417// 3721// 409//
f 357// 3722// 360//
f 360// 3722// 3723//
f 417// 360// 3720//
f 3720// 360// 3723//
f 3720// 3723// 3724//
f 3724// 3723// 3725//
f 3724// 3725// 3726//
f 3726// 3725// 3727//
f 3726// 3727// 3728//
f 3728// 3727// 3729//
f 3728// 3729// 3730//
f 3730// 3729// 3731//
f 3730// 3731// 3732//
f 3732// 3731// 3733//
f 3732// 3733// 3734//
f 3734// 3733// 3735//
f 3734// 3735// 3736//
f 3736// 3735// 3737//
f 3736// 3737// 3738//
f 3738// 3737// 3739//
f 3738// 3739// 3740//
f 3740// 3739// 3741//
f 3740// 3741// 3742//
f 3742// 3741// 3743//
f 3742// 3743// 3744//
f 3744// 3743// 3745//
f 3744// 3745// 3746//
f 3746// 3745// 3747//
f 3746// 3747// 3748//
f 3748// 3747// 3749//
f 3748// 3749// 3750//
f 3750// 3749// 3751//
f 357// 409// 3722//
f 3722// 409// 3721//
f 3722// 3721// 3752//
f 3752// 3721// 3753//
f 3752// 3753// 3754//
f 3754// 3753// 3755//
f 3754// 3755// 3756//
f 3756// 3755// 3757//
f 3756// 3757// 3758//
f 3758// 3757// 3759//
f 3758// 3759// 3760//
f 3760// 3759// 3761//
f 3760// 3761// 3762//
f 3762// 3761// 3763//
f 3762// 3763// 3764//
f 3764// 3763// 3765//
f 3764// 3765// 3766//
f 3766// 3765// 3767//
f 3766// 3767// 3768//
f 3768// 3767// 3769//
f 3768// 3769// 3770//
f 3770// 3769// 3771//
f 3770// 3771// 3772//
f 3772// 3771// 3773//
f 3772// 3773// 3774//
f 3774// 3773// 3775//
f 3774// 3775// 3776//
f 3776// 3775// 3777//
f 3776// 3777// 3778//
f 3778// 3777// 3779//
f 3751// 3749// 3778//
f 3778// 3749// 3776//
f 3750// 3751// 3779//
f 3779// 3751// 3778//
f 3748// 3750// 3777//
f 3777// 3750// 3779//
f 3748// 3777// 3746//
f 3746// 3777// 3775//
f 3746// 3775// 3744//
f 3744// 3775// 3773//
f 3744// 3773// 3742//
f 3742// 3773// 3771//
f 3742// 3771// 3740//
f 3740// 3771// 3769//
f 3740// 3769// 3738//
f 3738// 3769// 3767//
f 3738// 3767// 3736//
f 3736// 3767// 3765//
f 3734// 3736// 3763//
f 3763// 3736// 3765//
f 3734// 3763// 3761//
f 3734// 3761// 3732//
f 3732// 3761// 3759//
f 3732// 3759// 3730//
f 3730// 3759// 3757//
f 3730// 3757// 3728//
f 3728// 3757// 3755//
f 3728// 3755// 3726//
f 3726// 3755// 3753//
f 3726// 3753// 3724//
f 3724// 3753// 3721//
f 3724// 3721// 3720//
f 3723// 3722// 3725//
f 3725// 3722// 3752//
f 3725// 3752// 3727//
f 3727// 3752// 3754//
f 3727// 3754// 3729//
f 3729// 3754// 3756//
f 3729// 3756// 3731//
f 3731// 3756// 3758//
f 3731// 3758// 3733//
f 3733// 3758// 3760//
f 3733// 3760// 3735//
f 3735// 3760// 3762//
f 3737// 3735// 3764//
f 3764// 3735// 3762//
f 3737// 3764// 3766//
f 3737// 3766// 3739//
f 3739// 3766// 3768//
f 3739// 3768// 3741//
f 3741// 3768// 3770//
f 3741// 3770// 3743//
f 3743// 3770// 3772//
f 3743// 3772// 3745//
f 3745// 3772// 3774//
f 3745// 3774// 3747//
f 3747// 3774// 3776//
f 3747// 3776// 3749//
f 3780// 3781// 414//
f 414// 3781// 415//
f 355// 3782// 356//
f 356// 3782// 3783//
f 414// 356// 3780//
f 3780// 356// 3783//
f 3780// 3783// 3784//
f 3784// 3783// 3785//
f 3784// 3785// 3786//
f 3786// 3785// 3787//
f 3786// 3787// 3788//
f 3788// 3787// 3789//
f 3788// 3789// 3790//
f 3790// 3789// 3791//
f 3790// 3791// 3792//
f 3792// 3791// 3793//
f 3792// 3793// 3794//
f 3794// 3793// 3795//
f 3794// 3795// 3796//
f 3796// 3795// 3797//
f 3796// 3797// 3798//
f 3798// 3797// 3799//
f 3798// 3799// 3800//
f 3800// 3799// 3801//
f 3800// 3801// 3802//
f 3802// 3801// 3803//
f 3802// 3803// 3804//
f 3804// 3803// 3805//
f 3804// 3805// 3806//
f 3806// 3805// 3807//
f 3806// 3807// 3808//
f 3808// 3807// 3809//
f 3808// 3809// 3810//
f 3810// 3809// 3811//
f 355// 415// 3782//
f 3782// 415// 3781//
f 3782// 3781// 3812//
f 3812// 3781// 3813//
f 3812// 3813// 3814//
f 3814// 3813// 3815//
f 3814// 3815// 3816//
f 3816// 3815// 3817//
f 3816// 3817// 3818//
f 3818// 3817// 3819//
f 3818// 3819// 3820//
f 3820// 3819// 3821//
f 3820// 3821// 3822//
f 3822// 3821// 3823//
f 3822// 3823// 3824//
f 3824// 3823// 3825//
f 3824// 3825// 3826//
f 3826// 3825// 3827//
f 3826// 3827// 3828//
f 3828// 3827// 3829//
f 3828// 3829// 3830//
f 3830// 3829// 3831//
f 3830// 3831// 3832//
f 3832// 3831// 3833//
f 3832// 3833// 3834//
f 3834// 3833// 3835//
f 3834// 3835// 3836//
f 3836// 3835// 3837//
f 3836// 3837// 3838//
f 3838// 3837// 3839//
f 3811// 3809// 3838//
f 3838// 3809// 3836//
f 3810// 3811// 3839//
f 3839// 3811// 3838//
f 3808// 3810// 3837//
f 3837// 3810// 3839//
f 3808// 3837// 3806//
f 3806// 3837// 3835//
f 3806// 3835// 3804//
f 3804// 3835// 3833//
f 3804// 3833// 3802//
f 3802// 3833// 3831//
f 3802// 3831// 3800//
f 3800// 3831// 3829//
f 3800// 3829// 3798//
f 3798// 3829// 3827//
f 3798// 3827// 3796//
f 3796// 3827// 3825//
f 3794// 3796// 3823//
f 3823// 3796// 3825//
f 3794// 3823// 3821//
f 3794// 3821// 3792//
f 3792// 3821// 3819//
f 3792// 3819// 3790//
f 3790// 3819// 3817//
f 3790// 3817// 3788//
f 3788// 3817// 3815//
f 3788// 3815// 3786//
f 3786// 3815// 3813//
f 3786// 3813// 3784//
f 3784// 3813// 3781//
f 3784// 3781// 3780//
f 3783// 3782// 3785//
f 3785// 3782// 3812//
f 3785// 3812// 3787//
f 3787// 3812// 3814//
f 3787// 3814// 3789//
f 3789// 3814// 3816//
f 3789// 3816// 3791//
f 3791// 3816// 3818//
f 3791// 3818// 3793//
f 3793// 3818// 3820//
f 3793// 3820// 3795//
f 3795// 3820// 3822//
f 3797// 3795// 3824//
f 3824// 3795// 3822//
f 3797// 3824// 3826//
f 3797// 3826// 3799//
f 3799// 3826// 3828//
f 3799// 3828// 3801//
f 3801// 3828// 3830//
f 3801// 3830// 3803//
f 3803// 3830// 3832//
f 3803// 3832// 3805//
f 3805// 3832// 3834//
f 3805// 3834// 3807//
f 3807// 3834// 3836//
f 3807// 3836// 3809//
f 3840// 3841// 420//
f 420// 3841// 410//
f 350// 3842// 351//
f 351// 3842// 3843//
f 420// 351// 3840//
f 3840// 351// 3843//
f 3840// 3843// 3844//
f 3844// 3843// 3845//
f 3844// 3845// 3846//
f 3846// 3845// 3847//
f 3846// 3847// 3848//
f 3848// 3847// 3849//
f 3848// 3849// 3850//
f 3850// 3849// 3851//
f 3850// 3851// 3852//
f 3852// 3851// 3853//
f 3852// 3853// 3854//
f 3854// 3853// 3855//
f 3854// 3855// 3856//
f 3856// 3855// 3857//
f 3856// 3857// 3858//
f 3858// 3857// 3859//
f 3858// 3859// 3860//
f 3860// 3859// 3861//
f 3860// 3861// 3862//
f 3862// 3861// 3863//
f 3862// 3863// 3864//
f 3864// 3863// 3865//
f 3864// 3865// 3866//
f 3866// 3865// 3867//
f 3866// 3867// 3868//
f 3868// 3867// 3869//
f 3868// 3869// 3870//
f 3870// 3869// 3871//
f 350// 410// 3842//
f 3842// 410// 3841//
f 3842// 3841// 3872//
f 3872// 3841// 3873//
f 3872// 3873// 3874//
f 3874// 3873// 3875//
f 3874// 3875// 3876//
f 3876// 3875// 3877//
f 3876// 3877// 3878//
f 3878// 3877// 3879//
f 3878// 3879// 3880//
f 3880// 3879// 3881//
f 3880// 3881// 3882//
f 3882// 3881// 3883//
f 3882// 3883// 3884//
f 3884// 3883// 3885//
f 3884// 3885// 3886//
f 3886// 3885// 3887//
f 3886// 3887// 3888//
f 3888// 3887// 3889//
f 3888// 3889// 3890//
f 3890// 3889// 3891//
f 3890// 3891// 3892//
f 3892// 3891// 3893//
f 3892// 3893// 3894//
f 3894// 3893// 3895//
f 3894// 3895// 3896//
f 3896// 3895// 3897//
f 3896// 3897// 3898//
f 3898// 3897// 3899//
f 3871// 3869// 3898//
f 3898// 3869// 3896//
f 3870// 3871// 3899//
f 3899// 3871// 3898//
f 3868// 3870// 3897//
f 3897// 3870// 3899//
f 3868// 3897// 3866//
f 3866// 3897// 3895//
f 3866// 3895// 3864//
f 3864// 3895// 3893//
f 3864// 3893// 3862//
f 3862// 3893// 3891//
f 3862// 3891// 3860//
f 3860// 3891// 3889//
f 3860// 3889// 3858//
f 3858// 3889// 3887//
f 3858// 3887// 3856//
f 3856// 3887// 3885//
f 3854// 3856// 3883//
f 3883// 3856// 3885//
f 3854// 3883// 3881//
f 3854// 3881// 3852//
f 3852// 3881// 3879//
f 3852// 3879// 3850//
f 3850// 3879// 3877//
f 3850// 3877// 3848//
f 3848// 3877// 3875//
f 3848// 3875// 3846//
f 3846// 3875// 3873//
f 3846// 3873// 3844//
f 3844// 3873// 3841//
f 3844// 3841// 3840//
f 3843// 3842// 3845//
f 3845// 3842// 3872//
f 3845// 3872// 3847//
f 3847// 3872// 3874//
f 3847// 3874// 3849//
f 3849// 3874// 3876//
f 3849// 3876// 3851//
f 3851// 3876// 3878//
f 3851// 3878// 3853//
f 3853// 3878// 3880//
f 3853// 3880// 3855//
f 3855// 3880// 3882//
f 3857// 3855// 3884//
f 3884// 3855// 3882//
f 3857// 3884// 3886//
f 3857// 3886// 3859//
f 3859// 3886// 3888//
f 3859// 3888// 3861//
f 3861// 3888// 3890//
f 3861// 3890// 3863//
f 3863// 3890// 3892//
f 3863// 3892// 3865//
f 3865// 3892// 3894//
f 3865// 3894// 3867//
f 3867// 3894// 3896//
f 3867// 3896// 3869//
f 3900// 3901// 418//
f 418// 3901// 419//
f 345// 3902// 349//
f 349// 3902// 3903//
f 418// 349// 3900//
f 3900// 349// 3903//
f 3900// 3903// 3904//
f 3904// 3903// 3905//
f 3904// 3905// 3906//
f 3906// 3905// 3907//
f 3906// 3907// 3908//
f 3908// 3907// 3909//
f 3908// 3909// 3910//
f 3910// 3909// 3911//
f 3910// 3911// 3912//
f 3912// 3911// 3913//
f 3912// 3913// 3914//
f 3914// 3913// 3915//
f 3914// 3915// 3916//
f 3916// 3915// 3917//
f 3916// 3917// 3918//
f 3918// 3917// 3919//
f 3918// 3919// 3920//
f 3920// 3919// 3921//
f 3920// 3921// 3922//
f 3922// 3921// 3923//
f 3922// 3923// 3924//
f 3924// 3923// 3925//
f 3924// 3925// 3926//
f 3926// 3925// 3927//
f 3926// 3927// 3928//
f 3928// 3927// 3929//
f 3928// 3929// 3930//
f 3930// 3929// 3931//
f 345// 419// 3902//
f 3902// 419// 3901//
f 3902// 3901// 3932//
f 3932// 3901// 3933//
f 3932// 3933// 3934//
f 3934// 3933// 3935//
f 3934// 3935// 3936//
f 3936// 3935// 3937//
f 3936// 3937// 3938//
f 3938// 3937// 3939//
f 3938// 3939// 3940//
f 3940// 3939// 3941//
f 3940// 3941// 3942//
f 3942// 3941// 3943//
f 3942// 3943// 3944//
f 3944// 3943// 3945//
f 3944// 3945// 3946//
f 3946// 3945// 3947//
f 3946// 3947// 3948//
f 3948// 3947// 3949//
f 3948// 3949// 3950//
f 3950// 3949// 3951//
f 3950// 3951// 3952//
f 3952// 3951// 3953//
f 3952// 3953// 3954//
f 3954// 3953// 3955//
f 3954// 3955// 3956//
f 3956// 3955// 3957//
f 3956// 3957// 3958//
f 3958// 3957// 3959//
f 3931// 3929// 3958//
f 3958// 3929// 3956//
f 3930// 3931// 3959//
f 3959// 3931// 3958//
f 3928// 3930// 3957//
f 3957// 3930// 3959//
f 3928// 3957// 3926//
f 3926// 3957// 3955//
f 3926// 3955// 3924//
f 3924// 3955// 3953//
f 3924// 3953// 3922//
f 3922// 3953// 3951//
f 3922// 3951// 3920//
f 3920// 3951// 3949//
f 3920// 3949// 3918//
f 3918// 3949// 3947//
f 3918// 3947// 3916//
f 3916// 3947// 3945//
f 3914// 3916// 3943//
f 3943// 3916// 3945//
f 3914// 3943// 3941//
f 3914// 3941// 3912//
f 3912// 3941// 3939//
f 3912// 3939// 3910//
f 3910// 3939// 3937//
f 3910// 3937// 3908//
f 3908// 3937// 3935//
f 3908// 3935// 3906//
f 3906// 3935// 3933//
f 3906// 3933// 3904//
f 3904// 3933// 3901//
f 3904// 3901// 3900//
f 3903// 3902// 3905//
f 3905// 3902// 3932//
f 3905// 3932// 3907//
f 3907// 3932// 3934//
f 3907// 3934// 3909//
f 3909// 3934// 3936//
f 3909// 3936// 3911//
f 3911// 3936// 3938//
f 3911// 3938// 3913//
f 3913// 3938// 3940//
f 3913// 3940// 3915//
f 3915// 3940// 3942//
f 3917// 3915// 3944//
f 3944// 3915// 3942//
f 3917// 3944// 3946//
f 3917// 3946// 3919//
f 3919// 3946// 3948//
f 3919// 3948// 3921//
f 3921// 3948// 3950//
f 3921// 3950// 3923//
f 3923// 3950// 3952//
f 3923// 3952// 3925//
f 3925// 3952// 3954//
f 3925// 3954// 3927//
f 3927// 3954// 3956//
f 3927// 3956// 3929//
f 3960// 3961// 422//
f 422// 3961// 423//
f 343// 3962// 344//
f 344// 3962// 3963//
f 422// 344// 3960//
f 3960// 344// 3963//
f 3960// 3963// 3964//
f 3964// 3963// 3965//
f 3964// 3965// 3966//
f 3966// 3965// 3967//
f 3966// 3967// 3968//
f 3968// 3967// 3969//
f 3968// 3969// 3970//
f 3970// 3969// 3971//
f 3970// 3971// 3972//
f 3972// 3971// 3973//
f 3972// 3973// 3974//
f 3974// 3973// 3975//
f 3974// 3975// 3976//
f 3976// 3975// 3977//
f 3976// 3977// 3978//
f 3978// 3977// 3979//
f 3978// 3979// 3980//
f 3980// 3979// 3981//
f 3980// 3981// 3982//
f 3982// 3981// 3983//
f 3982// 3983// 3984//
f 3984// 3983// 3985//
f 3984// 3985// 3986//
f 3986// 3985// 3987//
f 3986// 3987// 3988//
f 3988// 3987// 3989//
f 3988// 3989// 3990//
f 3990// 3989// 3991//
f 343// 423// 3962//
f 3962// 423// 3961//
f 3962// 3961// 3992//
f 3992// 3961// 3993//
f 3992// 3993// 3994//
f 3994// 3993// 3995//
f 3994// 3995// 3996//
f 3996// 3995// 3997//
f 3996// 3997// 3998//
f 3998// 3997// 3999//
f 3998// 3999// 4000//
f 4000// 3999// 4001//
f 4000// 4001// 4002//
f 4002// 4001// 4003//
f 4002// 4003// 4004//
f 4004// 4003// 4005//
f 4004// 4005// 4006//
f 4006// 4005// 4007//
f 4006// 4007// 4008//
f 4008// 4007// 4009//
f 4008// 4009// 4010//
f 4010// 4009// 4011//
f 4010// 4011// 4012//
f 4012// 4011// 4013//
f 4012// 4013// 4014//
f 4014// 4013// 4015//
f 4014// 4015// 4016//
f 4016// 4015// 4017//
f 4016// 4017// 4018//
f 4018// 4017// 4019//
f 3991// 3989// 4018//
f 4018// 3989// 4016//
f 3990// 3991// 4019//
f 4019// 3991// 4018//
f 3988// 3990// 4017//
f 4017// 3990// 4019//
f 3988// 4017// 3986//
f 3986// 4017// 4015//
f 3986// 4015// 3984//
f 3984// 4015// 4013//
f 3984// 4013// 3982//
f 3982// 4013// 4011//
f 3982// 4011// 3980//
f 3980// 4011// 4009//
f 3980// 4009// 3978//
f 3978// 4009// 4007//
f 3978// 4007// 3976//
f 3976// 4007// 4005//
f 3974// 3976// 4003//
f 4003// 3976// 4005//
f 3974// 4003// 4001//
f 3974// 4001// 3972//
f 3972// 4001// 3999//
f 3972// 3999// 3970//
f 3970// 3999// 3997//
f 3970// 3997// 3968//
f 3968// 3997// 3995//
f 3968// 3995// 3966//
f 3966// 3995// 3993//
f 3966// 3993// 3964//
f 3964// 3993// 3961//
f 3964// 3961// 3960//
f 3963// 3962// 3965//
f 3965// 3962// 3992//
f 3965// 3992// 3967//
f 3967// 3992// 3994//
f 3967// 3994// 3969//
f 3969// 3994// 3996//
f 3969// 3996// 3971//
f 3971// 3996// 3998//
f 3971// 3998// 3973//
f 3973// 3998// 4000//
f 3973// 4000// 3975//
f 3975// 4000// 4002//
f 3977// 3975// 4004//
f 4004// 3975// 4002//
f 3977// 4004// 4006//
f 3977// 4006// 3979//
f 3979// 4006// 4008//
f 3979// 4008// 3981//
f 3981// 4008// 4010//
f 3981// 4010// 3983//
f 3983// 4010// 4012//
f 3983// 4012// 3985//
f 3985// 4012// 4014//
f 3985// 4014// 3987//
f 3987// 4014// 4016//
f 3987// 4016// 3989//
f 4020// 4021// 426//
f 426// 4021// 416//
f 338// 4022// 339//
f 339// 4022// 4023//
f 426// 339// 4020//
f 4020// 339// 4023//
f 4020// 4023// 4024//
f 4024// 4023// 4025//
f 4024// 4025// 4026//
f 4026// 4025// 4027//
f 4026// 4027// 4028//
f 4028// 4027// 4029//
f 4028// 4029// 4030//
f 4030// 4029// 4031//
f 4030// 4031// 4032//
f 4032// 4031// 4033//
f 4032// 4033// 4034//
f 4034// 4033// 4035//
f 4034// 4035// 4036//
f 4036// 4035// 4037//
f 4036// 4037// 4038//
f 4038// 4037// 4039//
f 4038// 4039// 4040//
f 4040// 4039// 4041//
f 4040// 4041// 4042//
f 4042// 4041// 4043//
f 4042// 4043// 4044//
f 4044// 4043// 4045//
f 4044// 4045// 4046//
f 4046// 4045// 4047//
f 4046// 4047// 4048//
f 4048// 4047// 4049//
f 4048// 4049// 4050//
f 4050// 4049// 4051//
f 338// 416// 4022//
f 4022// 416// 4021//
f 4022// 4021// 4052//
f 4052// 4021// 4053//
f 4052// 4053// 4054//
f 4054// 4053// 4055//
f 4054// 4055// 4056//
f 4056// 4055// 4057//
f 4056// 4057// 4058//
f 4058// 4057// 4059//
f 4058// 4059// 4060//
f 4060// 4059// 4061//
f 4060// 4061// 4062//
f 4062// 4061// 4063//
f 4062// 4063// 4064//
f 4064// 4063// 4065//
f 4064// 4065// 4066//
f 4066// 4065// 4067//
f 4066// 4067// 4068//
f 4068// 4067// 4069//
f 4068// 4069// 4070//
f 4070// 4069// 4071//
f 4070// 4071// 4072//
f 4072// 4071// 4073//
f 4072// 4073// 4074//
f 4074// 4073// 4075//
f 4074// 4075// 4076//
f 4076// 4075// 4077//
f 4076// 4077// 4078//
f 4078// 4077// 4079//
f 4051// 4049// 4078//
f 4078// 4049// 4076//
f 4050// 4051// 4079//
f 4079// 4051// 4078//
f 4048// 4050// 4077//
f 4077// 4050// 4079//
f 4048// 4077// 4046//
f 4046// 4077// 4075//
f 4046// 4075// 4044//
f 4044// 4075// 4073//
f 4044// 4073// 4042//
f 4042// 4073// 4071//
f 4042// 4071// 4040//
f 4040// 4071// 4069//
f 4040// 4069// 4038//
f 4038// 4069// 4067//
f 4038// 4067// 4036//
f 4036// 4067// 4065//
f 4034// 4036// 4063//
f 4063// 4036// 4065//
f 4034// 4063// 4061//
f 4034// 4061// 4032//
f 4032// 4061// 4059//
f 4032// 4059// 4030//
f 4030// 4059// 4057//
f 4030// 4057// 4028//
f 4028// 4057// 4055//
f 4028// 4055// 4026//
f 4026// 4055// 4053//
f 4026// 4053// 4024//
f 4024// 4053// 4021//
f 4024// 4021// 4020//
f 4023// 4022// 4025//
f 4025// 4022// 4052//
f 4025// 4052// 4027//
f 4027// 4052// 4054//
f 4027// 4054// 4029//
f 4029// 4054// 4056//
f 4029// 4056// 4031//
f 4031// 4056// 4058//
f 4031// 4058// 4033//
f 4033// 4058// 4060//
f 4033// 4060// 4035//
f 4035// 4060// 4062//
f 4037// 4035// 4064//
f 4064// 4035// 4062//
f 4037// 4064// 4066//
f 4037// 4066// 4039//
f 4039// 4066// 4068//
f 4039// 4068// 4041//
f 4041// 4068// 4070//
f 4041// 4070// 4043//
f 4043// 4070// 4072//
f 4043// 4072// 4045//
f 4045// 4072// 4074//
f 4045// 4074// 4047//
f 4047// 4074// 4076//
f 4047// 4076// 4049//
f 4080// 4081// 424//
f 424// 4081// 425//
f 333// 4082// 337//
f 337// 4082// 4083//
f 424// 337// 4080//
f 4080// 337// 4083//
f 4080// 4083// 4084//
f 4084// 4083// 4085//
f 4084// 4085// 4086//
f 4086// 4085// 4087//
f 4086// 4087// 4088//
f 4088// 4087// 4089//
f 4088// 4089// 4090//
f 4090// 4089// 4091//
f 4090// 4091// 4092//
f 4092// 4091// 4093//
f 4092// 4093// 4094//
f 4094// 4093// 4095//
f 4094// 4095// 4096//
f 4096// 4095// 4097//
f 4096// 4097// 4098//
f 4098// 4097// 4099//
f 4098// 4099// 4100//
f 4100// 4099// 4101//
f 4100// 4101// 4102//
f 4102// 4101// 4103//
f 4102// 4103// 4104//
f 4104// 4103// 4105//
f 4104// 4105// 4106//
f 4106// 4105// 4107//
f 4106// 4107// 4108//
f 4108// 4107// 4109//
f 4108// 4109// 4110//
f 4110// 4109// 4111//
f 333// 425// 4082//
f 4082// 425// 4081//
f 4082// 4081// 4112//
f 4112// 4081// 4113//
f 4112// 4113// 4114//
f 4114// 4113// 4115//
f 4114// 4115// 4116//
f 4116// 4115// 4117//
f 4116// 4117// 4118//
f 4118// 4117// 4119//
f 4118// 4119// 4120//
f 4120// 4119// 4121//
f 4120// 4121// 4122//
f 4122// 4121// 4123//
f 4122// 4123// 4124//
f 4124// 4123// 4125//
f 4124// 4125// 4126//
f 4126// 4125// 4127//
f 4126// 4127// 4128//
f 4128// 4127// 4129//
f 4128// 4129// 4130//
f 4130// 4129// 4131//
f 4130// 4131// 4132//
f 4132// 4131// 4133//
f 4132// 4133// 4134//
f 4134// 4133// 4135//
f 4134// 4135// 4136//
f 4136// 4135// 4137//
f 4136// 4137// 4138//
f 4138// 4137// 4139//
f 4111// 4109// 4138//
f 4138// 4109// 4136//
f 4110// 4111// 4139//
f 4139// 4111// 4138//
f 4108// 4110// 4137//
f 4137// 4110// 4139//
f 4108// 4137// 4106//
f 4106// 4137// 4135//
f 4106// 4135// 4104//
f 4104// 4135// 4133//
f 4104// 4133// 4102//
f 4102// 4133// 4131//
f 4102// 4131// 4100//
f 4100// 4131// 4129//
f 4100// 4129// 4098//
f 4098// 4129// 4127//
f 4098// 4127// 4096//
f 4096// 4127// 4125//
f 4094// 4096// 4123//
f 4123// 4096// 4125//
f 4094// 4123// 4121//
f 4094// 4121// 4092//
f 4092// 4121// 4119//
f 4092// 4119// 4090//
f 4090// 4119// 4117//
f 4090// 4117// 4088//
f 4088// 4117// 4115//
f 4088// 4115// 4086//
f 4086// 4115// 4113//
f 4086// 4113// 4084//
f 4084// 4113// 4081//
f 4084// 4081// 4080//
f 4083// 4082// 4085//
f 4085// 4082// 4112//
f 4085// 4112// 4087//
f 4087// 4112// 4114//
f 4087// 4114// 4089//
f 4089// 4114// 4116//
f 4089// 4116// 4091//
f 4091// 4116// 4118//
f 4091// 4118// 4093//
f 4093// 4118// 4120//
f 4093// 4120// 4095//
f 4095// 4120// 4122//
f 4097// 4095// 4124//
f 4124// 4095// 4122//
f 4097// 4124// 4126//
f 4097// 4126// 4099//
f 4099// 4126// 4128//
f 4099// 4128// 4101//
f 4101// 4128// 4130//
f 4101// 4130// 4103//
f 4103// 4130// 4132//
f 4103// 4132// 4105//
f 4105// 4132// 4134//
f 4105// 4134// 4107//
f 4107// 4134// 4136//
f 4107// 4136// 4109//
f 4140// 4141// 427//
f 427// 4141// 428//
f 331// 4142// 332//
f 332// 4142// 4143//
f 427// 332// 4140//
f 4140// 332// 4143//
f 4140// 4143// 4144//
f 4144// 4143// 4145//
f 4144// 4145// 4146//
f 4146// 4145// 4147//
f 4146// 4147// 4148//
f 4148// 4147// 4149//
f 4148// 4149// 4150//
f 4150// 4149// 4151//
f 4150// 4151// 4152//
f 4152// 4151// 4153//
f 4152// 4153// 4154//
f 4154// 4153// 4155//
f 4154// 4155// 4156//
f 4156// 4155// 4157//
f 4156// 4157// 4158//
f 4158// 4157// 4159//
f 4158// 4159// 4160//
f 4160// 4159// 4161//
f 4160// 4161// 4162//
f 4162// 4161// 4163//
f 4162// 4163// 4164//
f 4164// 4163// 4165//
f 4164// 4165// 4166//
f 4166// 4165// 4167//
f 4166// 4167// 4168//
f 4168// 4167// 4169//
f 4168// 4169// 4170//
f 4170// 4169// 4171//
f 331// 428// 4142//
f 4142// 428// 4141//
f 4142// 4141// 4172//
f 4172// 4141// 4173//
f 4172// 4173// 4174//
f 4174// 4173// 4175//
f 4174// 4175// 4176//
f 4176// 4175// 4177//
f 4176// 4177// 4178//
f 4178// 4177// 4179//
f 4178// 4179// 4180//
f 4180// 4179// 4181//
f 4180// 4181// 4182//
f 4182// 4181// 4183//
f 4182// 4183// 4184//
f 4184// 4183// 4185//
f 4184// 4185// 4186//
f 4186// 4185// 4187//
f 4186// 4187// 4188//
f 4188// 4187// 4189//
f 4188// 4189// 4190//
f 4190// 4189// 4191//
f 4190// 4191// 4192//
f 4192// 4191// 4193//
f 4192// 4193// 4194//
f 4194// 4193// 4195//
f 4194// 4195// 4196//
f 4196// 4195// 4197//
f 4196// 4197// 4198//
f 4198// 4197// 4199//
f 4171// 4169// 4198//
f 4198// 4169// 4196//
f 4170// 4171// 4199//
f 4199// 4171// 4198//
f 4168// 4170// 4197//
f 4197// 4170// 4199//
f 4168// 4197// 4166//
f 4166// 4197// 4195//
f 4166// 4195// 4164//
f 4164// 4195// 4193//
f 4164// 4193// 4162//
f 4162// 4193// 4191//
f 4162// 4191// 4160//
f 4160// 4191// 4189//
f 4160// 4189// 4158//
f 4158// 4189// 4187//
f 4158// 4187// 4156//
f 4156// 4187// 4185//
f 4154// 4156// 4183//
f 4183// 4156// 4185//
f 4154// 4183// 4181//
f 4154// 4181// 4152//
f 4152// 4181// 4179//
f 4152// 4179// 4150//
f 4150// 4179// 4177//
f 4150// 4177// 4148//
f 4148// 4177// 4175//
f 4148// 4175// 4146//
f 4146// 4175// 4173//
f 4146// 4173// 4144//
f 4144// 4173// 4141//
f 4144// 4141// 4140//
f 4143// 4142// 4145//
f 4145// 4142// 4172//
f 4145// 4172// 4147//
f 4147// 4172// 4174//
f 4147// 4174// 4149//
f 4149// 4174// 4176//
f 4149// 4176// 4151//
f 4151// 4176// 4178//
f 4151// 4178// 4153//
f 4153// 4178// 4180//
f 4153// 4180// 4155//
f 4155// 4180// 4182//
f 4157// 4155// 4184//
f 4184// 4155// 4182//
f 4157// 4184// 4186//
f 4157// 4186// 4159//
f 4159// 4186// 4188//
f 4159// 4188// 4161//
f 4161// 4188// 4190//
f 4161// 4190// 4163//
f 4163// 4190// 4192//
f 4163// 4192// 4165//
f 4165// 4192// 4194//
f 4165// 4194// 4167//
f 4167// 4194// 4196//
f 4167// 4196// 4169//
f 4200// 4201// 436//
f 436// 4201// 421//
f 326// 4202// 327//
f 327// 4202// 4203//
f 436// 327// 4200//
f 4200// 327// 4203//
f 4200// 4203// 4204//
f 4204// 4203// 4205//
f 4204// 4205// 4206//
f 4206// 4205// 4207//
f 4206// 4207// 4208//
f 4208// 4207// 4209//
f 4208// 4209// 4210//
f 4210// 4209// 4211//
f 4210// 4211// 4212//
f 4212// 4211// 4213//
f 4212// 4213// 4214//
f 4214// 4213// 4215//
f 4214// 4215// 4216//
f 4216// 4215// 4217//
f 4216// 4217// 4218//
f 4218// 4217// 4219//
f 4218// 4219// 4220//
f 4220// 4219// 4221//
f 4220// 4221// 4222//
f 4222// 4221// 4223//
f 4222// 4223// 4224//
f 4224// 4223// 4225//
f 4224// 4225// 4226//
f 4226// 4225// 4227//
f 4226// 4227// 4228//
f 4228// 4227// 4229//
f 4228// 4229// 4230//
f 4230// 4229// 4231//
f 326// 421// 4202//
f 4202// 421// 4201//
f 4202// 4201// 4232//
f 4232// 4201// 4233//
f 4232// 4233// 4234//
f 4234// 4233// 4235//
f 4234// 4235// 4236//
f 4236// 4235// 4237//
f 4236// 4237// 4238//
f 4238// 4237// 4239//
f 4238// 4239// 4240//
f 4240// 4239// 4241//
f 4240// 4241// 4242//
f 4242// 4241// 4243//
f 4242// 4243// 4244//
f 4244// 4243// 4245//
f 4244// 4245// 4246//
f 4246// 4245// 4247//
f 4246// 4247// 4248//
f 4248// 4247// 4249//
f 4248// 4249// 4250//
f 4250// 4249// 4251//
f 4250// 4251// 4252//
f 4252// 4251// 4253//
f 4252// 4253// 4254//
f 4254// 4253// 4255//
f 4254// 4255// 4256//
f 4256// 4255// 4257//
f 4256// 4257// 4258//
f 4258// 4257// 4259//
f 4231// 4229// 4258//
f 4258// 4229// 4256//
f 4230// 4231// 4259//
f 4259// 4231// 4258//
f 4228// 4230// 4257//
f 4257// 4230// 4259//
f 4228// 4257// 4226//
f 4226// 4257// 4255//
f 4226// 4255// 4224//
f 4224// 4255// 4253//
f 4224// 4253// 4222//
f 4222// 4253// 4251//
f 4222// 4251// 4220//
f 4220// 4251// 4249//
f 4220// 4249// 4218//
f 4218// 4249// 4247//
f 4218// 4247// 4216//
f 4216// 4247// 4245//
f 4214// 4216// 4243//
f 4243// 4216// 4245//
f 4214// 4243// 4241//
f 4214// 4241// 4212//
f 4212// 4241// 4239//
f 4212// 4239// 4210//
f 4210// 4239// 4237//
f 4210// 4237// 4208//
f 4208// 4237// 4235//
f 4208// 4235// 4206//
f 4206// 4235// 4233//
f 4206// 4233// 4204//
f 4204// 4233// 4201//
f 4204// 4201// 4200//
f 4203// 4202// 4205//
f 4205// 4202// 4232//
f 4205// 4232// 4207//
f 4207// 4232// 4234//
f 4207// 4234// 4209//
f 4209// 4234// 4236//
f 4209// 4236// 4211//
f 4211// 4236// 4238//
f 4211// 4238// 4213//
f 4213// 4238// 4240//
f 4213// 4240// 4215//
f 4215// 4240// 4242//
f 4217// 4215// 4244//
f 4244// 4215// 4242//
f 4217// 4244// 4246//
f 4217// 4246// 4219//
f 4219// 4246// 4248//
f 4219// 4248// 4221//
f 4221// 4248// 4250//
f 4221// 4250// 4223//
f 4223// 4250// 4252//
f 4223// 4252// 4225//
f 4225// 4252// 4254//
f 4225// 4254// 4227//
f 4227// 4254// 4256//
f 4227// 4256// 4229//
f 4260// 4261// 435//
f 435// 4261// 429//
f 321// 4262// 325//
f 325// 4262// 4263//
f 435// 325// 4260//
f 4260// 325// 4263//
f 4260// 4263// 4264//
f 4264// 4263// 4265//
f 4264// 4265// 4266//
f 4266// 4265// 4267//
f 4266// 4267// 4268//
f 4268// 4267// 4269//
f 4268// 4269// 4270//
f 4270// 4269// 4271//
f 4270// 4271// 4272//
f 4272// 4271// 4273//
f 4272// 4273// 4274//
f 4274// 4273// 4275//
f 4274// 4275// 4276//
f 4276// 4275// 4277//
f 4276// 4277// 4278//
f 4278// 4277// 4279//
f 4278// 4279// 4280//
f 4280// 4279// 4281//
f 4280// 4281// 4282//
f 4282// 4281// 4283//
f 4282// 4283// 4284//
f 4284// 4283// 4285//
f 4284// 4285// 4286//
f 4286// 4285// 4287//
f 4286// 4287// 4288//
f 4288// 4287// 4289//
f 4288// 4289// 4290//
f 4290// 4289// 4291//
f 321// 429// 4262//
f 4262// 429// 4261//
f 4262// 4261// 4292//
f 4292// 4261// 4293//
f 4292// 4293// 4294//
f 4294// 4293// 4295//
f 4294// 4295// 4296//
f 4296// 4295// 4297//
f 4296// 4297// 4298//
f 4298// 4297// 4299//
f 4298// 4299// 4300//
f 4300// 4299// 4301//
f 4300// 4301// 4302//
f 4302// 4301// 4303//
f 4302// 4303// 4304//
f 4304// 4303// 4305//
f 4304// 4305// 4306//
f 4306// 4305// 4307//
f 4306// 4307// 4308//
f 4308// 4307// 4309//
f 4308// 4309// 4310//
f 4310// 4309// 4311//
f 4310// 4311// 4312//
f 4312// 4311// 4313//
f 4312// 4313// 4314//
f 4314// 4313// 4315//
f 4314// 4315// 4316//
f 4316// 4315// 4317//
f 4316// 4317// 4318//
f 4318// 4317// 4319//
f 4291// 4289// 4318//
f 4318// 4289// 4316//
f 4290// 4291// 4319//
f 4319// 4291// 4318//
f 4288// 4290// 4317//
f 4317// 4290// 4319//
f 4288// 4317// 4286//
f 4286// 4317// 4315//
f 4286// 4315// 4284//
f 4284// 4315// 4313//
f 4284// 4313// 4282//
f 4282// 4313// 4311//
f 4282// 4311// 4280//
f 4280// 4311// 4309//
f 4280// 4309// 4278//
f 4278// 4309// 4307//
f 4278// 4307// 4276//
f 4276// 4307// 4305//
f 4274// 4276// 4303//
f 4303// 4276// 4305//
f 4274// 4303// 4301//
f 4274// 4301// 4272//
f 4272// 4301// 4299//
f 4272// 4299// 4270//
f 4270// 4299// 4297//
f 4270// 4297// 4268//
f 4268// 4297// 4295//
f 4268// 4295// 4266//
f 4266// 4295// 4293//
f 4266// 4293// 4264//
f 4264// 4293// 4261//
f 4264// 4261// 4260//
f 4263// 4262// 4265//
f 4265// 4262// 4292//
f 4265// 4292// 4267//
f 4267// 4292// 4294//
f 4267// 4294// 4269//
f 4269// 4294// 4296//
f 4269// 4296// 4271//
f 4271// 4296// 4298//
f 4271// 4298// 4273//
f 4273// 4298// 4300//
f 4273// 4300// 4275//
f 4275// 4300// 4302//
f 4277// 4275// 4304//
f 4304// 4275// 4302//
f 4277// 4304// 4306//
f 4277// 4306// 4279//
f 4279// 4306// 4308//
f 4279// 4308// 4281//
f 4281// 4308// 4310//
f 4281// 4310// 4283//
f 4283// 4310// 4312//
f 4283// 4312// 4285//
f 4285// 4312// 4314//
f 4285// 4314// 4287//
f 4287// 4314// 4316//
f 4287// 4316// 4289//
f 4320// 4321// 430//
f 430// 4321// 437//
f 319// 4322// 320//
f 320// 4322// 4323//
f 430// 320// 4320//
f 4320// 320// 4323//
f 4320// 4323// 4324//
f 4324// 4323// 4325//
f 4324// 4325// 4326//
f 4326// 4325// 4327//
f 4326// 4327// 4328//
f 4328// 4327// 4329//
f 4328// 4329// 4330//
f 4330// 4329// 4331//
f 4330// 4331// 4332//
f 4332// 4331// 4333//
f 4332// 4333// 4334//
f 4334// 4333// 4335//
f 4334// 4335// 4336//
f 4336// 4335// 4337//
f 4336// 4337// 4338//
f 4338// 4337// 4339//
f 4338// 4339// 4340//
f 4340// 4339// 4341//
f 4340// 4341// 4342//
f 4342// 4341// 4343//
f 4342// 4343// 4344//
f 4344// 4343// 4345//
f 4344// 4345// 4346//
f 4346// 4345// 4347//
f 4346// 4347// 4348//
f 4348// 4347// 4349//
f 4348// 4349// 4350//
f 4350// 4349// 4351//
f 319// 437// 4322//
f 4322// 437// 4321//
f 4322// 4321// 4352//
f 4352// 4321// 4353//
f 4352// 4353// 4354//
f 4354// 4353// 4355//
f 4354// 4355// 4356//
f 4356// 4355// 4357//
f 4356// 4357// 4358//
f 4358// 4357// 4359//
f 4358// 4359// 4360//
f 4360// 4359// 4361//
f 4360// 4361// 4362//
f 4362// 4361// 4363//
f 4362// 4363// 4364//
f 4364// 4363// 4365//
f 4364// 4365// 4366//
f 4366// 4365// 4367//
f 4366// 4367// 4368//
f 4368// 4367// 4369//
f 4368// 4369// 4370//
f 4370// 4369// 4371//
f 4370// 4371// 4372//
f 4372// 4371// 4373//
f 4372// 4373// 4374//
f 4374// 4373// 4375//
f 4374// 4375// 4376//
f 4376// 4375// 4377//
f 4376// 4377// 4378//
f 4378// 4377// 4379//
f 4351// 4349// 4378//
f 4378// 4349// 4376//
f 4350// 4351// 4379//
f 4379// 4351// 4378//
f 4348// 4350// 4377//
f 4377// 4350// 4379//
f 4348// 4377// 4346//
f 4346// 4377// 4375//
f 4346// 4375// 4344//
f 4344// 4375// 4373//
f 4344// 4373// 4342//
f 4342// 4373// 4371//
f 4342// 4371// 4340//
f 4340// 4371// 4369//
f 4340// 4369// 4338//
f 4338// 4369// 4367//
f 4338// 4367// 4336//
f 4336// 4367// 4365//
f 4334// 4336// 4363//
f 4363// 4336// 4365//
f 4334// 4363// 4361//
f 4334// 4361// 4332//
f 4332// 4361// 4359//
f 4332// 4359// 4330//
f 4330// 4359// 4357//
f 4330// 4357// 4328//
f 4328// 4357// 4355//
f 4328// 4355// 4326//
f 4326// 4355// 4353//
f 4326// 4353// 4324//
f 4324// 4353// 4321//
f 4324// 4321// 4320//
f 4323// 4322// 4325//
f 4325// 4322// 4352//
f 4325// 4352// 4327//
f 4327// 4352// 4354//
f 4327// 4354// 4329//
f 4329// 4354// 4356//
f 4329// 4356// 4331//
f 4331// 4356// 4358//
f 4331// 4358// 4333//
f 4333// 4358// 4360//
f 4333// 4360// 4335//
f 4335// 4360// 4362//
f 4337// 4335// 4364//
f 4364// 4335// 4362//
f 4337// 4364// 4366//
f 4337// 4366// 4339//
f 4339// 4366// 4368//
f 4339// 4368// 4341//
f 4341// 4368// 4370//
f 4341// 4370// 4343//
f 4343// 4370// 4372//
f 4343// 4372// 4345//
f 4345// 4372// 4374//
f 4345// 4374// 4347//
f 4347// 4374// 4376//
f 4347// 4376// 4349//
f 4380// 4381// 438//
f 438// 4381// 431//
f 308// 4382// 309//
f 309// 4382// 4383//
f 438// 309// 4380//
f 4380// 309// 4383//
f 4380// 4383// 4384//
f 4384// 4383// 4385//
f 4384// 4385// 4386//
f 4386// 4385// 4387//
f 4386// 4387// 4388//
f 4388// 4387// 4389//
f 4388// 4389// 4390//
f 4390// 4389// 4391//
f 4390// 4391// 4392//
f 4392// 4391// 4393//
f 4392// 4393// 4394//
f 4394// 4393// 4395//
f 4394// 4395// 4396//
f 4396// 4395// 4397//
f 4396// 4397// 4398//
f 4398// 4397// 4399//
f 4398// 4399// 4400//
f 4400// 4399// 4401//
f 4400// 4401// 4402//
f 4402// 4401// 4403//
f 4402// 4403// 4404//
f 4404// 4403// 4405//
f 4404// 4405// 4406//
f 4406// 4405// 4407//
f 4406// 4407// 4408//
f 4408// 4407// 4409//
f 4408// 4409// 4410//
f 4410// 4409// 4411//
f 308// 431// 4382//
f 4382// 431// 4381//
f 4382// 4381// 4412//
f 4412// 4381// 4413//
f 4412// 4413// 4414//
f 4414// 4413// 4415//
f 4414// 4415// 4416//
f 4416// 4415// 4417//
f 4416// 4417// 4418//
f 4418// 4417// 4419//
f 4418// 4419// 4420//
f 4420// 4419// 4421//
f 4420// 4421// 4422//
f 4422// 4421// 4423//
f 4422// 4423// 4424//
f 4424// 4423// 4425//
f 4424// 4425// 4426//
f 4426// 4425// 4427//
f 4426// 4427// 4428//
f 4428// 4427// 4429//
f 4428// 4429// 4430//
f 4430// 4429// 4431//
f 4430// 4431// 4432//
f 4432// 4431// 4433//
f 4432// 4433// 4434//
f 4434// 4433// 4435//
f 4434// 4435// 4436//
f 4436// 4435// 4437//
f 4436// 4437// 4438//
f 4438// 4437// 4439//
f 4411// 4409// 4438//
f 4438// 4409// 4436//
f 4410// 4411// 4439//
f 4439// 4411// 4438//
f 4408// 4410// 4437//
f 4437// 4410// 4439//
f 4408// 4437// 4406//
f 4406// 4437// 4435//
f 4406// 4435// 4404//
f 4404// 4435// 4433//
f 4404// 4433// 4402//
f 4402// 4433// 4431//
f 4402// 4431// 4400//
f 4400// 4431// 4429//
f 4400// 4429// 4398//
f 4398// 4429// 4427//
f 4398// 4427// 4396//
f 4396// 4427// 4425//
f 4394// 4396// 4423//
f 4423// 4396// 4425//
f 4394// 4423// 4421//
f 4394// 4421// 4392//
f 4392// 4421// 4419//
f 4392// 4419// 4390//
f 4390// 4419// 4417//
f 4390// 4417// 4388//
f 4388// 4417// 4415//
f 4388// 4415// 4386//
f 4386// 4415// 4413//
f 4386// 4413// 4384//
f 4384// 4413// 4381//
f 4384// 4381// 4380//
f 4383// 4382// 4385//
f 4385// 4382// 4412//
f 4385// 4412// 4387//
f 4387// 4412// 4414//
f 4387// 4414// 4389//
f 4389// 4414// 4416//
f 4389// 4416// 4391//
f 4391// 4416// 4418//
f 4391// 4418// 4393//
f 4393// 4418// 4420//
f 4393// 4420// 4395//
f 4395// 4420// 4422//
f 4397// 4395// 4424//
f 4424// 4395// 4422//
f 4397// 4424// 4426//
f 4397// 4426// 4399//
f 4399// 4426// 4428//
f 4399// 4428// 4401//
f 4401// 4428// 4430//
f 4401// 4430// 4403//
f 4403// 4430// 4432//
f 4403// 4432// 4405//
f 4405// 4432// 4434//
f 4405// 4434// 4407//
f 4407// 4434// 4436//
f 4407// 4436// 4409//
f 4440// 4441// 434//
f 434// 4441// 432//
f 304// 4442// 307//
f 307// 4442// 4443//
f 434// 307// 4440//
f 4440// 307// 4443//
f 4440// 4443// 4444//
f 4444// 4443// 4445//
f 4444// 4445// 4446//
f 4446// 4445// 4447//
f 4446// 4447// 4448//
f 4448// 4447// 4449//
f 4448// 4449// 4450//
f 4450// 4449// 4451//
f 4450// 4451// 4452//
f 4452// 4451// 4453//
f 4452// 4453// 4454//
f 4454// 4453// 4455//
f 4454// 4455// 4456//
f 4456// 4455// 4457//
f 4456// 4457// 4458//
f 4458// 4457// 4459//
f 4458// 4459// 4460//
f 4460// 4459// 4461//
f 4460// 4461// 4462//
f 4462// 4461// 4463//
f 4462// 4463// 4464//
f 4464// 4463// 4465//
f 4464// 4465// 4466//
f 4466// 4465// 4467//
f 4466// 4467// 4468//
f 4468// 4467// 4469//
f 4468// 4469// 4470//
f 4470// 4469// 4471//
f 304// 432// 4442//
f 4442// 432// 4441//
f 4442// 4441// 4472//
f 4472// 4441// 4473//
f 4472// 4473// 4474//
f 4474// 4473// 4475//
f 4474// 4475// 4476//
f 4476// 4475// 4477//
f 4476// 4477// 4478//
f 4478// 4477// 4479//
f 4478// 4479// 4480//
f 4480// 4479// 4481//
f 4480// 4481// 4482//
f 4482// 4481// 4483//
f 4482// 4483// 4484//
f 4484// 4483// 4485//
f 4484// 4485// 4486//
f 4486// 4485// 4487//
f 4486// 4487// 4488//
f 4488// 4487// 4489//
f 4488// 4489// 4490//
f 4490// 4489// 4491//
f 4490// 4491// 4492//
f 4492// 4491// 4493//
f 4492// 4493// 4494//
f 4494// 4493// 4495//
f 4494// 4495// 4496//
f 4496// 4495// 4497//
f 4496// 4497// 4498//
f 4498// 4497// 4499//
f 4471// 4469// 4498//
f 4498// 4469// 4496//
f 4470// 4471// 4499//
f 4499// 4471// 4498//
f 4468// 4470// 4497//
f 4497// 4470// 4499//
f 4468// 4497// 4466//
f 4466// 4497// 4495//
f 4466// 4495// 4464//
f 4464// 4495// 4493//
f 4464// 4493// 4462//
f 4462// 4493// 4491//
f 4462// 4491// 4460//
f 4460// 4491// 4489//
f 4460// 4489// 4458//
f 4458// 4489// 4487//
f 4458// 4487// 4456//
f 4456// 4487// 4485//
f 4454// 4456// 4483//
f 4483// 4456// 4485//
f 4454// 4483// 4481//
f 4454// 4481// 4452//
f 4452// 4481// 4479//
f 4452// 4479// 4450//
f 4450// 4479// 4477//
f 4450// 4477// 4448//
f 4448// 4477// 4475//
f 4448// 4475// 4446//
f 4446// 4475// 4473//
f 4446// 4473// 4444//
f 4444// 4473// 4441//
f 4444// 4441// 4440//
f 4443// 4442// 4445//
f 4445// 4442// 4472//
f 4445// 4472// 4447//
f 4447// 4472// 4474//
f 4447// 4474// 4449//
f 4449// 4474// 4476//
f 4449// 4476// 4451//
f 4451// 4476// 4478//
f 4451// 4478// 4453//
f 4453// 4478// 4480//
f 4453// 4480// 4455//
f 4455// 4480// 4482//
f 4457// 4455// 4484//
f 4484// 4455// 4482//
f 4457// 4484// 4486//
f 4457// 4486// 4459//
f 4459// 4486// 4488//
f 4459// 4488// 4461//
f 4461// 4488// 4490//
f 4461// 4490// 4463//
f 4463// 4490// 4492//
f 4463// 4492// 4465//
f 4465// 4492// 4494//
f 4465// 4494// 4467//
f 4467// 4494// 4496//
f 4467// 4496// 4469//
f 4500// 4501// 450//
f 450// 4501// 451//
f 299// 4502// 300//
f 300// 4502// 4503//
f 450// 300// 4500//
f 4500// 300// 4503//
f 4500// 4503// 4504//
f 4504// 4503// 4505//
f 4504// 4505// 4506//
f 4506// 4505// 4507//
f 4506// 4507// 4508//
f 4508// 4507// 4509//
f 4508// 4509// 4510//
f 4510// 4509// 4511//
f 4510// 4511// 4512//
f 4512// 4511// 4513//
f 4512// 4513// 4514//
f 4514// 4513// 4515//
f 4514// 4515// 4516//
f 4516// 4515// 4517//
f 4516// 4517// 4518//
f 4518// 4517// 4519//
f 4518// 4519// 4520//
f 4520// 4519// 4521//
f 4520// 4521// 4522//
f 4522// 4521// 4523//
f 4522// 4523// 4524//
f 4524// 4523// 4525//
f 4524// 4525// 4526//
f 4526// 4525// 4527//
f 4526// 4527// 4528//
f 4528// 4527// 4529//
f 4528// 4529// 4530//
f 4530// 4529// 4531//
f 4532// 4533// 4534//
f 4534// 4533// 4535//
f 4534// 4535// 4536//
f 4536// 4535// 4537//
f 4536// 4537// 4538//
f 4538// 4537// 4539//
f 4538// 4539// 4540//
f 4540// 4539// 4541//
f 4540// 4541// 4542//
f 4542// 4541// 4543//
f 4542// 4543// 4544//
f 4544// 4543// 4545//
f 4544// 4545// 4546//
f 4546// 4545// 4547//
f 4546// 4547// 4548//
f 4548// 4547// 4549//
f 4548// 4549// 4550//
f 4550// 4549// 4551//
f 4550// 4551// 4552//
f 4552// 4551// 4553//
f 4552// 4553// 4554//
f 4554// 4553// 4555//
f 4554// 4555// 4556//
f 4556// 4555// 4557//
f 4556// 4557// 4558//
f 4558// 4557// 4559//
f 4558// 4559// 4501//
f 4501// 4559// 4502//
f 4501// 4502// 451//
f 451// 4502// 299//
f 4531// 4529// 4533//
f 4533// 4529// 4535//
f 4530// 4531// 4532//
f 4532// 4531// 4533//
f 4528// 4530// 4534//
f 4534// 4530// 4532//
f 4528// 4534// 4526//
f 4526// 4534// 4536//
f 4526// 4536// 4524//
f 4524// 4536// 4538//
f 4524// 4538// 4522//
f 4522// 4538// 4540//
f 4522// 4540// 4520//
f 4520// 4540// 4542//
f 4520// 4542// 4518//
f 4518// 4542// 4544//
f 4518// 4544// 4516//
f 4516// 4544// 4546//
f 4514// 4516// 4548//
f 4548// 4516// 4546//
f 4514// 4548// 4550//
f 4514// 4550// 4512//
f 4512// 4550// 4552//
f 4512// 4552// 4510//
f 4510// 4552// 4554//
f 4510// 4554// 4508//
f 4508// 4554// 4556//
f 4508// 4556// 4506//
f 4506// 4556// 4558//
f 4506// 4558// 4504//
f 4504// 4558// 4501//
f 4504// 4501// 4500//
f 4503// 4502// 4505//
f 4505// 4502// 4559//
f 4505// 4559// 4507//
f 4507// 4559// 4557//
f 4507// 4557// 4509//
f 4509// 4557// 4555//
f 4509// 4555// 4511//
f 4511// 4555// 4553//
f 4511// 4553// 4513//
f 4513// 4553// 4551//
f 4513// 4551// 4515//
f 4515// 4551// 4549//
f 4517// 4515// 4547//
f 4547// 4515// 4549//
f 4517// 4547// 4545//
f 4517// 4545// 4519//
f 4519// 4545// 4543//
f 4519// 4543// 4521//
f 4521// 4543// 4541//
f 4521// 4541// 4523//
f 4523// 4541// 4539//
f 4523// 4539// 4525//
f 4525// 4539// 4537//
f 4525// 4537// 4527//
f 4527// 4537// 4535//
f 4527// 4535// 4529//
f 4560// 4561// 469//
f 469// 4561// 447//
f 297// 4562// 298//
f 298// 4562// 4563//
f 469// 298// 4560//
f 4560// 298// 4563//
f 4560// 4563// 4564//
f 4564// 4563// 4565//
f 4564// 4565// 4566//
f 4566// 4565// 4567//
f 4566// 4567// 4568//
f 4568// 4567// 4569//
f 4568// 4569// 4570//
f 4570// 4569// 4571//
f 4570// 4571// 4572//
f 4572// 4571// 4573//
f 4572// 4573// 4574//
f 4574// 4573// 4575//
f 4574// 4575// 4576//
f 4576// 4575// 4577//
f 4576// 4577// 4578//
f 4578// 4577// 4579//
f 4578// 4579// 4580//
f 4580// 4579// 4581//
f 4580// 4581// 4582//
f 4582// 4581// 4583//
f 4582// 4583// 4584//
f 4584// 4583// 4585//
f 4584// 4585// 4586//
f 4586// 4585// 4587//
f 4586// 4587// 4588//
f 4588// 4587// 4589//
f 4588// 4589// 4590//
f 4590// 4589// 4591//
f 4592// 4593// 4594//
f 4594// 4593// 4595//
f 4594// 4595// 4596//
f 4596// 4595// 4597//
f 4596// 4597// 4598//
f 4598// 4597// 4599//
f 4598// 4599// 4600//
f 4600// 4599// 4601//
f 4600// 4601// 4602//
f 4602// 4601// 4603//
f 4602// 4603// 4604//
f 4604// 4603// 4605//
f 4604// 4605// 4606//
f 4606// 4605// 4607//
f 4606// 4607// 4608//
f 4608// 4607// 4609//
f 4608// 4609// 4610//
f 4610// 4609// 4611//
f 4610// 4611// 4612//
f 4612// 4611// 4613//
f 4612// 4613// 4614//
f 4614// 4613// 4615//
f 4614// 4615// 4616//
f 4616// 4615// 4617//
f 4616// 4617// 4618//
f 4618// 4617// 4619//
f 4618// 4619// 4561//
f 4561// 4619// 4562//
f 4561// 4562// 447//
f 447// 4562// 297//
f 4591// 4589// 4593//
f 4593// 4589// 4595//
f 4590// 4591// 4592//
f 4592// 4591// 4593//
f 4588// 4590// 4594//
f 4594// 4590// 4592//
f 4588// 4594// 4586//
f 4586// 4594// 4596//
f 4586// 4596// 4584//
f 4584// 4596// 4598//
f 4584// 4598// 4582//
f 4582// 4598// 4600//
f 4582// 4600// 4580//
f 4580// 4600// 4602//
f 4580// 4602// 4578//
f 4578// 4602// 4604//
f 4578// 4604// 4576//
f 4576// 4604// 4606//
f 4574// 4576// 4608//
f 4608// 4576// 4606//
f 4574// 4608// 4610//
f 4574// 4610// 4572//
f 4572// 4610// 4612//
f 4572// 4612// 4570//
f 4570// 4612// 4614//
f 4570// 4614// 4568//
f 4568// 4614// 4616//
f 4568// 4616// 4566//
f 4566// 4616// 4618//
f 4566// 4618// 4564//
f 4564// 4618// 4561//
f 4564// 4561// 4560//
f 4563// 4562// 4565//
f 4565// 4562// 4619//
f 4565// 4619// 4567//
f 4567// 4619// 4617//
f 4567// 4617// 4569//
f 4569// 4617// 4615//
f 4569// 4615// 4571//
f 4571// 4615// 4613//
f 4571// 4613// 4573//
f 4573// 4613// 4611//
f 4573// 4611// 4575//
f 4575// 4611// 4609//
f 4577// 4575// 4607//
f 4607// 4575// 4609//
f 4577// 4607// 4605//
f 4577// 4605// 4579//
f 4579// 4605// 4603//
f 4579// 4603// 4581//
f 4581// 4603// 4601//
f 4581// 4601// 4583//
f 4583// 4601// 4599//
f 4583// 4599// 4585//
f 4585// 4599// 4597//
f 4585// 4597// 4587//
f 4587// 4597// 4595//
f 4587// 4595// 4589//
f 4620// 4621// 463//
f 463// 4621// 464//
f 295// 4622// 296//
f 296// 4622// 4623//
f 463// 296// 4620//
f 4620// 296// 4623//
f 4620// 4623// 4624//
f 4624// 4623// 4625//
f 4624// 4625// 4626//
f 4626// 4625// 4627//
f 4626// 4627// 4628//
f 4628// 4627// 4629//
f 4628// 4629// 4630//
f 4630// 4629// 4631//
f 4630// 4631// 4632//
f 4632// 4631// 4633//
f 4632// 4633// 4634//
f 4634// 4633// 4635//
f 4634// 4635// 4636//
f 4636// 4635// 4637//
f 4636// 4637// 4638//
f 4638// 4637// 4639//
f 4638// 4639// 4640//
f 4640// 4639// 4641//
f 4640// 4641// 4642//
f 4642// 4641// 4643//
f 4642// 4643// 4644//
f 4644// 4643// 4645//
f 4644// 4645// 4646//
f 4646// 4645// 4647//
f 4646// 4647// 4648//
f 4648// 4647// 4649//
f 4648// 4649// 4650//
f 4650// 4649// 4651//
f 4652// 4653// 4654//
f 4654// 4653// 4655//
f 4654// 4655// 4656//
f 4656// 4655// 4657//
f 4656// 4657// 4658//
f 4658// 4657// 4659//
f 4658// 4659// 4660//
f 4660// 4659// 4661//
f 4660// 4661// 4662//
f 4662// 4661// 4663//
f 4662// 4663// 4664//
f 4664// 4663// 4665//
f 4664// 4665// 4666//
f 4666// 4665// 4667//
f 4666// 4667// 4668//
f 4668// 4667// 4669//
f 4668// 4669// 4670//
f 4670// 4669// 4671//
f 4670// 4671// 4672//
f 4672// 4671// 4673//
f 4672// 4673// 4674//
f 4674// 4673// 4675//
f 4674// 4675// 4676//
f 4676// 4675// 4677//
f 4676// 4677// 4678//
f 4678// 4677// 4679//
f 4678// 4679// 4621//
f 4621// 4679// 4622//
f 4621// 4622// 464//
f 464// 4622// 295//
f 4651// 4649// 4653//
f 4653// 4649// 4655//
f 4650// 4651// 4652//
f 4652// 4651// 4653//
f 4648// 4650// 4654//
f 4654// 4650// 4652//
f 4648// 4654// 4646//
f 4646// 4654// 4656//
f 4646// 4656// 4644//
f 4644// 4656// 4658//
f 4644// 4658// 4642//
f 4642// 4658// 4660//
f 4642// 4660// 4640//
f 4640// 4660// 4662//
f 4640// 4662// 4638//
f 4638// 4662// 4664//
f 4638// 4664// 4636//
f 4636// 4664// 4666//
f 4634// 4636// 4668//
f 4668// 4636// 4666//
f 4634// 4668// 4670//
f 4634// 4670// 4632//
f 4632// 4670// 4672//
f 4632// 4672// 4630//
f 4630// 4672// 4674//
f 4630// 4674// 4628//
f 4628// 4674// 4676//
f 4628// 4676// 4626//
f 4626// 4676// 4678//
f 4626// 4678// 4624//
f 4624// 4678// 4621//
f 4624// 4621// 4620//
f 4623// 4622// 4625//
f 4625// 4622// 4679//
f 4625// 4679// 4627//
f 4627// 4679// 4677//
f 4627// 4677// 4629//
f 4629// 4677// 4675//
f 4629// 4675// 4631//
f 4631// 4675// 4673//
f 4631// 4673// 4633//
f 4633// 4673// 4671//
f 4633// 4671// 4635//
f 4635// 4671// 4669//
f 4637// 4635// 4667//
f 4667// 4635// 4669//
f 4637// 4667// 4665//
f 4637// 4665// 4639//
f 4639// 4665// 4663//
f 4639// 4663// 4641//
f 4641// 4663// 4661//
f 4641// 4661// 4643//
f 4643// 4661// 4659//
f 4643// 4659// 4645//
f 4645// 4659// 4657//
f 4645// 4657// 4647//
f 4647// 4657// 4655//
f 4647// 4655// 4649//
f 4680// 4681// 488//
f 488// 4681// 452//
f 293// 4682// 294//
f 294// 4682// 4683//
f 488// 294// 4680//
f 4680// 294// 4683//
f 4680// 4683// 4684//
f 4684// 4683// 4685//
f 4684// 4685// 4686//
f 4686// 4685// 4687//
f 4686// 4687// 4688//
f 4688// 4687// 4689//
f 4688// 4689// 4690//
f 4690// 4689// 4691//
f 4690// 4691// 4692//
f 4692// 4691// 4693//
f 4692// 4693// 4694//
f 4694// 4693// 4695//
f 4694// 4695// 4696//
f 4696// 4695// 4697//
f 4696// 4697// 4698//
f 4698// 4697// 4699//
f 4698// 4699// 4700//
f 4700// 4699// 4701//
f 4700// 4701// 4702//
f 4702// 4701// 4703//
f 4702// 4703// 4704//
f 4704// 4703// 4705//
f 4704// 4705// 4706//
f 4706// 4705// 4707//
f 4706// 4707// 4708//
f 4708// 4707// 4709//
f 4708// 4709// 4710//
f 4710// 4709// 4711//
f 4712// 4713// 4714//
f 4714// 4713// 4715//
f 4714// 4715// 4716//
f 4716// 4715// 4717//
f 4716// 4717// 4718//
f 4718// 4717// 4719//
f 4718// 4719// 4720//
f 4720// 4719// 4721//
f 4720// 4721// 4722//
f 4722// 4721// 4723//
f 4722// 4723// 4724//
f 4724// 4723// 4725//
f 4724// 4725// 4726//
f 4726// 4725// 4727//
f 4726// 4727// 4728//
f 4728// 4727// 4729//
f 4728// 4729// 4730//
f 4730// 4729// 4731//
f 4730// 4731// 4732//
f 4732// 4731// 4733//
f 4732// 4733// 4734//
f 4734// 4733// 4735//
f 4734// 4735// 4736//
f 4736// 4735// 4737//
f 4736// 4737// 4738//
f 4738// 4737// 4739//
f 4738// 4739// 4681//
f 4681// 4739// 4682//
f 4681// 4682// 452//
f 452// 4682// 293//
f 4711// 4709// 4713//
f 4713// 4709// 4715//
f 4710// 4711// 4712//
f 4712// 4711// 4713//
f 4708// 4710// 4714//
f 4714// 4710// 4712//
f 4708// 4714// 4706//
f 4706// 4714// 4716//
f 4706// 4716// 4704//
f 4704// 4716// 4718//
f 4704// 4718// 4702//
f 4702// 4718// 4720//
f 4702// 4720// 4700//
f 4700// 4720// 4722//
f 4700// 4722// 4698//
f 4698// 4722// 4724//
f 4698// 4724// 4696//
f 4696// 4724// 4726//
f 4694// 4696// 4728//
f 4728// 4696// 4726//
f 4694// 4728// 4730//
f 4694// 4730// 4692//
f 4692// 4730// 4732//
f 4692// 4732// 4690//
f 4690// 4732// 4734//
f 4690// 4734// 4688//
f 4688// 4734// 4736//
f 4688// 4736// 4686//
f 4686// 4736// 4738//
f 4686// 4738// 4684//
f 4684// 4738// 4681//
f 4684// 4681// 4680//
f 4683// 4682// 4685//
f 4685// 4682// 4739//
f 4685// 4739// 4687//
f 4687// 4739// 4737//
f 4687// 4737// 4689//
f 4689// 4737// 4735//
f 4689// 4735// 4691//
f 4691// 4735// 4733//
f 4691// 4733// 4693//
f 4693// 4733// 4731//
f 4693// 4731// 4695//
f 4695// 4731// 4729//
f 4697// 4695// 4727//
f 4727// 4695// 4729//
f 4697// 4727// 4725//
f 4697// 4725// 4699//
f 4699// 4725// 4723//
f 4699// 4723// 4701//
f 4701// 4723// 4721//
f 4701// 4721// 4703//
f 4703// 4721// 4719//
f 4703// 4719// 4705//
f 4705// 4719// 4717//
f 4705// 4717// 4707//
f 4707// 4717// 4715//
f 4707// 4715// 4709//
f 4740// 4741// 478//
f 478// 4741// 479//
f 291// 4742// 292//
f 292// 4742// 4743//
f 478// 292// 4740//
f 4740// 292// 4743//
f 4740// 4743// 4744//
f 4744// 4743// 4745//
f 4744// 4745// 4746//
f 4746// 4745// 4747//
f 4746// 4747// 4748//
f 4748// 4747// 4749//
f 4748// 4749// 4750//
f 4750// 4749// 4751//
f 4750// 4751// 4752//
f 4752// 4751// 4753//
f 4752// 4753// 4754//
f 4754// 4753// 4755//
f 4754// 4755// 4756//
f 4756// 4755// 4757//
f 4756// 4757// 4758//
f 4758// 4757// 4759//
f 4758// 4759// 4760//
f 4760// 4759// 4761//
f 4760// 4761// 4762//
f 4762// 4761// 4763//
f 4762// 4763// 4764//
f 4764// 4763// 4765//
f 4764// 4765// 4766//
f 4766// 4765// 4767//
f 4766// 4767// 4768//
f 4768// 4767// 4769//
f 4768// 4769// 4770//
f 4770// 4769// 4771//
f 4772// 4773// 4774//
f 4774// 4773// 4775//
f 4774// 4775// 4776//
f 4776// 4775// 4777//
f 4776// 4777// 4778//
f 4778// 4777// 4779//
f 4778// 4779// 4780//
f 4780// 4779// 4781//
f 4780// 4781// 4782//
f 4782// 4781// 4783//
f 4782// 4783// 4784//
f 4784// 4783// 4785//
f 4784// 4785// 4786//
f 4786// 4785// 4787//
f 4786// 4787// 4788//
f 4788// 4787// 4789//
f 4788// 4789// 4790//
f 4790// 4789// 4791//
f 4790// 4791// 4792//
f 4792// 4791// 4793//
f 4792// 4793// 4794//
f 4794// 4793// 4795//
f 4794// 4795// 4796//
f 4796// 4795// 4797//
f 4796// 4797// 4798//
f 4798// 4797// 4799//
f 4798// 4799// 4741//
f 4741// 4799// 4742//
f 4741// 4742// 479//
f 479// 4742// 291//
f 4771// 4769// 4773//
f 4773// 4769// 4775//
f 4770// 4771// 4772//
f 4772// 4771// 4773//
f 4768// 4770// 4774//
f 4774// 4770// 4772//
f 4768// 4774// 4766//
f 4766// 4774// 4776//
f 4766// 4776// 4764//
f 4764// 4776// 4778//
f 4764// 4778// 4762//
f 4762// 4778// 4780//
f 4762// 4780// 4760//
f 4760// 4780// 4782//
f 4760// 4782// 4758//
f 4758// 4782// 4784//
f 4758// 4784// 4756//
f 4756// 4784// 4786//
f 4754// 4756// 4788//
f 4788// 4756// 4786//
f 4754// 4788// 4790//
f 4754// 4790// 4752//
f 4752// 4790// 4792//
f 4752// 4792// 4750//
f 4750// 4792// 4794//
f 4750// 4794// 4748//
f 4748// 4794// 4796//
f 4748// 4796// 4746//
f 4746// 4796// 4798//
f 4746// 4798// 4744//
f 4744// 4798// 4741//
f 4744// 4741// 4740//
f 4743// 4742// 4745//
f 4745// 4742// 4799//
f 4745// 4799// 4747//
f 4747// 4799// 4797//
f 4747// 4797// 4749//
f 4749// 4797// 4795//
f 4749// 4795// 4751//
f 4751// 4795// 4793//
f 4751// 4793// 4753//
f 4753// 4793// 4791//
f 4753// 4791// 4755//
f 4755// 4791// 4789//
f 4757// 4755// 4787//
f 4787// 4755// 4789//
f 4757// 4787// 4785//
f 4757// 4785// 4759//
f 4759// 4785// 4783//
f 4759// 4783// 4761//
f 4761// 4783// 4781//
f 4761// 4781// 4763//
f 4763// 4781// 4779//
f 4763// 4779// 4765//
f 4765// 4779// 4777//
f 4765// 4777// 4767//
f 4767// 4777// 4775//
f 4767// 4775// 4769//
f 4800// 4801// 500//
f 500// 4801// 470//
f 289// 4802// 290//
f 290// 4802// 4803//
f 500// 290// 4800//
f 4800// 290// 4803//
f 4800// 4803// 4804//
f 4804// 4803// 4805//
f 4804// 4805// 4806//
f 4806// 4805// 4807//
f 4806// 4807// 4808//
f 4808// 4807// 4809//
f 4808// 4809// 4810//
f 4810// 4809// 4811//
f 4810// 4811// 4812//
f 4812// 4811// 4813//
f 4812// 4813// 4814//
f 4814// 4813// 4815//
f 4814// 4815// 4816//
f 4816// 4815// 4817//
f 4816// 4817// 4818//
f 4818// 4817// 4819//
f 4818// 4819// 4820//
f 4820// 4819// 4821//
f 4820// 4821// 4822//
f 4822// 4821// 4823//
f 4822// 4823// 4824//
f 4824// 4823// 4825//
f 4824// 4825// 4826//
f 4826// 4825// 4827//
f 4826// 4827// 4828//
f 4828// 4827// 4829//
f 4828// 4829// 4830//
f 4830// 4829// 4831//
f 4832// 4833// 4834//
f 4834// 4833// 4835//
f 4834// 4835// 4836//
f 4836// 4835// 4837//
f 4836// 4837// 4838//
f 4838// 4837// 4839//
f 4838// 4839// 4840//
f 4840// 4839// 4841//
f 4840// 4841// 4842//
f 4842// 4841// 4843//
f 4842// 4843// 4844//
f 4844// 4843// 4845//
f 4844// 4845// 4846//
f 4846// 4845// 4847//
f 4846// 4847// 4848//
f 4848// 4847// 4849//
f 4848// 4849// 4850//
f 4850// 4849// 4851//
f 4850// 4851// 4852//
f 4852// 4851// 4853//
f 4852// 4853// 4854//
f 4854// 4853// 4855//
f 4854// 4855// 4856//
f 4856// 4855// 4857//
f 4856// 4857// 4858//
f 4858// 4857// 4859//
f 4858// 4859// 4801//
f 4801// 4859// 4802//
f 4801// 4802// 470//
f 470// 4802// 289//
f 4831// 4829// 4833//
f 4833// 4829// 4835//
f 4830// 4831// 4832//
f 4832// 4831// 4833//
f 4828// 4830// 4834//
f 4834// 4830// 4832//
f 4828// 4834// 4826//
f 4826// 4834// 4836//
f 4826// 4836// 4824//
f 4824// 4836// 4838//
f 4824// 4838// 4822//
f 4822// 4838// 4840//
f 4822// 4840// 4820//
f 4820// 4840// 4842//
f 4820// 4842// 4818//
f 4818// 4842// 4844//
f 4818// 4844// 4816//
f 4816// 4844// 4846//
f 4814// 4816// 4848//
f 4848// 4816// 4846//
f 4814// 4848// 4850//
f 4814// 4850// 4812//
f 4812// 4850// 4852//
f 4812// 4852// 4810//
f 4810// 4852// 4854//
f 4810// 4854// 4808//
f 4808// 4854// 4856//
f 4808// 4856// 4806//
f 4806// 4856// 4858//
f 4806// 4858// 4804//
f 4804// 4858// 4801//
f 4804// 4801// 4800//
f 4803// 4802// 4805//
f 4805// 4802// 4859//
f 4805// 4859// 4807//
f 4807// 4859// 4857//
f 4807// 4857// 4809//
f 4809// 4857// 4855//
f 4809// 4855// 4811//
f 4811// 4855// 4853//
f 4811// 4853// 4813//
f 4813// 4853// 4851//
f 4813// 4851// 4815//
f 4815// 4851// 4849//
f 4817// 4815// 4847//
f 4847// 4815// 4849//
f 4817// 4847// 4845//
f 4817// 4845// 4819//
f 4819// 4845// 4843//
f 4819// 4843// 4821//
f 4821// 4843// 4841//
f 4821// 4841// 4823//
f 4823// 4841// 4839//
f 4823// 4839// 4825//
f 4825// 4839// 4837//
f 4825// 4837// 4827//
f 4827// 4837// 4835//
f 4827// 4835// 4829//
f 4860// 4861// 494//
f 494// 4861// 495//
f 287// 4862// 288//
f 288// 4862// 4863//
f 494// 288// 4860//
f 4860// 288// 4863//
f 4860// 4863// 4864//
f 4864// 4863// 4865//
f 4864// 4865// 4866//
f 4866// 4865// 4867//
f 4866// 4867// 4868//
f 4868// 4867// 4869//
f 4868// 4869// 4870//
f 4870// 4869// 4871//
f 4870// 4871// 4872//
f 4872// 4871// 4873//
f 4872// 4873// 4874//
f 4874// 4873// 4875//
f 4874// 4875// 4876//
f 4876// 4875// 4877//
f 4876// 4877// 4878//
f 4878// 4877// 4879//
f 4878// 4879// 4880//
f 4880// 4879// 4881//
f 4880// 4881// 4882//
f 4882// 4881// 4883//
f 4882// 4883// 4884//
f 4884// 4883// 4885//
f 4884// 4885// 4886//
f 4886// 4885// 4887//
f 4886// 4887// 4888//
f 4888// 4887// 4889//
f 4888// 4889// 4890//
f 4890// 4889// 4891//
f 4892// 4893// 4894//
f 4894// 4893// 4895//
f 4894// 4895// 4896//
f 4896// 4895// 4897//
f 4896// 4897// 4898//
f 4898// 4897// 4899//
f 4898// 4899// 4900//
f 4900// 4899// 4901//
f 4900// 4901// 4902//
f 4902// 4901// 4903//
f 4902// 4903// 4904//
f 4904// 4903// 4905//
f 4904// 4905// 4906//
f 4906// 4905// 4907//
f 4906// 4907// 4908//
f 4908// 4907// 4909//
f 4908// 4909// 4910//
f 4910// 4909// 4911//
f 4910// 4911// 4912//
f 4912// 4911// 4913//
f 4912// 4913// 4914//
f 4914// 4913// 4915//
f 4914// 4915// 4916//
f 4916// 4915// 4917//
f 4916// 4917// 4918//
f 4918// 4917// 4919//
f 4918// 4919// 4861//
f 4861// 4919// 4862//
f 4861// 4862// 495//
f 495// 4862// 287//
f 4891// 4889// 4893//
f 4893// 4889// 4895//
f 4890// 4891// 4892//
f 4892// 4891// 4893//
f 4888// 4890// 4894//
f 4894// 4890// 4892//
f 4888// 4894// 4886//
f 4886// 4894// 4896//
f 4886// 4896// 4884//
f 4884// 4896// 4898//
f 4884// 4898// 4882//
f 4882// 4898// 4900//
f 4882// 4900// 4880//
f 4880// 4900// 4902//
f 4880// 4902// 4878//
f 4878// 4902// 4904//
f 4878// 4904// 4876//
f 4876// 4904// 4906//
f 4874// 4876// 4908//
f 4908// 4876// 4906//
f 4874// 4908// 4910//
f 4874// 4910// 4872//
f 4872// 4910// 4912//
f 4872// 4912// 4870//
f 4870// 4912// 4914//
f 4870// 4914// 4868//
f 4868// 4914// 4916//
f 4868// 4916// 4866//
f 4866// 4916// 4918//
f 4866// 4918// 4864//
f 4864// 4918// 4861//
f 4864// 4861// 4860//
f 4863// 4862// 4865//
f 4865// 4862// 4919//
f 4865// 4919// 4867//
f 4867// 4919// 4917//
f 4867// 4917// 4869//
f 4869// 4917// 4915//
f 4869// 4915// 4871//
f 4871// 4915// 4913//
f 4871// 4913// 4873//
f 4873// 4913// 4911//
f 4873// 4911// 4875//
f 4875// 4911// 4909//
f 4877// 4875// 4907//
f 4907// 4875// 4909//
f 4877// 4907// 4905//
f 4877// 4905// 4879//
f 4879// 4905// 4903//
f 4879// 4903// 4881//
f 4881// 4903// 4901//
f 4881// 4901// 4883//
f 4883// 4901// 4899//
f 4883// 4899// 4885//
f 4885// 4899// 4897//
f 4885// 4897// 4887//
f 4887// 4897// 4895//
f 4887// 4895// 4889//
f 4920// 4921// 504//
f 504// 4921// 456//
f 285// 4922// 286//
f 286// 4922// 4923//
f 504// 286// 4920//
f 4920// 286// 4923//
f 4920// 4923// 4924//
f 4924// 4923// 4925//
f 4924// 4925// 4926//
f 4926// 4925// 4927//
f 4926// 4927// 4928//
f 4928// 4927// 4929//
f 4928// 4929// 4930//
f 4930// 4929// 4931//
f 4930// 4931// 4932//
f 4932// 4931// 4933//
f 4932// 4933// 4934//
f 4934// 4933// 4935//
f 4934// 4935// 4936//
f 4936// 4935// 4937//
f 4936// 4937// 4938//
f 4938// 4937// 4939//
f 4938// 4939// 4940//
f 4940// 4939// 4941//
f 4940// 4941// 4942//
f 4942// 4941// 4943//
f 4942// 4943// 4944//
f 4944// 4943// 4945//
f 4944// 4945// 4946//
f 4946// 4945// 4947//
f 4946// 4947// 4948//
f 4948// 4947// 4949//
f 4948// 4949// 4950//
f 4950// 4949// 4951//
f 4952// 4953// 4954//
f 4954// 4953// 4955//
f 4954// 4955// 4956//
f 4956// 4955// 4957//
f 4956// 4957// 4958//
f 4958// 4957// 4959//
f 4958// 4959// 4960//
f 4960// 4959// 4961//
f 4960// 4961// 4962//
f 4962// 4961// 4963//
f 4962// 4963// 4964//
f 4964// 4963// 4965//
f 4964// 4965// 4966//
f 4966// 4965// 4967//
f 4966// 4967// 4968//
f 4968// 4967// 4969//
f 4968// 4969// 4970//
f 4970// 4969// 4971//
f 4970// 4971// 4972//
f 4972// 4971// 4973//
f 4972// 4973// 4974//
f 4974// 4973// 4975//
f 4974// 4975// 4976//
f 4976// 4975// 4977//
f 4976// 4977// 4978//
f 4978// 4977// 4979//
f 4978// 4979// 4921//
f 4921// 4979// 4922//
f 4921// 4922// 456//
f 456// 4922// 285//
f 4951// 4949// 4953//
f 4953// 4949// 4955//
f 4950// 4951// 4952//
f 4952// 4951// 4953//
f 4948// 4950// 4954//
f 4954// 4950// 4952//
f 4948// 4954// 4946//
f 4946// 4954// 4956//
f 4946// 4956// 4944//
f 4944// 4956// 4958//
f 4944// 4958// 4942//
f 4942// 4958// 4960//
f 4942// 4960// 4940//
f 4940// 4960// 4962//
f 4940// 4962// 4938//
f 4938// 4962// 4964//
f 4938// 4964// 4936//
f 4936// 4964// 4966//
f 4934// 4936// 4968//
f 4968// 4936// 4966//
f 4934// 4968// 4970//
f 4934// 4970// 4932//
f 4932// 4970// 4972//
f 4932// 4972// 4930//
f 4930// 4972// 4974//
f 4930// 4974// 4928//
f 4928// 4974// 4976//
f 4928// 4976// 4926//
f 4926// 4976// 4978//
f 4926// 4978// 4924//
f 4924// 4978// 4921//
f 4924// 4921// 4920//
f 4923// 4922// 4925//
f 4925// 4922// 4979//
f 4925// 4979// 4927//
f 4927// 4979// 4977//
f 4927// 4977// 4929//
f 4929// 4977// 4975//
f 4929// 4975// 4931//
f 4931// 4975// 4973//
f 4931// 4973// 4933//
f 4933// 4973// 4971//
f 4933// 4971// 4935//
f 4935// 4971// 4969//
f 4937// 4935// 4967//
f 4967// 4935// 4969//
f 4937// 4967// 4965//
f 4937// 4965// 4939//
f 4939// 4965// 4963//
f 4939// 4963// 4941//
f 4941// 4963// 4961//
f 4941// 4961// 4943//
f 4943// 4961// 4959//
f 4943// 4959// 4945//
f 4945// 4959// 4957//
f 4945// 4957// 4947//
f 4947// 4957// 4955//
f 4947// 4955// 4949//
f 4980// 4981// 489//
f 489// 4981// 471//
f 283// 4982// 284//
f 284// 4982// 4983//
f 489// 284// 4980//
f 4980// 284// 4983//
f 4980// 4983// 4984//
f 4984// 4983// 4985//
f 4984// 4985// 4986//
f 4986// 4985// 4987//
f 4986// 4987// 4988//
f 4988// 4987// 4989//
f 4988// 4989// 4990//
f 4990// 4989// 4991//
f 4990// 4991// 4992//
f 4992// 4991// 4993//
f 4992// 4993// 4994//
f 4994// 4993// 4995//
f 4994// 4995// 4996//
f 4996// 4995// 4997//
f 4996// 4997// 4998//
f 4998// 4997// 4999//
f 4998// 4999// 5000//
f 5000// 4999// 5001//
f 5000// 5001// 5002//
f 5002// 5001// 5003//
f 5002// 5003// 5004//
f 5004// 5003// 5005//
f 5004// 5005// 5006//
f 5006// 5005// 5007//
f 5006// 5007// 5008//
f 5008// 5007// 5009//
f 5008// 5009// 5010//
f 5010// 5009// 5011//
f 5012// 5013// 5014//
f 5014// 5013// 5015//
f 5014// 5015// 5016//
f 5016// 5015// 5017//
f 5016// 5017// 5018//
f 5018// 5017// 5019//
f 5018// 5019// 5020//
f 5020// 5019// 5021//
f 5020// 5021// 5022//
f 5022// 5021// 5023//
f 5022// 5023// 5024//
f 5024// 5023// 5025//
f 5024// 5025// 5026//
f 5026// 5025// 5027//
f 5026// 5027// 5028//
f 5028// 5027// 5029//
f 5028// 5029// 5030//
f 5030// 5029// 5031//
f 5030// 5031// 5032//
f 5032// 5031// 5033//
f 5032// 5033// 5034//
f 5034// 5033// 5035//
f 5034// 5035// 5036//
f 5036// 5035// 5037//
f 5036// 5037// 5038//
f 5038// 5037// 5039//
f 5038// 5039// 4981//
f 4981// 5039// 4982//
f 4981// 4982// 471//
f 471// 4982// 283//
f 5011// 5009// 5013//
f 5013// 5009// 5015//
f 5010// 5011// 5012//
f 5012// 5011// 5013//
f 5008// 5010// 5014//
f 5014// 5010// 5012//
f 5008// 5014// 5006//
f 5006// 5014// 5016//
f 5006// 5016// 5004//
f 5004// 5016// 5018//
f 5004// 5018// 5002//
f 5002// 5018// 5020//
f 5002// 5020// 5000//
f 5000// 5020// 5022//
f 5000// 5022// 4998//
f 4998// 5022// 5024//
f 4998// 5024// 4996//
f 4996// 5024// 5026//
f 4994// 4996// 5028//
f 5028// 4996// 5026//
f 4994// 5028// 5030//
f 4994// 5030// 4992//
f 4992// 5030// 5032//
f 4992// 5032// 4990//
f 4990// 5032// 5034//
f 4990// 5034// 4988//
f 4988// 5034// 5036//
f 4988// 5036// 4986//
f 4986// 5036// 5038//
f 4986// 5038// 4984//
f 4984// 5038// 4981//
f 4984// 4981// 4980//
f 4983// 4982// 4985//
f 4985// 4982// 5039//
f 4985// 5039// 4987//
f 4987// 5039// 5037//
f 4987// 5037// 4989//
f 4989// 5037// 5035//
f 4989// 5035// 4991//
f 4991// 5035// 5033//
f 4991// 5033// 4993//
f 4993// 5033// 5031//
f 4993// 5031// 4995//
f 4995// 5031// 5029//
f 4997// 4995// 5027//
f 5027// 4995// 5029//
f 4997// 5027// 5025//
f 4997// 5025// 4999//
f 4999// 5025// 5023//
f 4999// 5023// 5001//
f 5001// 5023// 5021//
f 5001// 5021// 5003//
f 5003// 5021// 5019//
f 5003// 5019// 5005//
f 5005// 5019// 5017//
f 5005// 5017// 5007//
f 5007// 5017// 5015//
f 5007// 5015// 5009//
f 5040// 5041// 457//
f 457// 5041// 458//
f 281// 5042// 282//
f 282// 5042// 5043//
f 457// 282// 5040//
f 5040// 282// 5043//
f 5040// 5043// 5044//
f 5044// 5043// 5045//
f 5044// 5045// 5046//
f 5046// 5045// 5047//
f 5046// 5047// 5048//
f 5048// 5047// 5049//
f 5048// 5049// 5050//
f 5050// 5049// 5051//
f 5050// 5051// 5052//
f 5052// 5051// 5053//
f 5052// 5053// 5054//
f 5054// 5053// 5055//
f 5054// 5055// 5056//
f 5056// 5055// 5057//
f 5056// 5057// 5058//
f 5058// 5057// 5059//
f 5058// 5059// 5060//
f 5060// 5059// 5061//
f 5060// 5061// 5062//
f 5062// 5061// 5063//
f 5062// 5063// 5064//
f 5064// 5063// 5065//
f 5064// 5065// 5066//
f 5066// 5065// 5067//
f 5066// 5067// 5068//
f 5068// 5067// 5069//
f 5068// 5069// 5070//
f 5070// 5069// 5071//
f 5072// 5073// 5074//
f 5074// 5073// 5075//
f 5074// 5075// 5076//
f 5076// 5075// 5077//
f 5076// 5077// 5078//
f 5078// 5077// 5079//
f 5078// 5079// 5080//
f 5080// 5079// 5081//
f 5080// 5081// 5082//
f 5082// 5081// 5083//
f 5082// 5083// 5084//
f 5084// 5083// 5085//
f 5084// 5085// 5086//
f 5086// 5085// 5087//
f 5086// 5087// 5088//
f 5088// 5087// 5089//
f 5088// 5089// 5090//
f 5090// 5089// 5091//
f 5090// 5091// 5092//
f 5092// 5091// 5093//
f 5092// 5093// 5094//
f 5094// 5093// 5095//
f 5094// 5095// 5096//
f 5096// 5095// 5097//
f 5096// 5097// 5098//
f 5098// 5097// 5099//
f 5098// 5099// 5041//
f 5041// 5099// 5042//
f 5041// 5042// 458//
f 458// 5042// 281//
f 5071// 5069// 5073//
f 5073// 5069// 5075//
f 5070// 5071// 5072//
f 5072// 5071// 5073//
f 5068// 5070// 5074//
f 5074// 5070// 5072//
f 5068// 5074// 5066//
f 5066// 5074// 5076//
f 5066// 5076// 5064//
f 5064// 5076// 5078//
f 5064// 5078// 5062//
f 5062// 5078// 5080//
f 5062// 5080// 5060//
f 5060// 5080// 5082//
f 5060// 5082// 5058//
f 5058// 5082// 5084//
f 5058// 5084// 5056//
f 5056// 5084// 5086//
f 5054// 5056// 5088//
f 5088// 5056// 5086//
f 5054// 5088// 5090//
f 5054// 5090// 5052//
f 5052// 5090// 5092//
f 5052// 5092// 5050//
f 5050// 5092// 5094//
f 5050// 5094// 5048//
f 5048// 5094// 5096//
f 5048// 5096// 5046//
f 5046// 5096// 5098//
f 5046// 5098// 5044//
f 5044// 5098// 5041//
f 5044// 5041// 5040//
f 5043// 5042// 5045//
f 5045// 5042// 5099//
f 5045// 5099// 5047//
f 5047// 5099// 5097//
f 5047// 5097// 5049//
f 5049// 5097// 5095//
f 5049// 5095// 5051//
f 5051// 5095// 5093//
f 5051// 5093// 5053//
f 5053// 5093// 5091//
f 5053// 5091// 5055//
f 5055// 5091// 5089//
f 5057// 5055// 5087//
f 5087// 5055// 5089//
f 5057// 5087// 5085//
f 5057// 5085// 5059//
f 5059// 5085// 5083//
f 5059// 5083// 5061//
f 5061// 5083// 5081//
f 5061// 5081// 5063//
f 5063// 5081// 5079//
f 5063// 5079// 5065//
f 5065// 5079// 5077//
f 5065// 5077// 5067//
f 5067// 5077// 5075//
f 5067// 5075// 5069//
f 5100// 5101// 465//
f 465// 5101// 443//
f 279// 5102// 280//
f 280// 5102// 5103//
f 465// 280// 5100//
f 5100// 280// 5103//
f 5100// 5103// 5104//
f 5104// 5103// 5105//
f 5104// 5105// 5106//
f 5106// 5105// 5107//
f 5106// 5107// 5108//
f 5108// 5107// 5109//
f 5108// 5109// 5110//
f 5110// 5109// 5111//
f 5110// 5111// 5112//
f 5112// 5111// 5113//
f 5112// 5113// 5114//
f 5114// 5113// 5115//
f 5114// 5115// 5116//
f 5116// 5115// 5117//
f 5116// 5117// 5118//
f 5118// 5117// 5119//
f 5118// 5119// 5120//
f 5120// 5119// 5121//
f 5120// 5121// 5122//
f 5122// 5121// 5123//
f 5122// 5123// 5124//
f 5124// 5123// 5125//
f 5124// 5125// 5126//
f 5126// 5125// 5127//
f 5126// 5127// 5128//
f 5128// 5127// 5129//
f 5128// 5129// 5130//
f 5130// 5129// 5131//
f 5132// 5133// 5134//
f 5134// 5133// 5135//
f 5134// 5135// 5136//
f 5136// 5135// 5137//
f 5136// 5137// 5138//
f 5138// 5137// 5139//
f 5138// 5139// 5140//
f 5140// 5139// 5141//
f 5140// 5141// 5142//
f 5142// 5141// 5143//
f 5142// 5143// 5144//
f 5144// 5143// 5145//
f 5144// 5145// 5146//
f 5146// 5145// 5147//
f 5146// 5147// 5148//
f 5148// 5147// 5149//
f 5148// 5149// 5150//
f 5150// 5149// 5151//
f 5150// 5151// 5152//
f 5152// 5151// 5153//
f 5152// 5153// 5154//
f 5154// 5153// 5155//
f 5154// 5155// 5156//
f 5156// 5155// 5157//
f 5156// 5157// 5158//
f 5158// 5157// 5159//
f 5158// 5159// 5101//
f 5101// 5159// 5102//
f 5101// 5102// 443//
f 443// 5102// 279//
f 5131// 5129// 5133//
f 5133// 5129// 5135//
f 5130// 5131// 5132//
f 5132// 5131// 5133//
f 5128// 5130// 5134//
f 5134// 5130// 5132//
f 5128// 5134// 5126//
f 5126// 5134// 5136//
f 5126// 5136// 5124//
f 5124// 5136// 5138//
f 5124// 5138// 5122//
f 5122// 5138// 5140//
f 5122// 5140// 5120//
f 5120// 5140// 5142//
f 5120// 5142// 5118//
f 5118// 5142// 5144//
f 5118// 5144// 5116//
f 5116// 5144// 5146//
f 5114// 5116// 5148//
f 5148// 5116// 5146//
f 5114// 5148// 5150//
f 5114// 5150// 5112//
f 5112// 5150// 5152//
f 5112// 5152// 5110//
f 5110// 5152// 5154//
f 5110// 5154// 5108//
f 5108// 5154// 5156//
f 5108// 5156// 5106//
f 5106// 5156// 5158//
f 5106// 5158// 5104//
f 5104// 5158// 5101//
f 5104// 5101// 5100//
f 5103// 5102// 5105//
f 5105// 5102// 5159//
f 5105// 5159// 5107//
f 5107// 5159// 5157//
f 5107// 5157// 5109//
f 5109// 5157// 5155//
f 5109// 5155// 5111//
f 5111// 5155// 5153//
f 5111// 5153// 5113//
f 5113// 5153// 5151//
f 5113// 5151// 5115//
f 5115// 5151// 5149//
f 5117// 5115// 5147//
f 5147// 5115// 5149//
f 5117// 5147// 5145//
f 5117// 5145// 5119//
f 5119// 5145// 5143//
f 5119// 5143// 5121//
f 5121// 5143// 5141//
f 5121// 5141// 5123//
f 5123// 5141// 5139//
f 5123// 5139// 5125//
f 5125// 5139// 5137//
f 5125// 5137// 5127//
f 5127// 5137// 5135//
f 5127// 5135// 5129//
f 5160// 5161// 459//
f 459// 5161// 460//
f 277// 5162// 278//
f 278// 5162// 5163//
f 459// 278// 5160//
f 5160// 278// 5163//
f 5160// 5163// 5164//
f 5164// 5163// 5165//
f 5164// 5165// 5166//
f 5166// 5165// 5167//
f 5166// 5167// 5168//
f 5168// 5167// 5169//
f 5168// 5169// 5170//
f 5170// 5169// 5171//
f 5170// 5171// 5172//
f 5172// 5171// 5173//
f 5172// 5173// 5174//
f 5174// 5173// 5175//
f 5174// 5175// 5176//
f 5176// 5175// 5177//
f 5176// 5177// 5178//
f 5178// 5177// 5179//
f 5178// 5179// 5180//
f 5180// 5179// 5181//
f 5180// 5181// 5182//
f 5182// 5181// 5183//
f 5182// 5183// 5184//
f 5184// 5183// 5185//
f 5184// 5185// 5186//
f 5186// 5185// 5187//
f 5186// 5187// 5188//
f 5188// 5187// 5189//
f 5188// 5189// 5190//
f 5190// 5189// 5191//
f 5192// 5193// 5194//
f 5194// 5193// 5195//
f 5194// 5195// 5196//
f 5196// 5195// 5197//
f 5196// 5197// 5198//
f 5198// 5197// 5199//
f 5198// 5199// 5200//
f 5200// 5199// 5201//
f 5200// 5201// 5202//
f 5202// 5201// 5203//
f 5202// 5203// 5204//
f 5204// 5203// 5205//
f 5204// 5205// 5206//
f 5206// 5205// 5207//
f 5206// 5207// 5208//
f 5208// 5207// 5209//
f 5208// 5209// 5210//
f 5210// 5209// 5211//
f 5210// 5211// 5212//
f 5212// 5211// 5213//
f 5212// 5213// 5214//
f 5214// 5213// 5215//
f 5214// 5215// 5216//
f 5216// 5215// 5217//
f 5216// 5217// 5218//
f 5218// 5217// 5219//
f 5218// 5219// 5161//
f 5161// 5219// 5162//
f 5161// 5162// 460//
f 460// 5162// 277//
f 5191// 5189// 5193//
f 5193// 5189// 5195//
f 5190// 5191// 5192//
f 5192// 5191// 5193//
f 5188// 5190// 5194//
f 5194// 5190// 5192//
f 5188// 5194// 5186//
f 5186// 5194// 5196//
f 5186// 5196// 5184//
f 5184// 5196// 5198//
f 5184// 5198// 5182//
f 5182// 5198// 5200//
f 5182// 5200// 5180//
f 5180// 5200// 5202//
f 5180// 5202// 5178//
f 5178// 5202// 5204//
f 5178// 5204// 5176//
f 5176// 5204// 5206//
f 5174// 5176// 5208//
f 5208// 5176// 5206//
f 5174// 5208// 5210//
f 5174// 5210// 5172//
f 5172// 5210// 5212//
f 5172// 5212// 5170//
f 5170// 5212// 5214//
f 5170// 5214// 5168//
f 5168// 5214// 5216//
f 5168// 5216// 5166//
f 5166// 5216// 5218//
f 5166// 5218// 5164//
f 5164// 5218// 5161//
f 5164// 5161// 5160//
f 5163// 5162// 5165//
f 5165// 5162// 5219//
f 5165// 5219// 5167//
f 5167// 5219// 5217//
f 5167// 5217// 5169//
f 5169// 5217// 5215//
f 5169// 5215// 5171//
f 5171// 5215// 5213//
f 5171// 5213// 5173//
f 5173// 5213// 5211//
f 5173// 5211// 5175//
f 5175// 5211// 5209//
f 5177// 5175// 5207//
f 5207// 5175// 5209//
f 5177// 5207// 5205//
f 5177// 5205// 5179//
f 5179// 5205// 5203//
f 5179// 5203// 5181//
f 5181// 5203// 5201//
f 5181// 5201// 5183//
f 5183// 5201// 5199//
f 5183// 5199// 5185//
f 5185// 5199// 5197//
f 5185// 5197// 5187//
f 5187// 5197// 5195//
f 5187// 5195// 5189//
f 5220// 5221// 480//
f 480// 5221// 448//
f 275// 5222// 276//
f 276// 5222// 5223//
f 480// 276// 5220//
f 5220// 276// 5223//
f 5220// 5223// 5224//
f 5224// 5223// 5225//
f 5224// 5225// 5226//
f 5226// 5225// 5227//
f 5226// 5227// 5228//
f 5228// 5227// 5229//
f 5228// 5229// 5230//
f 5230// 5229// 5231//
f 5230// 5231// 5232//
f 5232// 5231// 5233//
f 5232// 5233// 5234//
f 5234// 5233// 5235//
f 5234// 5235// 5236//
f 5236// 5235// 5237//
f 5236// 5237// 5238//
f 5238// 5237// 5239//
f 5238// 5239// 5240//
f 5240// 5239// 5241//
f 5240// 5241// 5242//
f 5242// 5241// 5243//
f 5242// 5243// 5244//
f 5244// 5243// 5245//
f 5244// 5245// 5246//
f 5246// 5245// 5247//
f 5246// 5247// 5248//
f 5248// 5247// 5249//
f 5248// 5249// 5250//
f 5250// 5249// 5251//
f 5252// 5253// 5254//
f 5254// 5253// 5255//
f 5254// 5255// 5256//
f 5256// 5255// 5257//
f 5256// 5257// 5258//
f 5258// 5257// 5259//
f 5258// 5259// 5260//
f 5260// 5259// 5261//
f 5260// 5261// 5262//
f 5262// 5261// 5263//
f 5262// 5263// 5264//
f 5264// 5263// 5265//
f 5264// 5265// 5266//
f 5266// 5265// 5267//
f 5266// 5267// 5268//
f 5268// 5267// 5269//
f 5268// 5269// 5270//
f 5270// 5269// 5271//
f 5270// 5271// 5272//
f 5272// 5271// 5273//
f 5272// 5273// 5274//
f 5274// 5273// 5275//
f 5274// 5275// 5276//
f 5276// 5275// 5277//
f 5276// 5277// 5278//
f 5278// 5277// 5279//
f 5278// 5279// 5221//
f 5221// 5279// 5222//
f 5221// 5222// 448//
f 448// 5222// 275//
f 5251// 5249// 5253//
f 5253// 5249// 5255//
f 5250// 5251// 5252//
f 5252// 5251// 5253//
f 5248// 5250// 5254//
f 5254// 5250// 5252//
f 5248// 5254// 5246//
f 5246// 5254// 5256//
f 5246// 5256// 5244//
f 5244// 5256// 5258//
f 5244// 5258// 5242//
f 5242// 5258// 5260//
f 5242// 5260// 5240//
f 5240// 5260// 5262//
f 5240// 5262// 5238//
f 5238// 5262// 5264//
f 5238// 5264// 5236//
f 5236// 5264// 5266//
f 5234// 5236// 5268//
f 5268// 5236// 5266//
f 5234// 5268// 5270//
f 5234// 5270// 5232//
f 5232// 5270// 5272//
f 5232// 5272// 5230//
f 5230// 5272// 5274//
f 5230// 5274// 5228//
f 5228// 5274// 5276//
f 5228// 5276// 5226//
f 5226// 5276// 5278//
f 5226// 5278// 5224//
f 5224// 5278// 5221//
f 5224// 5221// 5220//
f 5223// 5222// 5225//
f 5225// 5222// 5279//
f 5225// 5279// 5227//
f 5227// 5279// 5277//
f 5227// 5277// 5229//
f 5229// 5277// 5275//
f 5229// 5275// 5231//
f 5231// 5275// 5273//
f 5231// 5273// 5233//
f 5233// 5273// 5271//
f 5233// 5271// 5235//
f 5235// 5271// 5269//
f 5237// 5235// 5267//
f 5267// 5235// 5269//
f 5237// 5267// 5265//
f 5237// 5265// 5239//
f 5239// 5265// 5263//
f 5239// 5263// 5241//
f 5241// 5263// 5261//
f 5241// 5261// 5243//
f 5243// 5261// 5259//
f 5243// 5259// 5245//
f 5245// 5259// 5257//
f 5245// 5257// 5247//
f 5247// 5257// 5255//
f 5247// 5255// 5249//
f 5280// 5281// 472//
f 472// 5281// 473//
f 273// 5282// 274//
f 274// 5282// 5283//
f 472// 274// 5280//
f 5280// 274// 5283//
f 5280// 5283// 5284//
f 5284// 5283// 5285//
f 5284// 5285// 5286//
f 5286// 5285// 5287//
f 5286// 5287// 5288//
f 5288// 5287// 5289//
f 5288// 5289// 5290//
f 5290// 5289// 5291//
f 5290// 5291// 5292//
f 5292// 5291// 5293//
f 5292// 5293// 5294//
f 5294// 5293// 5295//
f 5294// 5295// 5296//
f 5296// 5295// 5297//
f 5296// 5297// 5298//
f 5298// 5297// 5299//
f 5298// 5299// 5300//
f 5300// 5299// 5301//
f 5300// 5301// 5302//
f 5302// 5301// 5303//
f 5302// 5303// 5304//
f 5304// 5303// 5305//
f 5304// 5305// 5306//
f 5306// 5305// 5307//
f 5306// 5307// 5308//
f 5308// 5307// 5309//
f 5308// 5309// 5310//
f 5310// 5309// 5311//
f 5312// 5313// 5314//
f 5314// 5313// 5315//
f 5314// 5315// 5316//
f 5316// 5315// 5317//
f 5316// 5317// 5318//
f 5318// 5317// 5319//
f 5318// 5319// 5320//
f 5320// 5319// 5321//
f 5320// 5321// 5322//
f 5322// 5321// 5323//
f 5322// 5323// 5324//
f 5324// 5323// 5325//
f 5324// 5325// 5326//
f 5326// 5325// 5327//
f 5326// 5327// 5328//
f 5328// 5327// 5329//
f 5328// 5329// 5330//
f 5330// 5329// 5331//
f 5330// 5331// 5332//
f 5332// 5331// 5333//
f 5332// 5333// 5334//
f 5334// 5333// 5335//
f 5334// 5335// 5336//
f 5336// 5335// 5337//
f 5336// 5337// 5338//
f 5338// 5337// 5339//
f 5338// 5339// 5281//
f 5281// 5339// 5282//
f 5281// 5282// 473//
f 473// 5282// 273//
f 5311// 5309// 5313//
f 5313// 5309// 5315//
f 5310// 5311// 5312//
f 5312// 5311// 5313//
f 5308// 5310// 5314//
f 5314// 5310// 5312//
f 5308// 5314// 5306//
f 5306// 5314// 5316//
f 5306// 5316// 5304//
f 5304// 5316// 5318//
f 5304// 5318// 5302//
f 5302// 5318// 5320//
f 5302// 5320// 5300//
f 5300// 5320// 5322//
f 5300// 5322// 5298//
f 5298// 5322// 5324//
f 5298// 5324// 5296//
f 5296// 5324// 5326//
f 5294// 5296// 5328//
f 5328// 5296// 5326//
f 5294// 5328// 5330//
f 5294// 5330// 5292//
f 5292// 5330// 5332//
f 5292// 5332// 5290//
f 5290// 5332// 5334//
f 5290// 5334// 5288//
f 5288// 5334// 5336//
f 5288// 5336// 5286//
f 5286// 5336// 5338//
f 5286// 5338// 5284//
f 5284// 5338// 5281//
f 5284// 5281// 5280//
f 5283// 5282// 5285//
f 5285// 5282// 5339//
f 5285// 5339// 5287//
f 5287// 5339// 5337//
f 5287// 5337// 5289//
f 5289// 5337// 5335//
f 5289// 5335// 5291//
f 5291// 5335// 5333//
f 5291// 5333// 5293//
f 5293// 5333// 5331//
f 5293// 5331// 5295//
f 5295// 5331// 5329//
f 5297// 5295// 5327//
f 5327// 5295// 5329//
f 5297// 5327// 5325//
f 5297// 5325// 5299//
f 5299// 5325// 5323//
f 5299// 5323// 5301//
f 5301// 5323// 5321//
f 5301// 5321// 5303//
f 5303// 5321// 5319//
f 5303// 5319// 5305//
f 5305// 5319// 5317//
f 5305// 5317// 5307//
f 5307// 5317// 5315//
f 5307// 5315// 5309//
f 5340// 5341// 496//
f 496// 5341// 461//
f 271// 5342// 272//
f 272// 5342// 5343//
f 496// 272// 5340//
f 5340// 272// 5343//
f 5340// 5343// 5344//
f 5344// 5343// 5345//
f 5344// 5345// 5346//
f 5346// 5345// 5347//
f 5346// 5347// 5348//
f 5348// 5347// 5349//
f 5348// 5349// 5350//
f 5350// 5349// 5351//
f 5350// 5351// 5352//
f 5352// 5351// 5353//
f 5352// 5353// 5354//
f 5354// 5353// 5355//
f 5354// 5355// 5356//
f 5356// 5355// 5357//
f 5356// 5357// 5358//
f 5358// 5357// 5359//
f 5358// 5359// 5360//
f 5360// 5359// 5361//
f 5360// 5361// 5362//
f 5362// 5361// 5363//
f 5362// 5363// 5364//
f 5364// 5363// 5365//
f 5364// 5365// 5366//
f 5366// 5365// 5367//
f 5366// 5367// 5368//
f 5368// 5367// 5369//
f 5368// 5369// 5370//
f 5370// 5369// 5371//
f 5372// 5373// 5374//
f 5374// 5373// 5375//
f 5374// 5375// 5376//
f 5376// 5375// 5377//
f 5376// 5377// 5378//
f 5378// 5377// 5379//
f 5378// 5379// 5380//
f 5380// 5379// 5381//
f 5380// 5381// 5382//
f 5382// 5381// 5383//
f 5382// 5383// 5384//
f 5384// 5383// 5385//
f 5384// 5385// 5386//
f 5386// 5385// 5387//
f 5386// 5387// 5388//
f 5388// 5387// 5389//
f 5388// 5389// 5390//
f 5390// 5389// 5391//
f 5390// 5391// 5392//
f 5392// 5391// 5393//
f 5392// 5393// 5394//
f 5394// 5393// 5395//
f 5394// 5395// 5396//
f 5396// 5395// 5397//
f 5396// 5397// 5398//
f 5398// 5397// 5399//
f 5398// 5399// 5341//
f 5341// 5399// 5342//
f 5341// 5342// 461//
f 461// 5342// 271//
f 5371// 5369// 5373//
f 5373// 5369// 5375//
f 5370// 5371// 5372//
f 5372// 5371// 5373//
f 5368// 5370// 5374//
f 5374// 5370// 5372//
f 5368// 5374// 5366//
f 5366// 5374// 5376//
f 5366// 5376// 5364//
f 5364// 5376// 5378//
f 5364// 5378// 5362//
f 5362// 5378// 5380//
f 5362// 5380// 5360//
f 5360// 5380// 5382//
f 5360// 5382// 5358//
f 5358// 5382// 5384//
f 5358// 5384// 5356//
f 5356// 5384// 5386//
f 5354// 5356// 5388//
f 5388// 5356// 5386//
f 5354// 5388// 5390//
f 5354// 5390// 5352//
f 5352// 5390// 5392//
f 5352// 5392// 5350//
f 5350// 5392// 5394//
f 5350// 5394// 5348//
f 5348// 5394// 5396//
f 5348// 5396// 5346//
f 5346// 5396// 5398//
f 5346// 5398// 5344//
f 5344// 5398// 5341//
f 5344// 5341// 5340//
f 5343// 5342// 5345//
f 5345// 5342// 5399//
f 5345// 5399// 5347//
f 5347// 5399// 5397//
f 5347// 5397// 5349//
f 5349// 5397// 5395//
f 5349// 5395// 5351//
f 5351// 5395// 5393//
f 5351// 5393// 5353//
f 5353// 5393// 5391//
f 5353// 5391// 5355//
f 5355// 5391// 5389//
f 5357// 5355// 5387//
f 5387// 5355// 5389//
f 5357// 5387// 5385//
f 5357// 5385// 5359//
f 5359// 5385// 5383//
f 5359// 5383// 5361//
f 5361// 5383// 5381//
f 5361// 5381// 5363//
f 5363// 5381// 5379//
f 5363// 5379// 5365//
f 5365// 5379// 5377//
f 5365// 5377// 5367//
f 5367// 5377// 5375//
f 5367// 5375// 5369//
f 5400// 5401// 481//
f 481// 5401// 482//
f 269// 5402// 270//
f 270// 5402// 5403//
f 481// 270// 5400//
f 5400// 270// 5403//
f 5400// 5403// 5404//
f 5404// 5403// 5405//
f 5404// 5405// 5406//
f 5406// 5405// 5407//
f 5406// 5407// 5408//
f 5408// 5407// 5409//
f 5408// 5409// 5410//
f 5410// 5409// 5411//
f 5410// 5411// 5412//
f 5412// 5411// 5413//
f 5412// 5413// 5414//
f 5414// 5413// 5415//
f 5414// 5415// 5416//
f 5416// 5415// 5417//
f 5416// 5417// 5418//
f 5418// 5417// 5419//
f 5418// 5419// 5420//
f 5420// 5419// 5421//
f 5420// 5421// 5422//
f 5422// 5421// 5423//
f 5422// 5423// 5424//
f 5424// 5423// 5425//
f 5424// 5425// 5426//
f 5426// 5425// 5427//
f 5426// 5427// 5428//
f 5428// 5427// 5429//
f 5428// 5429// 5430//
f 5430// 5429// 5431//
f 5432// 5433// 5434//
f 5434// 5433// 5435//
f 5434// 5435// 5436//
f 5436// 5435// 5437//
f 5436// 5437// 5438//
f 5438// 5437// 5439//
f 5438// 5439// 5440//
f 5440// 5439// 5441//
f 5440// 5441// 5442//
f 5442// 5441// 5443//
f 5442// 5443// 5444//
f 5444// 5443// 5445//
f 5444// 5445// 5446//
f 5446// 5445// 5447//
f 5446// 5447// 5448//
f 5448// 5447// 5449//
f 5448// 5449// 5450//
f 5450// 5449// 5451//
f 5450// 5451// 5452//
f 5452// 5451// 5453//
f 5452// 5453// 5454//
f 5454// 5453// 5455//
f 5454// 5455// 5456//
f 5456// 5455// 5457//
f 5456// 5457// 5458//
f 5458// 5457// 5459//
f 5458// 5459// 5401//
f 5401// 5459// 5402//
f 5401// 5402// 482//
f 482// 5402// 269//
f 5431// 5429// 5433//
f 5433// 5429// 5435//
f 5430// 5431// 5432//
f 5432// 5431// 5433//
f 5428// 5430// 5434//
f 5434// 5430// 5432//
f 5428// 5434// 5426//
f 5426// 5434// 5436//
f 5426// 5436// 5424//
f 5424// 5436// 5438//
f 5424// 5438// 5422//
f 5422// 5438// 5440//
f 5422// 5440// 5420//
f 5420// 5440// 5442//
f 5420// 5442// 5418//
f 5418// 5442// 5444//
f 5418// 5444// 5416//
f 5416// 5444// 5446//
f 5414// 5416// 5448//
f 5448// 5416// 5446//
f 5414// 5448// 5450//
f 5414// 5450// 5412//
f 5412// 5450// 5452//
f 5412// 5452// 5410//
f 5410// 5452// 5454//
f 5410// 5454// 5408//
f 5408// 5454// 5456//
f 5408// 5456// 5406//
f 5406// 5456// 5458//
f 5406// 5458// 5404//
f 5404// 5458// 5401//
f 5404// 5401// 5400//
f 5403// 5402// 5405//
f 5405// 5402// 5459//
f 5405// 5459// 5407//
f 5407// 5459// 5457//
f 5407// 5457// 5409//
f 5409// 5457// 5455//
f 5409// 5455// 5411//
f 5411// 5455// 5453//
f 5411// 5453// 5413//
f 5413// 5453// 5451//
f 5413// 5451// 5415//
f 5415// 5451// 5449//
f 5417// 5415// 5447//
f 5447// 5415// 5449//
f 5417// 5447// 5445//
f 5417// 5445// 5419//
f 5419// 5445// 5443//
f 5419// 5443// 5421//
f 5421// 5443// 5441//
f 5421// 5441// 5423//
f 5423// 5441// 5439//
f 5423// 5439// 5425//
f 5425// 5439// 5437//
f 5425// 5437// 5427//
f 5427// 5437// 5435//
f 5427// 5435// 5429//
f 5460// 5461// 484//
f 484// 5461// 483//
f 267// 5462// 268//
f 268// 5462// 5463//
f 484// 268// 5460//
f 5460// 268// 5463//
f 5460// 5463// 5464//
f 5464// 5463// 5465//
f 5464// 5465// 5466//
f 5466// 5465// 5467//
f 5466// 5467// 5468//
f 5468// 5467// 5469//
f 5468// 5469// 5470//
f 5470// 5469// 5471//
f 5470// 5471// 5472//
f 5472// 5471// 5473//
f 5472// 5473// 5474//
f 5474// 5473// 5475//
f 5474// 5475// 5476//
f 5476// 5475// 5477//
f 5476// 5477// 5478//
f 5478// 5477// 5479//
f 5478// 5479// 5480//
f 5480// 5479// 5481//
f 5480// 5481// 5482//
f 5482// 5481// 5483//
f 5482// 5483// 5484//
f 5484// 5483// 5485//
f 5484// 5485// 5486//
f 5486// 5485// 5487//
f 5486// 5487// 5488//
f 5488// 5487// 5489//
f 5488// 5489// 5490//
f 5490// 5489// 5491//
f 5492// 5493// 5494//
f 5494// 5493// 5495//
f 5494// 5495// 5496//
f 5496// 5495// 5497//
f 5496// 5497// 5498//
f 5498// 5497// 5499//
f 5498// 5499// 5500//
f 5500// 5499// 5501//
f 5500// 5501// 5502//
f 5502// 5501// 5503//
f 5502// 5503// 5504//
f 5504// 5503// 5505//
f 5504// 5505// 5506//
f 5506// 5505// 5507//
f 5506// 5507// 5508//
f 5508// 5507// 5509//
f 5508// 5509// 5510//
f 5510// 5509// 5511//
f 5510// 5511// 5512//
f 5512// 5511// 5513//
f 5512// 5513// 5514//
f 5514// 5513// 5515//
f 5514// 5515// 5516//
f 5516// 5515// 5517//
f 5516// 5517// 5518//
f 5518// 5517// 5519//
f 5518// 5519// 5461//
f 5461// 5519// 5462//
f 5461// 5462// 483//
f 483// 5462// 267//
f 5491// 5489// 5493//
f 5493// 5489// 5495//
f 5490// 5491// 5492//
f 5492// 5491// 5493//
f 5488// 5490// 5494//
f 5494// 5490// 5492//
f 5488// 5494// 5486//
f 5486// 5494// 5496//
f 5486// 5496// 5484//
f 5484// 5496// 5498//
f 5484// 5498// 5482//
f 5482// 5498// 5500//
f 5482// 5500// 5480//
f 5480// 5500// 5502//
f 5480// 5502// 5478//
f 5478// 5502// 5504//
f 5478// 5504// 5476//
f 5476// 5504// 5506//
f 5474// 5476// 5508//
f 5508// 5476// 5506//
f 5474// 5508// 5510//
f 5474// 5510// 5472//
f 5472// 5510// 5512//
f 5472// 5512// 5470//
f 5470// 5512// 5514//
f 5470// 5514// 5468//
f 5468// 5514// 5516//
f 5468// 5516// 5466//
f 5466// 5516// 5518//
f 5466// 5518// 5464//
f 5464// 5518// 5461//
f 5464// 5461// 5460//
f 5463// 5462// 5465//
f 5465// 5462// 5519//
f 5465// 5519// 5467//
f 5467// 5519// 5517//
f 5467// 5517// 5469//
f 5469// 5517// 5515//
f 5469// 5515// 5471//
f 5471// 5515// 5513//
f 5471// 5513// 5473//
f 5473// 5513// 5511//
f 5473// 5511// 5475//
f 5475// 5511// 5509//
f 5477// 5475// 5507//
f 5507// 5475// 5509//
f 5477// 5507// 5505//
f 5477// 5505// 5479//
f 5479// 5505// 5503//
f 5479// 5503// 5481//
f 5481// 5503// 5501//
f 5481// 5501// 5483//
f 5483// 5501// 5499//
f 5483// 5499// 5485//
f 5485// 5499// 5497//
f 5485// 5497// 5487//
f 5487// 5497// 5495//
f 5487// 5495// 5489//
f 5520// 5521// 497//
f 497// 5521// 490//
f 265// 5522// 266//
f 266// 5522// 5523//
f 497// 266// 5520//
f 5520// 266// 5523//
f 5520// 5523// 5524//
f 5524// 5523// 5525//
f 5524// 5525// 5526//
f 5526// 5525// 5527//
f 5526// 5527// 5528//
f 5528// 5527// 5529//
f 5528// 5529// 5530//
f 5530// 5529// 5531//
f 5530// 5531// 5532//
f 5532// 5531// 5533//
f 5532// 5533// 5534//
f 5534// 5533// 5535//
f 5534// 5535// 5536//
f 5536// 5535// 5537//
f 5536// 5537// 5538//
f 5538// 5537// 5539//
f 5538// 5539// 5540//
f 5540// 5539// 5541//
f 5540// 5541// 5542//
f 5542// 5541// 5543//
f 5542// 5543// 5544//
f 5544// 5543// 5545//
f 5544// 5545// 5546//
f 5546// 5545// 5547//
f 5546// 5547// 5548//
f 5548// 5547// 5549//
f 5548// 5549// 5550//
f 5550// 5549// 5551//
f 5552// 5553// 5554//
f 5554// 5553// 5555//
f 5554// 5555// 5556//
f 5556// 5555// 5557//
f 5556// 5557// 5558//
f 5558// 5557// 5559//
f 5558// 5559// 5560//
f 5560// 5559// 5561//
f 5560// 5561// 5562//
f 5562// 5561// 5563//
f 5562// 5563// 5564//
f 5564// 5563// 5565//
f 5564// 5565// 5566//
f 5566// 5565// 5567//
f 5566// 5567// 5568//
f 5568// 5567// 5569//
f 5568// 5569// 5570//
f 5570// 5569// 5571//
f 5570// 5571// 5572//
f 5572// 5571// 5573//
f 5572// 5573// 5574//
f 5574// 5573// 5575//
f 5574// 5575// 5576//
f 5576// 5575// 5577//
f 5576// 5577// 5578//
f 5578// 5577// 5579//
f 5578// 5579// 5521//
f 5521// 5579// 5522//
f 5521// 5522// 490//
f 490// 5522// 265//
f 5551// 5549// 5553//
f 5553// 5549// 5555//
f 5550// 5551// 5552//
f 5552// 5551// 5553//
f 5548// 5550// 5554//
f 5554// 5550// 5552//
f 5548// 5554// 5546//
f 5546// 5554// 5556//
f 5546// 5556// 5544//
f 5544// 5556// 5558//
f 5544// 5558// 5542//
f 5542// 5558// 5560//
f 5542// 5560// 5540//
f 5540// 5560// 5562//
f 5540// 5562// 5538//
f 5538// 5562// 5564//
f 5538// 5564// 5536//
f 5536// 5564// 5566//
f 5534// 5536// 5568//
f 5568// 5536// 5566//
f 5534// 5568// 5570//
f 5534// 5570// 5532//
f 5532// 5570// 5572//
f 5532// 5572// 5530//
f 5530// 5572// 5574//
f 5530// 5574// 5528//
f 5528// 5574// 5576//
f 5528// 5576// 5526//
f 5526// 5576// 5578//
f 5526// 5578// 5524//
f 5524// 5578// 5521//
f 5524// 5521// 5520//
f 5523// 5522// 5525//
f 5525// 5522// 5579//
f 5525// 5579// 5527//
f 5527// 5579// 5577//
f 5527// 5577// 5529//
f 5529// 5577// 5575//
f 5529// 5575// 5531//
f 5531// 5575// 5573//
f 5531// 5573// 5533//
f 5533// 5573// 5571//
f 5533// 5571// 5535//
f 5535// 5571// 5569//
f 5537// 5535// 5567//
f 5567// 5535// 5569//
f 5537// 5567// 5565//
f 5537// 5565// 5539//
f 5539// 5565// 5563//
f 5539// 5563// 5541//
f 5541// 5563// 5561//
f 5541// 5561// 5543//
f 5543// 5561// 5559//
f 5543// 5559// 5545//
f 5545// 5559// 5557//
f 5545// 5557// 5547//
f 5547// 5557// 5555//
f 5547// 5555// 5549//
f 5580// 5581// 485//
f 485// 5581// 486//
f 263// 5582// 264//
f 264// 5582// 5583//
f 485// 264// 5580//
f 5580// 264// 5583//
f 5580// 5583// 5584//
f 5584// 5583// 5585//
f 5584// 5585// 5586//
f 5586// 5585// 5587//
f 5586// 5587// 5588//
f 5588// 5587// 5589//
f 5588// 5589// 5590//
f 5590// 5589// 5591//
f 5590// 5591// 5592//
f 5592// 5591// 5593//
f 5592// 5593// 5594//
f 5594// 5593// 5595//
f 5594// 5595// 5596//
f 5596// 5595// 5597//
f 5596// 5597// 5598//
f 5598// 5597// 5599//
f 5598// 5599// 5600//
f 5600// 5599// 5601//
f 5600// 5601// 5602//
f 5602// 5601// 5603//
f 5602// 5603// 5604//
f 5604// 5603// 5605//
f 5604// 5605// 5606//
f 5606// 5605// 5607//
f 5606// 5607// 5608//
f 5608// 5607// 5609//
f 5608// 5609// 5610//
f 5610// 5609// 5611//
f 5612// 5613// 5614//
f 5614// 5613// 5615//
f 5614// 5615// 5616//
f 5616// 5615// 5617//
f 5616// 5617// 5618//
f 5618// 5617// 5619//
f 5618// 5619// 5620//
f 5620// 5619// 5621//
f 5620// 5621// 5622//
f 5622// 5621// 5623//
f 5622// 5623// 5624//
f 5624// 5623// 5625//
f 5624// 5625// 5626//
f 5626// 5625// 5627//
f 5626// 5627// 5628//
f 5628// 5627// 5629//
f 5628// 5629// 5630//
f 5630// 5629// 5631//
f 5630// 5631// 5632//
f 5632// 5631// 5633//
f 5632// 5633// 5634//
f 5634// 5633// 5635//
f 5634// 5635// 5636//
f 5636// 5635// 5637//
f 5636// 5637// 5638//
f 5638// 5637// 5639//
f 5638// 5639// 5581//
f 5581// 5639// 5582//
f 5581// 5582// 486//
f 486// 5582// 263//
f 5611// 5609// 5613//
f 5613// 5609// 5615//
f 5610// 5611// 5612//
f 5612// 5611// 5613//
f 5608// 5610// 5614//
f 5614// 5610// 5612//
f 5608// 5614// 5606//
f 5606// 5614// 5616//
f 5606// 5616// 5604//
f 5604// 5616// 5618//
f 5604// 5618// 5602//
f 5602// 5618// 5620//
f 5602// 5620// 5600//
f 5600// 5620// 5622//
f 5600// 5622// 5598//
f 5598// 5622// 5624//
f 5598// 5624// 5596//
f 5596// 5624// 5626//
f 5594// 5596// 5628//
f 5628// 5596// 5626//
f 5594// 5628// 5630//
f 5594// 5630// 5592//
f 5592// 5630// 5632//
f 5592// 5632// 5590//
f 5590// 5632// 5634//
f 5590// 5634// 5588//
f 5588// 5634// 5636//
f 5588// 5636// 5586//
f 5586// 5636// 5638//
f 5586// 5638// 5584//
f 5584// 5638// 5581//
f 5584// 5581// 5580//
f 5583// 5582// 5585//
f 5585// 5582// 5639//
f 5585// 5639// 5587//
f 5587// 5639// 5637//
f 5587// 5637// 5589//
f 5589// 5637// 5635//
f 5589// 5635// 5591//
f 5591// 5635// 5633//
f 5591// 5633// 5593//
f 5593// 5633// 5631//
f 5593// 5631// 5595//
f 5595// 5631// 5629//
f 5597// 5595// 5627//
f 5627// 5595// 5629//
f 5597// 5627// 5625//
f 5597// 5625// 5599//
f 5599// 5625// 5623//
f 5599// 5623// 5601//
f 5601// 5623// 5621//
f 5601// 5621// 5603//
f 5603// 5621// 5619//
f 5603// 5619// 5605//
f 5605// 5619// 5617//
f 5605// 5617// 5607//
f 5607// 5617// 5615//
f 5607// 5615// 5609//
f 5640// 5641// 498//
f 498// 5641// 444//
f 261// 5642// 262//
f 262// 5642// 5643//
f 498// 262// 5640//
f 5640// 262// 5643//
f 5640// 5643// 5644//
f 5644// 5643// 5645//
f 5644// 5645// 5646//
f 5646// 5645// 5647//
f 5646// 5647// 5648//
f 5648// 5647// 5649//
f 5648// 5649// 5650//
f 5650// 5649// 5651//
f 5650// 5651// 5652//
f 5652// 5651// 5653//
f 5652// 5653// 5654//
f 5654// 5653// 5655//
f 5654// 5655// 5656//
f 5656// 5655// 5657//
f 5656// 5657// 5658//
f 5658// 5657// 5659//
f 5658// 5659// 5660//
f 5660// 5659// 5661//
f 5660// 5661// 5662//
f 5662// 5661// 5663//
f 5662// 5663// 5664//
f 5664// 5663// 5665//
f 5664// 5665// 5666//
f 5666// 5665// 5667//
f 5666// 5667// 5668//
f 5668// 5667// 5669//
f 5668// 5669// 5670//
f 5670// 5669// 5671//
f 5672// 5673// 5674//
f 5674// 5673// 5675//
f 5674// 5675// 5676//
f 5676// 5675// 5677//
f 5676// 5677// 5678//
f 5678// 5677// 5679//
f 5678// 5679// 5680//
f 5680// 5679// 5681//
f 5680// 5681// 5682//
f 5682// 5681// 5683//
f 5682// 5683// 5684//
f 5684// 5683// 5685//
f 5684// 5685// 5686//
f 5686// 5685// 5687//
f 5686// 5687// 5688//
f 5688// 5687// 5689//
f 5688// 5689// 5690//
f 5690// 5689// 5691//
f 5690// 5691// 5692//
f 5692// 5691// 5693//
f 5692// 5693// 5694//
f 5694// 5693// 5695//
f 5694// 5695// 5696//
f 5696// 5695// 5697//
f 5696// 5697// 5698//
f 5698// 5697// 5699//
f 5698// 5699// 5641//
f 5641// 5699// 5642//
f 5641// 5642// 444//
f 444// 5642// 261//
f 5671// 5669// 5673//
f 5673// 5669// 5675//
f 5670// 5671// 5672//
f 5672// 5671// 5673//
f 5668// 5670// 5674//
f 5674// 5670// 5672//
f 5668// 5674// 5666//
f 5666// 5674// 5676//
f 5666// 5676// 5664//
f 5664// 5676// 5678//
f 5664// 5678// 5662//
f 5662// 5678// 5680//
f 5662// 5680// 5660//
f 5660// 5680// 5682//
f 5660// 5682// 5658//
f 5658// 5682// 5684//
f 5658// 5684// 5656//
f 5656// 5684// 5686//
f 5654// 5656// 5688//
f 5688// 5656// 5686//
f 5654// 5688// 5690//
f 5654// 5690// 5652//
f 5652// 5690// 5692//
f 5652// 5692// 5650//
f 5650// 5692// 5694//
f 5650// 5694// 5648//
f 5648// 5694// 5696//
f 5648// 5696// 5646//
f 5646// 5696// 5698//
f 5646// 5698// 5644//
f 5644// 5698// 5641//
f 5644// 5641// 5640//
f 5643// 5642// 5645//
f 5645// 5642// 5699//
f 5645// 5699// 5647//
f 5647// 5699// 5697//
f 5647// 5697// 5649//
f 5649// 5697// 5695//
f 5649// 5695// 5651//
f 5651// 5695// 5693//
f 5651// 5693// 5653//
f 5653// 5693// 5691//
f 5653// 5691// 5655//
f 5655// 5691// 5689//
f 5657// 5655// 5687//
f 5687// 5655// 5689//
f 5657// 5687// 5685//
f 5657// 5685// 5659//
f 5659// 5685// 5683//
f 5659// 5683// 5661//
f 5661// 5683// 5681//
f 5661// 5681// 5663//
f 5663// 5681// 5679//
f 5663// 5679// 5665//
f 5665// 5679// 5677//
f 5665// 5677// 5667//
f 5667// 5677// 5675//
f 5667// 5675// 5669//
f 5700// 5701// 440//
f 440// 5701// 441//
f 258// 5702// 259//
f 259// 5702// 5703//
f 440// 259// 5700//
f 5700// 259// 5703//
f 5700// 5703// 5704//
f 5704// 5703// 5705//
f 5704// 5705// 5706//
f 5706// 5705// 5707//
f 5706// 5707// 5708//
f 5708// 5707// 5709//
f 5708// 5709// 5710//
f 5710// 5709// 5711//
f 5710// 5711// 5712//
f 5712// 5711// 5713//
f 5712// 5713// 5714//
f 5714// 5713// 5715//
f 5714// 5715// 5716//
f 5716// 5715// 5717//
f 5716// 5717// 5718//
f 5718// 5717// 5719//
f 5718// 5719// 5720//
f 5720// 5719// 5721//
f 5720// 5721// 5722//
f 5722// 5721// 5723//
f 5722// 5723// 5724//
f 5724// 5723// 5725//
f 5724// 5725// 5726//
f 5726// 5725// 5727//
f 5726// 5727// 5728//
f 5728// 5727// 5729//
f 5728// 5729// 5730//
f 5730// 5729// 5731//
f 5732// 5733// 5734//
f 5734// 5733// 5735//
f 5734// 5735// 5736//
f 5736// 5735// 5737//
f 5736// 5737// 5738//
f 5738// 5737// 5739//
f 5738// 5739// 5740//
f 5740// 5739// 5741//
f 5740// 5741// 5742//
f 5742// 5741// 5743//
f 5742// 5743// 5744//
f 5744// 5743// 5745//
f 5744// 5745// 5746//
f 5746// 5745// 5747//
f 5746// 5747// 5748//
f 5748// 5747// 5749//
f 5748// 5749// 5750//
f 5750// 5749// 5751//
f 5750// 5751// 5752//
f 5752// 5751// 5753//
f 5752// 5753// 5754//
f 5754// 5753// 5755//
f 5754// 5755// 5756//
f 5756// 5755// 5757//
f 5756// 5757// 5758//
f 5758// 5757// 5759//
f 5758// 5759// 5701//
f 5701// 5759// 5702//
f 5701// 5702// 441//
f 441// 5702// 258//
f 5731// 5729// 5733//
f 5733// 5729// 5735//
f 5730// 5731// 5732//
f 5732// 5731// 5733//
f 5728// 5730// 5734//
f 5734// 5730// 5732//
f 5728// 5734// 5726//
f 5726// 5734// 5736//
f 5726// 5736// 5724//
f 5724// 5736// 5738//
f 5724// 5738// 5722//
f 5722// 5738// 5740//
f 5722// 5740// 5720//
f 5720// 5740// 5742//
f 5720// 5742// 5718//
f 5718// 5742// 5744//
f 5718// 5744// 5716//
f 5716// 5744// 5746//
f 5714// 5716// 5748//
f 5748// 5716// 5746//
f 5714// 5748// 5750//
f 5714// 5750// 5712//
f 5712// 5750// 5752//
f 5712// 5752// 5710//
f 5710// 5752// 5754//
f 5710// 5754// 5708//
f 5708// 5754// 5756//
f 5708// 5756// 5706//
f 5706// 5756// 5758//
f 5706// 5758// 5704//
f 5704// 5758// 5701//
f 5704// 5701// 5700//
f 5703// 5702// 5705//
f 5705// 5702// 5759//
f 5705// 5759// 5707//
f 5707// 5759// 5757//
f 5707// 5757// 5709//
f 5709// 5757// 5755//
f 5709// 5755// 5711//
f 5711// 5755// 5753//
f 5711// 5753// 5713//
f 5713// 5753// 5751//
f 5713// 5751// 5715//
f 5715// 5751// 5749//
f 5717// 5715// 5747//
f 5747// 5715// 5749//
f 5717// 5747// 5745//
f 5717// 5745// 5719//
f 5719// 5745// 5743//
f 5719// 5743// 5721//
f 5721// 5743// 5741//
f 5721// 5741// 5723//
f 5723// 5741// 5739//
f 5723// 5739// 5725//
f 5725// 5739// 5737//
f 5725// 5737// 5727//
f 5727// 5737// 5735//
f 5727// 5735// 5729//
f 5760// 5761// 453//
f 453// 5761// 449//
f 256// 5762// 257//
f 257// 5762// 5763//
f 453// 257// 5760//
f 5760// 257// 5763//
f 5760// 5763// 5764//
f 5764// 5763// 5765//
f 5764// 5765// 5766//
f 5766// 5765// 5767//
f 5766// 5767// 5768//
f 5768// 5767// 5769//
f 5768// 5769// 5770//
f 5770// 5769// 5771//
f 5770// 5771// 5772//
f 5772// 5771// 5773//
f 5772// 5773// 5774//
f 5774// 5773// 5775//
f 5774// 5775// 5776//
f 5776// 5775// 5777//
f 5776// 5777// 5778//
f 5778// 5777// 5779//
f 5778// 5779// 5780//
f 5780// 5779// 5781//
f 5780// 5781// 5782//
f 5782// 5781// 5783//
f 5782// 5783// 5784//
f 5784// 5783// 5785//
f 5784// 5785// 5786//
f 5786// 5785// 5787//
f 5786// 5787// 5788//
f 5788// 5787// 5789//
f 5788// 5789// 5790//
f 5790// 5789// 5791//
f 5792// 5793// 5794//
f 5794// 5793// 5795//
f 5794// 5795// 5796//
f 5796// 5795// 5797//
f 5796// 5797// 5798//
f 5798// 5797// 5799//
f 5798// 5799// 5800//
f 5800// 5799// 5801//
f 5800// 5801// 5802//
f 5802// 5801// 5803//
f 5802// 5803// 5804//
f 5804// 5803// 5805//
f 5804// 5805// 5806//
f 5806// 5805// 5807//
f 5806// 5807// 5808//
f 5808// 5807// 5809//
f 5808// 5809// 5810//
f 5810// 5809// 5811//
f 5810// 5811// 5812//
f 5812// 5811// 5813//
f 5812// 5813// 5814//
f 5814// 5813// 5815//
f 5814// 5815// 5816//
f 5816// 5815// 5817//
f 5816// 5817// 5818//
f 5818// 5817// 5819//
f 5818// 5819// 5761//
f 5761// 5819// 5762//
f 5761// 5762// 449//
f 449// 5762// 256//
f 5791// 5789// 5793//
f 5793// 5789// 5795//
f 5790// 5791// 5792//
f 5792// 5791// 5793//
f 5788// 5790// 5794//
f 5794// 5790// 5792//
f 5788// 5794// 5786//
f 5786// 5794// 5796//
f 5786// 5796// 5784//
f 5784// 5796// 5798//
f 5784// 5798// 5782//
f 5782// 5798// 5800//
f 5782// 5800// 5780//
f 5780// 5800// 5802//
f 5780// 5802// 5778//
f 5778// 5802// 5804//
f 5778// 5804// 5776//
f 5776// 5804// 5806//
f 5774// 5776// 5808//
f 5808// 5776// 5806//
f 5774// 5808// 5810//
f 5774// 5810// 5772//
f 5772// 5810// 5812//
f 5772// 5812// 5770//
f 5770// 5812// 5814//
f 5770// 5814// 5768//
f 5768// 5814// 5816//
f 5768// 5816// 5766//
f 5766// 5816// 5818//
f 5766// 5818// 5764//
f 5764// 5818// 5761//
f 5764// 5761// 5760//
f 5763// 5762// 5765//
f 5765// 5762// 5819//
f 5765// 5819// 5767//
f 5767// 5819// 5817//
f 5767// 5817// 5769//
f 5769// 5817// 5815//
f 5769// 5815// 5771//
f 5771// 5815// 5813//
f 5771// 5813// 5773//
f 5773// 5813// 5811//
f 5773// 5811// 5775//
f 5775// 5811// 5809//
f 5777// 5775// 5807//
f 5807// 5775// 5809//
f 5777// 5807// 5805//
f 5777// 5805// 5779//
f 5779// 5805// 5803//
f 5779// 5803// 5781//
f 5781// 5803// 5801//
f 5781// 5801// 5783//
f 5783// 5801// 5799//
f 5783// 5799// 5785//
f 5785// 5799// 5797//
f 5785// 5797// 5787//
f 5787// 5797// 5795//
f 5787// 5795// 5789//
f 5820// 5821// 445//
f 445// 5821// 446//
f 254// 5822// 255//
f 255// 5822// 5823//
f 445// 255// 5820//
f 5820// 255// 5823//
f 5820// 5823// 5824//
f 5824// 5823// 5825//
f 5824// 5825// 5826//
f 5826// 5825// 5827//
f 5826// 5827// 5828//
f 5828// 5827// 5829//
f 5828// 5829// 5830//
f 5830// 5829// 5831//
f 5830// 5831// 5832//
f 5832// 5831// 5833//
f 5832// 5833// 5834//
f 5834// 5833// 5835//
f 5834// 5835// 5836//
f 5836// 5835// 5837//
f 5836// 5837// 5838//
f 5838// 5837// 5839//
f 5838// 5839// 5840//
f 5840// 5839// 5841//
f 5840// 5841// 5842//
f 5842// 5841// 5843//
f 5842// 5843// 5844//
f 5844// 5843// 5845//
f 5844// 5845// 5846//
f 5846// 5845// 5847//
f 5846// 5847// 5848//
f 5848// 5847// 5849//
f 5848// 5849// 5850//
f 5850// 5849// 5851//
f 5852// 5853// 5854//
f 5854// 5853// 5855//
f 5854// 5855// 5856//
f 5856// 5855// 5857//
f 5856// 5857// 5858//
f 5858// 5857// 5859//
f 5858// 5859// 5860//
f 5860// 5859// 5861//
f 5860// 5861// 5862//
f 5862// 5861// 5863//
f 5862// 5863// 5864//
f 5864// 5863// 5865//
f 5864// 5865// 5866//
f 5866// 5865// 5867//
f 5866// 5867// 5868//
f 5868// 5867// 5869//
f 5868// 5869// 5870//
f 5870// 5869// 5871//
f 5870// 5871// 5872//
f 5872// 5871// 5873//
f 5872// 5873// 5874//
f 5874// 5873// 5875//
f 5874// 5875// 5876//
f 5876// 5875// 5877//
f 5876// 5877// 5878//
f 5878// 5877// 5879//
f 5878// 5879// 5821//
f 5821// 5879// 5822//
f 5821// 5822// 446//
f 446// 5822// 254//
f 5851// 5849// 5853//
f 5853// 5849// 5855//
f 5850// 5851// 5852//
f 5852// 5851// 5853//
f 5848// 5850// 5854//
f 5854// 5850// 5852//
f 5848// 5854// 5846//
f 5846// 5854// 5856//
f 5846// 5856// 5844//
f 5844// 5856// 5858//
f 5844// 5858// 5842//
f 5842// 5858// 5860//
f 5842// 5860// 5840//
f 5840// 5860// 5862//
f 5840// 5862// 5838//
f 5838// 5862// 5864//
f 5838// 5864// 5836//
f 5836// 5864// 5866//
f 5834// 5836// 5868//
f 5868// 5836// 5866//
f 5834// 5868// 5870//
f 5834// 5870// 5832//
f 5832// 5870// 5872//
f 5832// 5872// 5830//
f 5830// 5872// 5874//
f 5830// 5874// 5828//
f 5828// 5874// 5876//
f 5828// 5876// 5826//
f 5826// 5876// 5878//
f 5826// 5878// 5824//
f 5824// 5878// 5821//
f 5824// 5821// 5820//
f 5823// 5822// 5825//
f 5825// 5822// 5879//
f 5825// 5879// 5827//
f 5827// 5879// 5877//
f 5827// 5877// 5829//
f 5829// 5877// 5875//
f 5829// 5875// 5831//
f 5831// 5875// 5873//
f 5831// 5873// 5833//
f 5833// 5873// 5871//
f 5833// 5871// 5835//
f 5835// 5871// 5869//
f 5837// 5835// 5867//
f 5867// 5835// 5869//
f 5837// 5867// 5865//
f 5837// 5865// 5839//
f 5839// 5865// 5863//
f 5839// 5863// 5841//
f 5841// 5863// 5861//
f 5841// 5861// 5843//
f 5843// 5861// 5859//
f 5843// 5859// 5845//
f 5845// 5859// 5857//
f 5845// 5857// 5847//
f 5847// 5857// 5855//
f 5847// 5855// 5849//
f 5880// 5881// 466//
f 466// 5881// 462//
f 252// 5882// 253//
f 253// 5882// 5883//
f 466// 253// 5880//
f 5880// 253// 5883//
f 5880// 5883// 5884//
f 5884// 5883// 5885//
f 5884// 5885// 5886//
f 5886// 5885// 5887//
f 5886// 5887// 5888//
f 5888// 5887// 5889//
f 5888// 5889// 5890//
f 5890// 5889// 5891//
f 5890// 5891// 5892//
f 5892// 5891// 5893//
f 5892// 5893// 5894//
f 5894// 5893// 5895//
f 5894// 5895// 5896//
f 5896// 5895// 5897//
f 5896// 5897// 5898//
f 5898// 5897// 5899//
f 5898// 5899// 5900//
f 5900// 5899// 5901//
f 5900// 5901// 5902//
f 5902// 5901// 5903//
f 5902// 5903// 5904//
f 5904// 5903// 5905//
f 5904// 5905// 5906//
f 5906// 5905// 5907//
f 5906// 5907// 5908//
f 5908// 5907// 5909//
f 5908// 5909// 5910//
f 5910// 5909// 5911//
f 5912// 5913// 5914//
f 5914// 5913// 5915//
f 5914// 5915// 5916//
f 5916// 5915// 5917//
f 5916// 5917// 5918//
f 5918// 5917// 5919//
f 5918// 5919// 5920//
f 5920// 5919// 5921//
f 5920// 5921// 5922//
f 5922// 5921// 5923//
f 5922// 5923// 5924//
f 5924// 5923// 5925//
f 5924// 5925// 5926//
f 5926// 5925// 5927//
f 5926// 5927// 5928//
f 5928// 5927// 5929//
f 5928// 5929// 5930//
f 5930// 5929// 5931//
f 5930// 5931// 5932//
f 5932// 5931// 5933//
f 5932// 5933// 5934//
f 5934// 5933// 5935//
f 5934// 5935// 5936//
f 5936// 5935// 5937//
f 5936// 5937// 5938//
f 5938// 5937// 5939//
f 5938// 5939// 5881//
f 5881// 5939// 5882//
f 5881// 5882// 462//
f 462// 5882// 252//
f 5911// 5909// 5913//
f 5913// 5909// 5915//
f 5910// 5911// 5912//
f 5912// 5911// 5913//
f 5908// 5910// 5914//
f 5914// 5910// 5912//
f 5908// 5914// 5906//
f 5906// 5914// 5916//
f 5906// 5916// 5904//
f 5904// 5916// 5918//
f 5904// 5918// 5902//
f 5902// 5918// 5920//
f 5902// 5920// 5900//
f 5900// 5920// 5922//
f 5900// 5922// 5898//
f 5898// 5922// 5924//
f 5898// 5924// 5896//
f 5896// 5924// 5926//
f 5894// 5896// 5928//
f 5928// 5896// 5926//
f 5894// 5928// 5930//
f 5894// 5930// 5892//
f 5892// 5930// 5932//
f 5892// 5932// 5890//
f 5890// 5932// 5934//
f 5890// 5934// 5888//
f 5888// 5934// 5936//
f 5888// 5936// 5886//
f 5886// 5936// 5938//
f 5886// 5938// 5884//
f 5884// 5938// 5881//
f 5884// 5881// 5880//
f 5883// 5882// 5885//
f 5885// 5882// 5939//
f 5885// 5939// 5887//
f 5887// 5939// 5937//
f 5887// 5937// 5889//
f 5889// 5937// 5935//
f 5889// 5935// 5891//
f 5891// 5935// 5933//
f 5891// 5933// 5893//
f 5893// 5933// 5931//
f 5893// 5931// 5895//
f 5895// 5931// 5929//
f 5897// 5895// 5927//
f 5927// 5895// 5929//
f 5897// 5927// 5925//
f 5897// 5925// 5899//
f 5899// 5925// 5923//
f 5899// 5923// 5901//
f 5901// 5923// 5921//
f 5901// 5921// 5903//
f 5903// 5921// 5919//
f 5903// 5919// 5905//
f 5905// 5919// 5917//
f 5905// 5917// 5907//
f 5907// 5917// 5915//
f 5907// 5915// 5909//
f 5940// 5941// 454//
f 454// 5941// 455//
f 250// 5942// 251//
f 251// 5942// 5943//
f 454// 251// 5940//
f 5940// 251// 5943//
f 5940// 5943// 5944//
f 5944// 5943// 5945//
f 5944// 5945// 5946//
f 5946// 5945// 5947//
f 5946// 5947// 5948//
f 5948// 5947// 5949//
f 5948// 5949// 5950//
f 5950// 5949// 5951//
f 5950// 5951// 5952//
f 5952// 5951// 5953//
f 5952// 5953// 5954//
f 5954// 5953// 5955//
f 5954// 5955// 5956//
f 5956// 5955// 5957//
f 5956// 5957// 5958//
f 5958// 5957// 5959//
f 5958// 5959// 5960//
f 5960// 5959// 5961//
f 5960// 5961// 5962//
f 5962// 5961// 5963//
f 5962// 5963// 5964//
f 5964// 5963// 5965//
f 5964// 5965// 5966//
f 5966// 5965// 5967//
f 5966// 5967// 5968//
f 5968// 5967// 5969//
f 5968// 5969// 5970//
f 5970// 5969// 5971//
f 5972// 5973// 5974//
f 5974// 5973// 5975//
f 5974// 5975// 5976//
f 5976// 5975// 5977//
f 5976// 5977// 5978//
f 5978// 5977// 5979//
f 5978// 5979// 5980//
f 5980// 5979// 5981//
f 5980// 5981// 5982//
f 5982// 5981// 5983//
f 5982// 5983// 5984//
f 5984// 5983// 5985//
f 5984// 5985// 5986//
f 5986// 5985// 5987//
f 5986// 5987// 5988//
f 5988// 5987// 5989//
f 5988// 5989// 5990//
f 5990// 5989// 5991//
f 5990// 5991// 5992//
f 5992// 5991// 5993//
f 5992// 5993// 5994//
f 5994// 5993// 5995//
f 5994// 5995// 5996//
f 5996// 5995// 5997//
f 5996// 5997// 5998//
f 5998// 5997// 5999//
f 5998// 5999// 5941//
f 5941// 5999// 5942//
f 5941// 5942// 455//
f 455// 5942// 250//
f 5971// 5969// 5973//
f 5973// 5969// 5975//
f 5970// 5971// 5972//
f 5972// 5971// 5973//
f 5968// 5970// 5974//
f 5974// 5970// 5972//
f 5968// 5974// 5966//
f 5966// 5974// 5976//
f 5966// 5976// 5964//
f 5964// 5976// 5978//
f 5964// 5978// 5962//
f 5962// 5978// 5980//
f 5962// 5980// 5960//
f 5960// 5980// 5982//
f 5960// 5982// 5958//
f 5958// 5982// 5984//
f 5958// 5984// 5956//
f 5956// 5984// 5986//
f 5954// 5956// 5988//
f 5988// 5956// 5986//
f 5954// 5988// 5990//
f 5954// 5990// 5952//
f 5952// 5990// 5992//
f 5952// 5992// 5950//
f 5950// 5992// 5994//
f 5950// 5994// 5948//
f 5948// 5994// 5996//
f 5948// 5996// 5946//
f 5946// 5996// 5998//
f 5946// 5998// 5944//
f 5944// 5998// 5941//
f 5944// 5941// 5940//
f 5943// 5942// 5945//
f 5945// 5942// 5999//
f 5945// 5999// 5947//
f 5947// 5999// 5997//
f 5947// 5997// 5949//
f 5949// 5997// 5995//
f 5949// 5995// 5951//
f 5951// 5995// 5993//
f 5951// 5993// 5953//
f 5953// 5993// 5991//
f 5953// 5991// 5955//
f 5955// 5991// 5989//
f 5957// 5955// 5987//
f 5987// 5955// 5989//
f 5957// 5987// 5985//
f 5957// 5985// 5959//
f 5959// 5985// 5983//
f 5959// 5983// 5961//
f 5961// 5983// 5981//
f 5961// 5981// 5963//
f 5963// 5981// 5979//
f 5963// 5979// 5965//
f 5965// 5979// 5977//
f 5965// 5977// 5967//
f 5967// 5977// 5975//
f 5967// 5975// 5969//
f 6000// 6001// 475//
f 475// 6001// 474//
f 248// 6002// 249//
f 249// 6002// 6003//
f 475// 249// 6000//
f 6000// 249// 6003//
f 6000// 6003// 6004//
f 6004// 6003// 6005//
f 6004// 6005// 6006//
f 6006// 6005// 6007//
f 6006// 6007// 6008//
f 6008// 6007// 6009//
f 6008// 6009// 6010//
f 6010// 6009// 6011//
f 6010// 6011// 6012//
f 6012// 6011// 6013//
f 6012// 6013// 6014//
f 6014// 6013// 6015//
f 6014// 6015// 6016//
f 6016// 6015// 6017//
f 6016// 6017// 6018//
f 6018// 6017// 6019//
f 6018// 6019// 6020//
f 6020// 6019// 6021//
f 6020// 6021// 6022//
f 6022// 6021// 6023//
f 6022// 6023// 6024//
f 6024// 6023// 6025//
f 6024// 6025// 6026//
f 6026// 6025// 6027//
f 6026// 6027// 6028//
f 6028// 6027// 6029//
f 6028// 6029// 6030//
f 6030// 6029// 6031//
f 6032// 6033// 6034//
f 6034// 6033// 6035//
f 6034// 6035// 6036//
f 6036// 6035// 6037//
f 6036// 6037// 6038//
f 6038// 6037// 6039//
f 6038// 6039// 6040//
f 6040// 6039// 6041//
f 6040// 6041// 6042//
f 6042// 6041// 6043//
f 6042// 6043// 6044//
f 6044// 6043// 6045//
f 6044// 6045// 6046//
f 6046// 6045// 6047//
f 6046// 6047// 6048//
f 6048// 6047// 6049//
f 6048// 6049// 6050//
f 6050// 6049// 6051//
f 6050// 6051// 6052//
f 6052// 6051// 6053//
f 6052// 6053// 6054//
f 6054// 6053// 6055//
f 6054// 6055// 6056//
f 6056// 6055// 6057//
f 6056// 6057// 6058//
f 6058// 6057// 6059//
f 6058// 6059// 6001//
f 6001// 6059// 6002//
f 6001// 6002// 474//
f 474// 6002// 248//
f 6031// 6029// 6033//
f 6033// 6029// 6035//
f 6030// 6031// 6032//
f 6032// 6031// 6033//
f 6028// 6030// 6034//
f 6034// 6030// 6032//
f 6028// 6034// 6026//
f 6026// 6034// 6036//
f 6026// 6036// 6024//
f 6024// 6036// 6038//
f 6024// 6038// 6022//
f 6022// 6038// 6040//
f 6022// 6040// 6020//
f 6020// 6040// 6042//
f 6020// 6042// 6018//
f 6018// 6042// 6044//
f 6018// 6044// 6016//
f 6016// 6044// 6046//
f 6014// 6016// 6048//
f 6048// 6016// 6046//
f 6014// 6048// 6050//
f 6014// 6050// 6012//
f 6012// 6050// 6052//
f 6012// 6052// 6010//
f 6010// 6052// 6054//
f 6010// 6054// 6008//
f 6008// 6054// 6056//
f 6008// 6056// 6006//
f 6006// 6056// 6058//
f 6006// 6058// 6004//
f 6004// 6058// 6001//
f 6004// 6001// 6000//
f 6003// 6002// 6005//
f 6005// 6002// 6059//
f 6005// 6059// 6007//
f 6007// 6059// 6057//
f 6007// 6057// 6009//
f 6009// 6057// 6055//
f 6009// 6055// 6011//
f 6011// 6055// 6053//
f 6011// 6053// 6013//
f 6013// 6053// 6051//
f 6013// 6051// 6015//
f 6015// 6051// 6049//
f 6017// 6015// 6047//
f 6047// 6015// 6049//
f 6017// 6047// 6045//
f 6017// 6045// 6019//
f 6019// 6045// 6043//
f 6019// 6043// 6021//
f 6021// 6043// 6041//
f 6021// 6041// 6023//
f 6023// 6041// 6039//
f 6023// 6039// 6025//
f 6025// 6039// 6037//
f 6025// 6037// 6027//
f 6027// 6037// 6035//
f 6027// 6035// 6029//
f 6060// 6061// 467//
f 467// 6061// 468//
f 246// 6062// 247//
f 247// 6062// 6063//
f 467// 247// 6060//
f 6060// 247// 6063//
f 6060// 6063// 6064//
f 6064// 6063// 6065//
f 6064// 6065// 6066//
f 6066// 6065// 6067//
f 6066// 6067// 6068//
f 6068// 6067// 6069//
f 6068// 6069// 6070//
f 6070// 6069// 6071//
f 6070// 6071// 6072//
f 6072// 6071// 6073//
f 6072// 6073// 6074//
f 6074// 6073// 6075//
f 6074// 6075// 6076//
f 6076// 6075// 6077//
f 6076// 6077// 6078//
f 6078// 6077// 6079//
f 6078// 6079// 6080//
f 6080// 6079// 6081//
f 6080// 6081// 6082//
f 6082// 6081// 6083//
f 6082// 6083// 6084//
f 6084// 6083// 6085//
f 6084// 6085// 6086//
f 6086// 6085// 6087//
f 6086// 6087// 6088//
f 6088// 6087// 6089//
f 6088// 6089// 6090//
f 6090// 6089// 6091//
f 6092// 6093// 6094//
f 6094// 6093// 6095//
f 6094// 6095// 6096//
f 6096// 6095// 6097//
f 6096// 6097// 6098//
f 6098// 6097// 6099//
f 6098// 6099// 6100//
f 6100// 6099// 6101//
f 6100// 6101// 6102//
f 6102// 6101// 6103//
f 6102// 6103// 6104//
f 6104// 6103// 6105//
f 6104// 6105// 6106//
f 6106// 6105// 6107//
f 6106// 6107// 6108//
f 6108// 6107// 6109//
f 6108// 6109// 6110//
f 6110// 6109// 6111//
f 6110// 6111// 6112//
f 6112// 6111// 6113//
f 6112// 6113// 6114//
f 6114// 6113// 6115//
f 6114// 6115// 6116//
f 6116// 6115// 6117//
f 6116// 6117// 6118//
f 6118// 6117// 6119//
f 6118// 6119// 6061//
f 6061// 6119// 6062//
f 6061// 6062// 468//
f 468// 6062// 246//
f 6091// 6089// 6093//
f 6093// 6089// 6095//
f 6090// 6091// 6092//
f 6092// 6091// 6093//
f 6088// 6090// 6094//
f 6094// 6090// 6092//
f 6088// 6094// 6086//
f 6086// 6094// 6096//
f 6086// 6096// 6084//
f 6084// 6096// 6098//
f 6084// 6098// 6082//
f 6082// 6098// 6100//
f 6082// 6100// 6080//
f 6080// 6100// 6102//
f 6080// 6102// 6078//
f 6078// 6102// 6104//
f 6078// 6104// 6076//
f 6076// 6104// 6106//
f 6074// 6076// 6108//
f 6108// 6076// 6106//
f 6074// 6108// 6110//
f 6074// 6110// 6072//
f 6072// 6110// 6112//
f 6072// 6112// 6070//
f 6070// 6112// 6114//
f 6070// 6114// 6068//
f 6068// 6114// 6116//
f 6068// 6116// 6066//
f 6066// 6116// 6118//
f 6066// 6118// 6064//
f 6064// 6118// 6061//
f 6064// 6061// 6060//
f 6063// 6062// 6065//
f 6065// 6062// 6119//
f 6065// 6119// 6067//
f 6067// 6119// 6117//
f 6067// 6117// 6069//
f 6069// 6117// 6115//
f 6069// 6115// 6071//
f 6071// 6115// 6113//
f 6071// 6113// 6073//
f 6073// 6113// 6111//
f 6073// 6111// 6075//
f 6075// 6111// 6109//
f 6077// 6075// 6107//
f 6107// 6075// 6109//
f 6077// 6107// 6105//
f 6077// 6105// 6079//
f 6079// 6105// 6103//
f 6079// 6103// 6081//
f 6081// 6103// 6101//
f 6081// 6101// 6083//
f 6083// 6101// 6099//
f 6083// 6099// 6085//
f 6085// 6099// 6097//
f 6085// 6097// 6087//
f 6087// 6097// 6095//
f 6087// 6095// 6089//
f 6120// 6121// 491//
f 491// 6121// 487//
f 244// 6122// 245//
f 245// 6122// 6123//
f 491// 245// 6120//
f 6120// 245// 6123//
f 6120// 6123// 6124//
f 6124// 6123// 6125//
f 6124// 6125// 6126//
f 6126// 6125// 6127//
f 6126// 6127// 6128//
f 6128// 6127// 6129//
f 6128// 6129// 6130//
f 6130// 6129// 6131//
f 6130// 6131// 6132//
f 6132// 6131// 6133//
f 6132// 6133// 6134//
f 6134// 6133// 6135//
f 6134// 6135// 6136//
f 6136// 6135// 6137//
f 6136// 6137// 6138//
f 6138// 6137// 6139//
f 6138// 6139// 6140//
f 6140// 6139// 6141//
f 6140// 6141// 6142//
f 6142// 6141// 6143//
f 6142// 6143// 6144//
f 6144// 6143// 6145//
f 6144// 6145// 6146//
f 6146// 6145// 6147//
f 6146// 6147// 6148//
f 6148// 6147// 6149//
f 6148// 6149// 6150//
f 6150// 6149// 6151//
f 6152// 6153// 6154//
f 6154// 6153// 6155//
f 6154// 6155// 6156//
f 6156// 6155// 6157//
f 6156// 6157// 6158//
f 6158// 6157// 6159//
f 6158// 6159// 6160//
f 6160// 6159// 6161//
f 6160// 6161// 6162//
f 6162// 6161// 6163//
f 6162// 6163// 6164//
f 6164// 6163// 6165//
f 6164// 6165// 6166//
f 6166// 6165// 6167//
f 6166// 6167// 6168//
f 6168// 6167// 6169//
f 6168// 6169// 6170//
f 6170// 6169// 6171//
f 6170// 6171// 6172//
f 6172// 6171// 6173//
f 6172// 6173// 6174//
f 6174// 6173// 6175//
f 6174// 6175// 6176//
f 6176// 6175// 6177//
f 6176// 6177// 6178//
f 6178// 6177// 6179//
f 6178// 6179// 6121//
f 6121// 6179// 6122//
f 6121// 6122// 487//
f 487// 6122// 244//
f 6151// 6149// 6153//
f 6153// 6149// 6155//
f 6150// 6151// 6152//
f 6152// 6151// 6153//
f 6148// 6150// 6154//
f 6154// 6150// 6152//
f 6148// 6154// 6146//
f 6146// 6154// 6156//
f 6146// 6156// 6144//
f 6144// 6156// 6158//
f 6144// 6158// 6142//
f 6142// 6158// 6160//
f 6142// 6160// 6140//
f 6140// 6160// 6162//
f 6140// 6162// 6138//
f 6138// 6162// 6164//
f 6138// 6164// 6136//
f 6136// 6164// 6166//
f 6134// 6136// 6168//
f 6168// 6136// 6166//
f 6134// 6168// 6170//
f 6134// 6170// 6132//
f 6132// 6170// 6172//
f 6132// 6172// 6130//
f 6130// 6172// 6174//
f 6130// 6174// 6128//
f 6128// 6174// 6176//
f 6128// 6176// 6126//
f 6126// 6176// 6178//
f 6126// 6178// 6124//
f 6124// 6178// 6121//
f 6124// 6121// 6120//
f 6123// 6122// 6125//
f 6125// 6122// 6179//
f 6125// 6179// 6127//
f 6127// 6179// 6177//
f 6127// 6177// 6129//
f 6129// 6177// 6175//
f 6129// 6175// 6131//
f 6131// 6175// 6173//
f 6131// 6173// 6133//
f 6133// 6173// 6171//
f 6133// 6171// 6135//
f 6135// 6171// 6169//
f 6137// 6135// 6167//
f 6167// 6135// 6169//
f 6137// 6167// 6165//
f 6137// 6165// 6139//
f 6139// 6165// 6163//
f 6139// 6163// 6141//
f 6141// 6163// 6161//
f 6141// 6161// 6143//
f 6143// 6161// 6159//
f 6143// 6159// 6145//
f 6145// 6159// 6157//
f 6145// 6157// 6147//
f 6147// 6157// 6155//
f 6147// 6155// 6149//
f 6180// 6181// 476//
f 476// 6181// 477//
f 242// 6182// 243//
f 243// 6182// 6183//
f 476// 243// 6180//
f 6180// 243// 6183//
f 6180// 6183// 6184//
f 6184// 6183// 6185//
f 6184// 6185// 6186//
f 6186// 6185// 6187//
f 6186// 6187// 6188//
f 6188// 6187// 6189//
f 6188// 6189// 6190//
f 6190// 6189// 6191//
f 6190// 6191// 6192//
f 6192// 6191// 6193//
f 6192// 6193// 6194//
f 6194// 6193// 6195//
f 6194// 6195// 6196//
f 6196// 6195// 6197//
f 6196// 6197// 6198//
f 6198// 6197// 6199//
f 6198// 6199// 6200//
f 6200// 6199// 6201//
f 6200// 6201// 6202//
f 6202// 6201// 6203//
f 6202// 6203// 6204//
f 6204// 6203// 6205//
f 6204// 6205// 6206//
f 6206// 6205// 6207//
f 6206// 6207// 6208//
f 6208// 6207// 6209//
f 6208// 6209// 6210//
f 6210// 6209// 6211//
f 6212// 6213// 6214//
f 6214// 6213// 6215//
f 6214// 6215// 6216//
f 6216// 6215// 6217//
f 6216// 6217// 6218//
f 6218// 6217// 6219//
f 6218// 6219// 6220//
f 6220// 6219// 6221//
f 6220// 6221// 6222//
f 6222// 6221// 6223//
f 6222// 6223// 6224//
f 6224// 6223// 6225//
f 6224// 6225// 6226//
f 6226// 6225// 6227//
f 6226// 6227// 6228//
f 6228// 6227// 6229//
f 6228// 6229// 6230//
f 6230// 6229// 6231//
f 6230// 6231// 6232//
f 6232// 6231// 6233//
f 6232// 6233// 6234//
f 6234// 6233// 6235//
f 6234// 6235// 6236//
f 6236// 6235// 6237//
f 6236// 6237// 6238//
f 6238// 6237// 6239//
f 6238// 6239// 6181//
f 6181// 6239// 6182//
f 6181// 6182// 477//
f 477// 6182// 242//
f 6211// 6209// 6213//
f 6213// 6209// 6215//
f 6210// 6211// 6212//
f 6212// 6211// 6213//
f 6208// 6210// 6214//
f 6214// 6210// 6212//
f 6208// 6214// 6206//
f 6206// 6214// 6216//
f 6206// 6216// 6204//
f 6204// 6216// 6218//
f 6204// 6218// 6202//
f 6202// 6218// 6220//
f 6202// 6220// 6200//
f 6200// 6220// 6222//
f 6200// 6222// 6198//
f 6198// 6222// 6224//
f 6198// 6224// 6196//
f 6196// 6224// 6226//
f 6194// 6196// 6228//
f 6228// 6196// 6226//
f 6194// 6228// 6230//
f 6194// 6230// 6192//
f 6192// 6230// 6232//
f 6192// 6232// 6190//
f 6190// 6232// 6234//
f 6190// 6234// 6188//
f 6188// 6234// 6236//
f 6188// 6236// 6186//
f 6186// 6236// 6238//
f 6186// 6238// 6184//
f 6184// 6238// 6181//
f 6184// 6181// 6180//
f 6183// 6182// 6185//
f 6185// 6182// 6239//
f 6185// 6239// 6187//
f 6187// 6239// 6237//
f 6187// 6237// 6189//
f 6189// 6237// 6235//
f 6189// 6235// 6191//
f 6191// 6235// 6233//
f 6191// 6233// 6193//
f 6193// 6233// 6231//
f 6193// 6231// 6195//
f 6195// 6231// 6229//
f 6197// 6195// 6227//
f 6227// 6195// 6229//
f 6197// 6227// 6225//
f 6197// 6225// 6199//
f 6199// 6225// 6223//
f 6199// 6223// 6201//
f 6201// 6223// 6221//
f 6201// 6221// 6203//
f 6203// 6221// 6219//
f 6203// 6219// 6205//
f 6205// 6219// 6217//
f 6205// 6217// 6207//
f 6207// 6217// 6215//
f 6207// 6215// 6209//
f 6240// 6241// 501//
f 501// 6241// 499//
f 240// 6242// 241//
f 241// 6242// 6243//
f 501// 241// 6240//
f 6240// 241// 6243//
f 6240// 6243// 6244//
f 6244// 6243// 6245//
f 6244// 6245// 6246//
f 6246// 6245// 6247//
f 6246// 6247// 6248//
f 6248// 6247// 6249//
f 6248// 6249// 6250//
f 6250// 6249// 6251//
f 6250// 6251// 6252//
f 6252// 6251// 6253//
f 6252// 6253// 6254//
f 6254// 6253// 6255//
f 6254// 6255// 6256//
f 6256// 6255// 6257//
f 6256// 6257// 6258//
f 6258// 6257// 6259//
f 6258// 6259// 6260//
f 6260// 6259// 6261//
f 6260// 6261// 6262//
f 6262// 6261// 6263//
f 6262// 6263// 6264//
f 6264// 6263// 6265//
f 6264// 6265// 6266//
f 6266// 6265// 6267//
f 6266// 6267// 6268//
f 6268// 6267// 6269//
f 6268// 6269// 6270//
f 6270// 6269// 6271//
f 6272// 6273// 6274//
f 6274// 6273// 6275//
f 6274// 6275// 6276//
f 6276// 6275// 6277//
f 6276// 6277// 6278//
f 6278// 6277// 6279//
f 6278// 6279// 6280//
f 6280// 6279// 6281//
f 6280// 6281// 6282//
f 6282// 6281// 6283//
f 6282// 6283// 6284//
f 6284// 6283// 6285//
f 6284// 6285// 6286//
f 6286// 6285// 6287//
f 6286// 6287// 6288//
f 6288// 6287// 6289//
f 6288// 6289// 6290//
f 6290// 6289// 6291//
f 6290// 6291// 6292//
f 6292// 6291// 6293//
f 6292// 6293// 6294//
f 6294// 6293// 6295//
f 6294// 6295// 6296//
f 6296// 6295// 6297//
f 6296// 6297// 6298//
f 6298// 6297// 6299//
f 6298// 6299// 6241//
f 6241// 6299// 6242//
f 6241// 6242// 499//
f 499// 6242// 240//
f 6271// 6269// 6273//
f 6273// 6269// 6275//
f 6270// 6271// 6272//
f 6272// 6271// 6273//
f 6268// 6270// 6274//
f 6274// 6270// 6272//
f 6268// 6274// 6266//
f 6266// 6274// 6276//
f 6266// 6276// 6264//
f 6264// 6276// 6278//
f 6264// 6278// 6262//
f 6262// 6278// 6280//
f 6262// 6280// 6260//
f 6260// 6280// 6282//
f 6260// 6282// 6258//
f 6258// 6282// 6284//
f 6258// 6284// 6256//
f 6256// 6284// 6286//
f 6254// 6256// 6288//
f 6288// 6256// 6286//
f 6254// 6288// 6290//
f 6254// 6290// 6252//
f 6252// 6290// 6292//
f 6252// 6292// 6250//
f 6250// 6292// 6294//
f 6250// 6294// 6248//
f 6248// 6294// 6296//
f 6248// 6296// 6246//
f 6246// 6296// 6298//
f 6246// 6298// 6244//
f 6244// 6298// 6241//
f 6244// 6241// 6240//
f 6243// 6242// 6245//
f 6245// 6242// 6299//
f 6245// 6299// 6247//
f 6247// 6299// 6297//
f 6247// 6297// 6249//
f 6249// 6297// 6295//
f 6249// 6295// 6251//
f 6251// 6295// 6293//
f 6251// 6293// 6253//
f 6253// 6293// 6291//
f 6253// 6291// 6255//
f 6255// 6291// 6289//
f 6257// 6255// 6287//
f 6287// 6255// 6289//
f 6257// 6287// 6285//
f 6257// 6285// 6259//
f 6259// 6285// 6283//
f 6259// 6283// 6261//
f 6261// 6283// 6281//
f 6261// 6281// 6263//
f 6263// 6281// 6279//
f 6263// 6279// 6265//
f 6265// 6279// 6277//
f 6265// 6277// 6267//
f 6267// 6277// 6275//
f 6267// 6275// 6269//
f 6300// 6301// 492//
f 492// 6301// 493//
f 238// 6302// 239//
f 239// 6302// 6303//
f 492// 239// 6300//
f 6300// 239// 6303//
f 6300// 6303// 6304//
f 6304// 6303// 6305//
f 6304// 6305// 6306//
f 6306// 6305// 6307//
f 6306// 6307// 6308//
f 6308// 6307// 6309//
f 6308// 6309// 6310//
f 6310// 6309// 6311//
f 6310// 6311// 6312//
f 6312// 6311// 6313//
f 6312// 6313// 6314//
f 6314// 6313// 6315//
f 6314// 6315// 6316//
f 6316// 6315// 6317//
f 6316// 6317// 6318//
f 6318// 6317// 6319//
f 6318// 6319// 6320//
f 6320// 6319// 6321//
f 6320// 6321// 6322//
f 6322// 6321// 6323//
f 6322// 6323// 6324//
f 6324// 6323// 6325//
f 6324// 6325// 6326//
f 6326// 6325// 6327//
f 6326// 6327// 6328//
f 6328// 6327// 6329//
f 6328// 6329// 6330//
f 6330// 6329// 6331//
f 6332// 6333// 6334//
f 6334// 6333// 6335//
f 6334// 6335// 6336//
f 6336// 6335// 6337//
f 6336// 6337// 6338//
f 6338// 6337// 6339//
f 6338// 6339// 6340//
f 6340// 6339// 6341//
f 6340// 6341// 6342//
f 6342// 6341// 6343//
f 6342// 6343// 6344//
f 6344// 6343// 6345//
f 6344// 6345// 6346//
f 6346// 6345// 6347//
f 6346// 6347// 6348//
f 6348// 6347// 6349//
f 6348// 6349// 6350//
f 6350// 6349// 6351//
f 6350// 6351// 6352//
f 6352// 6351// 6353//
f 6352// 6353// 6354//
f 6354// 6353// 6355//
f 6354// 6355// 6356//
f 6356// 6355// 6357//
f 6356// 6357// 6358//
f 6358// 6357// 6359//
f 6358// 6359// 6301//
f 6301// 6359// 6302//
f 6301// 6302// 493//
f 493// 6302// 238//
f 6331// 6329// 6333//
f 6333// 6329// 6335//
f 6330// 6331// 6332//
f 6332// 6331// 6333//
f 6328// 6330// 6334//
f 6334// 6330// 6332//
f 6328// 6334// 6326//
f 6326// 6334// 6336//
f 6326// 6336// 6324//
f 6324// 6336// 6338//
f 6324// 6338// 6322//
f 6322// 6338// 6340//
f 6322// 6340// 6320//
f 6320// 6340// 6342//
f 6320// 6342// 6318//
f 6318// 6342// 6344//
f 6318// 6344// 6316//
f 6316// 6344// 6346//
f 6314// 6316// 6348//
f 6348// 6316// 6346//
f 6314// 6348// 6350//
f 6314// 6350// 6312//
f 6312// 6350// 6352//
f 6312// 6352// 6310//
f 6310// 6352// 6354//
f 6310// 6354// 6308//
f 6308// 6354// 6356//
f 6308// 6356// 6306//
f 6306// 6356// 6358//
f 6306// 6358// 6304//
f 6304// 6358// 6301//
f 6304// 6301// 6300//
f 6303// 6302// 6305//
f 6305// 6302// 6359//
f 6305// 6359// 6307//
f 6307// 6359// 6357//
f 6307// 6357// 6309//
f 6309// 6357// 6355//
f 6309// 6355// 6311//
f 6311// 6355// 6353//
f 6311// 6353// 6313//
f 6313// 6353// 6351//
f 6313// 6351// 6315//
f 6315// 6351// 6349//
f 6317// 6315// 6347//
f 6347// 6315// 6349//
f 6317// 6347// 6345//
f 6317// 6345// 6319//
f 6319// 6345// 6343//
f 6319// 6343// 6321//
f 6321// 6343// 6341//
f 6321// 6341// 6323//
f 6323// 6341// 6339//
f 6323// 6339// 6325//
f 6325// 6339// 6337//
f 6325// 6337// 6327//
f 6327// 6337// 6335//
f 6327// 6335// 6329//
f 6360// 6361// 503//
f 503// 6361// 502//
f 236// 6362// 237//
f 237// 6362// 6363//
f 503// 237// 6360//
f 6360// 237// 6363//
f 6360// 6363// 6364//
f 6364// 6363// 6365//
f 6364// 6365// 6366//
f 6366// 6365// 6367//
f 6366// 6367// 6368//
f 6368// 6367// 6369//
f 6368// 6369// 6370//
f 6370// 6369// 6371//
f 6370// 6371// 6372//
f 6372// 6371// 6373//
f 6372// 6373// 6374//
f 6374// 6373// 6375//
f 6374// 6375// 6376//
f 6376// 6375// 6377//
f 6376// 6377// 6378//
f 6378// 6377// 6379//
f 6378// 6379// 6380//
f 6380// 6379// 6381//
f 6380// 6381// 6382//
f 6382// 6381// 6383//
f 6382// 6383// 6384//
f 6384// 6383// 6385//
f 6384// 6385// 6386//
f 6386// 6385// 6387//
f 6386// 6387// 6388//
f 6388// 6387// 6389//
f 6388// 6389// 6390//
f 6390// 6389// 6391//
f 6392// 6393// 6394//
f 6394// 6393// 6395//
f 6394// 6395// 6396//
f 6396// 6395// 6397//
f 6396// 6397// 6398//
f 6398// 6397// 6399//
f 6398// 6399// 6400//
f 6400// 6399// 6401//
f 6400// 6401// 6402//
f 6402// 6401// 6403//
f 6402// 6403// 6404//
f 6404// 6403// 6405//
f 6404// 6405// 6406//
f 6406// 6405// 6407//
f 6406// 6407// 6408//
f 6408// 6407// 6409//
f 6408// 6409// 6410//
f 6410// 6409// 6411//
f 6410// 6411// 6412//
f 6412// 6411// 6413//
f 6412// 6413// 6414//
f 6414// 6413// 6415//
f 6414// 6415// 6416//
f 6416// 6415// 6417//
f 6416// 6417// 6418//
f 6418// 6417// 6419//
f 6418// 6419// 6361//
f 6361// 6419// 6362//
f 6361// 6362// 502//
f 502// 6362// 236//
f 6391// 6389// 6393//
f 6393// 6389// 6395//
f 6390// 6391// 6392//
f 6392// 6391// 6393//
f 6388// 6390// 6394//
f 6394// 6390// 6392//
f 6388// 6394// 6386//
f 6386// 6394// 6396//
f 6386// 6396// 6384//
f 6384// 6396// 6398//
f 6384// 6398// 6382//
f 6382// 6398// 6400//
f 6382// 6400// 6380//
f 6380// 6400// 6402//
f 6380// 6402// 6378//
f 6378// 6402// 6404//
f 6378// 6404// 6376//
f 6376// 6404// 6406//
f 6374// 6376// 6408//
f 6408// 6376// 6406//
f 6374// 6408// 6410//
f 6374// 6410// 6372//
f 6372// 6410// 6412//
f 6372// 6412// 6370//
f 6370// 6412// 6414//
f 6370// 6414// 6368//
f 6368// 6414// 6416//
f 6368// 6416// 6366//
f 6366// 6416// 6418//
f 6366// 6418// 6364//
f 6364// 6418// 6361//
f 6364// 6361// 6360//
f 6363// 6362// 6365//
f 6365// 6362// 6419//
f 6365// 6419// 6367//
f 6367// 6419// 6417//
f 6367// 6417// 6369//
f 6369// 6417// 6415//
f 6369// 6415// 6371//
f 6371// 6415// 6413//
f 6371// 6413// 6373//
f 6373// 6413// 6411//
f 6373// 6411// 6375//
f 6375// 6411// 6409//
f 6377// 6375// 6407//
f 6407// 6375// 6409//
f 6377// 6407// 6405//
f 6377// 6405// 6379//
f 6379// 6405// 6403//
f 6379// 6403// 6381//
f 6381// 6403// 6401//
f 6381// 6401// 6383//
f 6383// 6401// 6399//
f 6383// 6399// 6385//
f 6385// 6399// 6397//
f 6385// 6397// 6387//
f 6387// 6397// 6395//
f 6387// 6395// 6389//
f 6420// 6421// 516//
f 516// 6421// 517//
f 231// 6422// 232//
f 232// 6422// 6423//
f 516// 232// 6420//
f 6420// 232// 6423//
f 6420// 6423// 6424//
f 6424// 6423// 6425//
f 6424// 6425// 6426//
f 6426// 6425// 6427//
f 6426// 6427// 6428//
f 6428// 6427// 6429//
f 6428// 6429// 6430//
f 6430// 6429// 6431//
f 6430// 6431// 6432//
f 6432// 6431// 6433//
f 6432// 6433// 6434//
f 6434// 6433// 6435//
f 6434// 6435// 6436//
f 6436// 6435// 6437//
f 6436// 6437// 6438//
f 6438// 6437// 6439//
f 6438// 6439// 6440//
f 6440// 6439// 6441//
f 6440// 6441// 6442//
f 6442// 6441// 6443//
f 6442// 6443// 6444//
f 6444// 6443// 6445//
f 6444// 6445// 6446//
f 6446// 6445// 6447//
f 6446// 6447// 6448//
f 6448// 6447// 6449//
f 6448// 6449// 6450//
f 6450// 6449// 6451//
f 231// 517// 6422//
f 6422// 517// 6421//
f 6422// 6421// 6452//
f 6452// 6421// 6453//
f 6452// 6453// 6454//
f 6454// 6453// 6455//
f 6454// 6455// 6456//
f 6456// 6455// 6457//
f 6456// 6457// 6458//
f 6458// 6457// 6459//
f 6458// 6459// 6460//
f 6460// 6459// 6461//
f 6460// 6461// 6462//
f 6462// 6461// 6463//
f 6462// 6463// 6464//
f 6464// 6463// 6465//
f 6464// 6465// 6466//
f 6466// 6465// 6467//
f 6466// 6467// 6468//
f 6468// 6467// 6469//
f 6468// 6469// 6470//
f 6470// 6469// 6471//
f 6470// 6471// 6472//
f 6472// 6471// 6473//
f 6472// 6473// 6474//
f 6474// 6473// 6475//
f 6474// 6475// 6476//
f 6476// 6475// 6477//
f 6476// 6477// 6478//
f 6478// 6477// 6479//
f 6451// 6449// 6478//
f 6478// 6449// 6476//
f 6450// 6451// 6479//
f 6479// 6451// 6478//
f 6448// 6450// 6477//
f 6477// 6450// 6479//
f 6448// 6477// 6446//
f 6446// 6477// 6475//
f 6446// 6475// 6444//
f 6444// 6475// 6473//
f 6444// 6473// 6442//
f 6442// 6473// 6471//
f 6442// 6471// 6440//
f 6440// 6471// 6469//
f 6440// 6469// 6438//
f 6438// 6469// 6467//
f 6438// 6467// 6436//
f 6436// 6467// 6465//
f 6434// 6436// 6463//
f 6463// 6436// 6465//
f 6434// 6463// 6461//
f 6434// 6461// 6432//
f 6432// 6461// 6459//
f 6432// 6459// 6430//
f 6430// 6459// 6457//
f 6430// 6457// 6428//
f 6428// 6457// 6455//
f 6428// 6455// 6426//
f 6426// 6455// 6453//
f 6426// 6453// 6424//
f 6424// 6453// 6421//
f 6424// 6421// 6420//
f 6423// 6422// 6425//
f 6425// 6422// 6452//
f 6425// 6452// 6427//
f 6427// 6452// 6454//
f 6427// 6454// 6429//
f 6429// 6454// 6456//
f 6429// 6456// 6431//
f 6431// 6456// 6458//
f 6431// 6458// 6433//
f 6433// 6458// 6460//
f 6433// 6460// 6435//
f 6435// 6460// 6462//
f 6437// 6435// 6464//
f 6464// 6435// 6462//
f 6437// 6464// 6466//
f 6437// 6466// 6439//
f 6439// 6466// 6468//
f 6439// 6468// 6441//
f 6441// 6468// 6470//
f 6441// 6470// 6443//
f 6443// 6470// 6472//
f 6443// 6472// 6445//
f 6445// 6472// 6474//
f 6445// 6474// 6447//
f 6447// 6474// 6476//
f 6447// 6476// 6449//
f 6480// 6481// 521//
f 521// 6481// 522//
f 229// 6482// 230//
f 230// 6482// 6483//
f 521// 230// 6480//
f 6480// 230// 6483//
f 6480// 6483// 6484//
f 6484// 6483// 6485//
f 6484// 6485// 6486//
f 6486// 6485// 6487//
f 6486// 6487// 6488//
f 6488// 6487// 6489//
f 6488// 6489// 6490//
f 6490// 6489// 6491//
f 6490// 6491// 6492//
f 6492// 6491// 6493//
f 6492// 6493// 6494//
f 6494// 6493// 6495//
f 6494// 6495// 6496//
f 6496// 6495// 6497//
f 6496// 6497// 6498//
f 6498// 6497// 6499//
f 6498// 6499// 6500//
f 6500// 6499// 6501//
f 6500// 6501// 6502//
f 6502// 6501// 6503//
f 6502// 6503// 6504//
f 6504// 6503// 6505//
f 6504// 6505// 6506//
f 6506// 6505// 6507//
f 6506// 6507// 6508//
f 6508// 6507// 6509//
f 6508// 6509// 6510//
f 6510// 6509// 6511//
f 229// 522// 6482//
f 6482// 522// 6481//
f 6482// 6481// 6512//
f 6512// 6481// 6513//
f 6512// 6513// 6514//
f 6514// 6513// 6515//
f 6514// 6515// 6516//
f 6516// 6515// 6517//
f 6516// 6517// 6518//
f 6518// 6517// 6519//
f 6518// 6519// 6520//
f 6520// 6519// 6521//
f 6520// 6521// 6522//
f 6522// 6521// 6523//
f 6522// 6523// 6524//
f 6524// 6523// 6525//
f 6524// 6525// 6526//
f 6526// 6525// 6527//
f 6526// 6527// 6528//
f 6528// 6527// 6529//
f 6528// 6529// 6530//
f 6530// 6529// 6531//
f 6530// 6531// 6532//
f 6532// 6531// 6533//
f 6532// 6533// 6534//
f 6534// 6533// 6535//
f 6534// 6535// 6536//
f 6536// 6535// 6537//
f 6536// 6537// 6538//
f 6538// 6537// 6539//
f 6511// 6509// 6538//
f 6538// 6509// 6536//
f 6510// 6511// 6539//
f 6539// 6511// 6538//
f 6508// 6510// 6537//
f 6537// 6510// 6539//
f 6508// 6537// 6506//
f 6506// 6537// 6535//
f 6506// 6535// 6504//
f 6504// 6535// 6533//
f 6504// 6533// 6502//
f 6502// 6533// 6531//
f 6502// 6531// 6500//
f 6500// 6531// 6529//
f 6500// 6529// 6498//
f 6498// 6529// 6527//
f 6498// 6527// 6496//
f 6496// 6527// 6525//
f 6494// 6496// 6523//
f 6523// 6496// 6525//
f 6494// 6523// 6521//
f 6494// 6521// 6492//
f 6492// 6521// 6519//
f 6492// 6519// 6490//
f 6490// 6519// 6517//
f 6490// 6517// 6488//
f 6488// 6517// 6515//
f 6488// 6515// 6486//
f 6486// 6515// 6513//
f 6486// 6513// 6484//
f 6484// 6513// 6481//
f 6484// 6481// 6480//
f 6483// 6482// 6485//
f 6485// 6482// 6512//
f 6485// 6512// 6487//
f 6487// 6512// 6514//
f 6487// 6514// 6489//
f 6489// 6514// 6516//
f 6489// 6516// 6491//
f 6491// 6516// 6518//
f 6491// 6518// 6493//
f 6493// 6518// 6520//
f 6493// 6520// 6495//
f 6495// 6520// 6522//
f 6497// 6495// 6524//
f 6524// 6495// 6522//
f 6497// 6524// 6526//
f 6497// 6526// 6499//
f 6499// 6526// 6528//
f 6499// 6528// 6501//
f 6501// 6528// 6530//
f 6501// 6530// 6503//
f 6503// 6530// 6532//
f 6503// 6532// 6505//
f 6505// 6532// 6534//
f 6505// 6534// 6507//
f 6507// 6534// 6536//
f 6507// 6536// 6509//
f 6540// 6541// 533//
f 533// 6541// 534//
f 227// 6542// 228//
f 228// 6542// 6543//
f 533// 228// 6540//
f 6540// 228// 6543//
f 6540// 6543// 6544//
f 6544// 6543// 6545//
f 6544// 6545// 6546//
f 6546// 6545// 6547//
f 6546// 6547// 6548//
f 6548// 6547// 6549//
f 6548// 6549// 6550//
f 6550// 6549// 6551//
f 6550// 6551// 6552//
f 6552// 6551// 6553//
f 6552// 6553// 6554//
f 6554// 6553// 6555//
f 6554// 6555// 6556//
f 6556// 6555// 6557//
f 6556// 6557// 6558//
f 6558// 6557// 6559//
f 6558// 6559// 6560//
f 6560// 6559// 6561//
f 6560// 6561// 6562//
f 6562// 6561// 6563//
f 6562// 6563// 6564//
f 6564// 6563// 6565//
f 6564// 6565// 6566//
f 6566// 6565// 6567//
f 6566// 6567// 6568//
f 6568// 6567// 6569//
f 6568// 6569// 6570//
f 6570// 6569// 6571//
f 227// 534// 6542//
f 6542// 534// 6541//
f 6542// 6541// 6572//
f 6572// 6541// 6573//
f 6572// 6573// 6574//
f 6574// 6573// 6575//
f 6574// 6575// 6576//
f 6576// 6575// 6577//
f 6576// 6577// 6578//
f 6578// 6577// 6579//
f 6578// 6579// 6580//
f 6580// 6579// 6581//
f 6580// 6581// 6582//
f 6582// 6581// 6583//
f 6582// 6583// 6584//
f 6584// 6583// 6585//
f 6584// 6585// 6586//
f 6586// 6585// 6587//
f 6586// 6587// 6588//
f 6588// 6587// 6589//
f 6588// 6589// 6590//
f 6590// 6589// 6591//
f 6590// 6591// 6592//
f 6592// 6591// 6593//
f 6592// 6593// 6594//
f 6594// 6593// 6595//
f 6594// 6595// 6596//
f 6596// 6595// 6597//
f 6596// 6597// 6598//
f 6598// 6597// 6599//
f 6571// 6569// 6598//
f 6598// 6569// 6596//
f 6570// 6571// 6599//
f 6599// 6571// 6598//
f 6568// 6570// 6597//
f 6597// 6570// 6599//
f 6568// 6597// 6566//
f 6566// 6597// 6595//
f 6566// 6595// 6564//
f 6564// 6595// 6593//
f 6564// 6593// 6562//
f 6562// 6593// 6591//
f 6562// 6591// 6560//
f 6560// 6591// 6589//
f 6560// 6589// 6558//
f 6558// 6589// 6587//
f 6558// 6587// 6556//
f 6556// 6587// 6585//
f 6554// 6556// 6583//
f 6583// 6556// 6585//
f 6554// 6583// 6581//
f 6554// 6581// 6552//
f 6552// 6581// 6579//
f 6552// 6579// 6550//
f 6550// 6579// 6577//
f 6550// 6577// 6548//
f 6548// 6577// 6575//
f 6548// 6575// 6546//
f 6546// 6575// 6573//
f 6546// 6573// 6544//
f 6544// 6573// 6541//
f 6544// 6541// 6540//
f 6543// 6542// 6545//
f 6545// 6542// 6572//
f 6545// 6572// 6547//
f 6547// 6572// 6574//
f 6547// 6574// 6549//
f 6549// 6574// 6576//
f 6549// 6576// 6551//
f 6551// 6576// 6578//
f 6551// 6578// 6553//
f 6553// 6578// 6580//
f 6553// 6580// 6555//
f 6555// 6580// 6582//
f 6557// 6555// 6584//
f 6584// 6555// 6582//
f 6557// 6584// 6586//
f 6557// 6586// 6559//
f 6559// 6586// 6588//
f 6559// 6588// 6561//
f 6561// 6588// 6590//
f 6561// 6590// 6563//
f 6563// 6590// 6592//
f 6563// 6592// 6565//
f 6565// 6592// 6594//
f 6565// 6594// 6567//
f 6567// 6594// 6596//
f 6567// 6596// 6569//
f 6600// 6601// 545//
f 545// 6601// 546//
f 225// 6602// 226//
f 226// 6602// 6603//
f 545// 226// 6600//
f 6600// 226// 6603//
f 6600// 6603// 6604//
f 6604// 6603// 6605//
f 6604// 6605// 6606//
f 6606// 6605// 6607//
f 6606// 6607// 6608//
f 6608// 6607// 6609//
f 6608// 6609// 6610//
f 6610// 6609// 6611//
f 6610// 6611// 6612//
f 6612// 6611// 6613//
f 6612// 6613// 6614//
f 6614// 6613// 6615//
f 6614// 6615// 6616//
f 6616// 6615// 6617//
f 6616// 6617// 6618//
f 6618// 6617// 6619//
f 6618// 6619// 6620//
f 6620// 6619// 6621//
f 6620// 6621// 6622//
f 6622// 6621// 6623//
f 6622// 6623// 6624//
f 6624// 6623// 6625//
f 6624// 6625// 6626//
f 6626// 6625// 6627//
f 6626// 6627// 6628//
f 6628// 6627// 6629//
f 6628// 6629// 6630//
f 6630// 6629// 6631//
f 225// 546// 6602//
f 6602// 546// 6601//
f 6602// 6601// 6632//
f 6632// 6601// 6633//
f 6632// 6633// 6634//
f 6634// 6633// 6635//
f 6634// 6635// 6636//
f 6636// 6635// 6637//
f 6636// 6637// 6638//
f 6638// 6637// 6639//
f 6638// 6639// 6640//
f 6640// 6639// 6641//
f 6640// 6641// 6642//
f 6642// 6641// 6643//
f 6642// 6643// 6644//
f 6644// 6643// 6645//
f 6644// 6645// 6646//
f 6646// 6645// 6647//
f 6646// 6647// 6648//
f 6648// 6647// 6649//
f 6648// 6649// 6650//
f 6650// 6649// 6651//
f 6650// 6651// 6652//
f 6652// 6651// 6653//
f 6652// 6653// 6654//
f 6654// 6653// 6655//
f 6654// 6655// 6656//
f 6656// 6655// 6657//
f 6656// 6657// 6658//
f 6658// 6657// 6659//
f 6631// 6629// 6658//
f 6658// 6629// 6656//
f 6630// 6631// 6659//
f 6659// 6631// 6658//
f 6628// 6630// 6657//
f 6657// 6630// 6659//
f 6628// 6657// 6626//
f 6626// 6657// 6655//
f 6626// 6655// 6624//
f 6624// 6655// 6653//
f 6624// 6653// 6622//
f 6622// 6653// 6651//
f 6622// 6651// 6620//
f 6620// 6651// 6649//
f 6620// 6649// 6618//
f 6618// 6649// 6647//
f 6618// 6647// 6616//
f 6616// 6647// 6645//
f 6614// 6616// 6643//
f 6643// 6616// 6645//
f 6614// 6643// 6641//
f 6614// 6641// 6612//
f 6612// 6641// 6639//
f 6612// 6639// 6610//
f 6610// 6639// 6637//
f 6610// 6637// 6608//
f 6608// 6637// 6635//
f 6608// 6635// 6606//
f 6606// 6635// 6633//
f 6606// 6633// 6604//
f 6604// 6633// 6601//
f 6604// 6601// 6600//
f 6603// 6602// 6605//
f 6605// 6602// 6632//
f 6605// 6632// 6607//
f 6607// 6632// 6634//
f 6607// 6634// 6609//
f 6609// 6634// 6636//
f 6609// 6636// 6611//
f 6611// 6636// 6638//
f 6611// 6638// 6613//
f 6613// 6638// 6640//
f 6613// 6640// 6615//
f 6615// 6640// 6642//
f 6617// 6615// 6644//
f 6644// 6615// 6642//
f 6617// 6644// 6646//
f 6617// 6646// 6619//
f 6619// 6646// 6648//
f 6619// 6648// 6621//
f 6621// 6648// 6650//
f 6621// 6650// 6623//
f 6623// 6650// 6652//
f 6623// 6652// 6625//
f 6625// 6652// 6654//
f 6625// 6654// 6627//
f 6627// 6654// 6656//
f 6627// 6656// 6629//
f 6660// 6661// 547//
f 547// 6661// 548//
f 223// 6662// 224//
f 224// 6662// 6663//
f 547// 224// 6660//
f 6660// 224// 6663//
f 6660// 6663// 6664//
f 6664// 6663// 6665//
f 6664// 6665// 6666//
f 6666// 6665// 6667//
f 6666// 6667// 6668//
f 6668// 6667// 6669//
f 6668// 6669// 6670//
f 6670// 6669// 6671//
f 6670// 6671// 6672//
f 6672// 6671// 6673//
f 6672// 6673// 6674//
f 6674// 6673// 6675//
f 6674// 6675// 6676//
f 6676// 6675// 6677//
f 6676// 6677// 6678//
f 6678// 6677// 6679//
f 6678// 6679// 6680//
f 6680// 6679// 6681//
f 6680// 6681// 6682//
f 6682// 6681// 6683//
f 6682// 6683// 6684//
f 6684// 6683// 6685//
f 6684// 6685// 6686//
f 6686// 6685// 6687//
f 6686// 6687// 6688//
f 6688// 6687// 6689//
f 6688// 6689// 6690//
f 6690// 6689// 6691//
f 223// 548// 6662//
f 6662// 548// 6661//
f 6662// 6661// 6692//
f 6692// 6661// 6693//
f 6692// 6693// 6694//
f 6694// 6693// 6695//
f 6694// 6695// 6696//
f 6696// 6695// 6697//
f 6696// 6697// 6698//
f 6698// 6697// 6699//
f 6698// 6699// 6700//
f 6700// 6699// 6701//
f 6700// 6701// 6702//
f 6702// 6701// 6703//
f 6702// 6703// 6704//
f 6704// 6703// 6705//
f 6704// 6705// 6706//
f 6706// 6705// 6707//
f 6706// 6707// 6708//
f 6708// 6707// 6709//
f 6708// 6709// 6710//
f 6710// 6709// 6711//
f 6710// 6711// 6712//
f 6712// 6711// 6713//
f 6712// 6713// 6714//
f 6714// 6713// 6715//
f 6714// 6715// 6716//
f 6716// 6715// 6717//
f 6716// 6717// 6718//
f 6718// 6717// 6719//
f 6691// 6689// 6718//
f 6718// 6689// 6716//
f 6690// 6691// 6719//
f 6719// 6691// 6718//
f 6688// 6690// 6717//
f 6717// 6690// 6719//
f 6688// 6717// 6686//
f 6686// 6717// 6715//
f 6686// 6715// 6684//
f 6684// 6715// 6713//
f 6684// 6713// 6682//
f 6682// 6713// 6711//
f 6682// 6711// 6680//
f 6680// 6711// 6709//
f 6680// 6709// 6678//
f 6678// 6709// 6707//
f 6678// 6707// 6676//
f 6676// 6707// 6705//
f 6674// 6676// 6703//
f 6703// 6676// 6705//
f 6674// 6703// 6701//
f 6674// 6701// 6672//
f 6672// 6701// 6699//
f 6672// 6699// 6670//
f 6670// 6699// 6697//
f 6670// 6697// 6668//
f 6668// 6697// 6695//
f 6668// 6695// 6666//
f 6666// 6695// 6693//
f 6666// 6693// 6664//
f 6664// 6693// 6661//
f 6664// 6661// 6660//
f 6663// 6662// 6665//
f 6665// 6662// 6692//
f 6665// 6692// 6667//
f 6667// 6692// 6694//
f 6667// 6694// 6669//
f 6669// 6694// 6696//
f 6669// 6696// 6671//
f 6671// 6696// 6698//
f 6671// 6698// 6673//
f 6673// 6698// 6700//
f 6673// 6700// 6675//
f 6675// 6700// 6702//
f 6677// 6675// 6704//
f 6704// 6675// 6702//
f 6677// 6704// 6706//
f 6677// 6706// 6679//
f 6679// 6706// 6708//
f 6679// 6708// 6681//
f 6681// 6708// 6710//
f 6681// 6710// 6683//
f 6683// 6710// 6712//
f 6683// 6712// 6685//
f 6685// 6712// 6714//
f 6685// 6714// 6687//
f 6687// 6714// 6716//
f 6687// 6716// 6689//
f 6720// 6721// 549//
f 549// 6721// 510//
f 221// 6722// 222//
f 222// 6722// 6723//
f 549// 222// 6720//
f 6720// 222// 6723//
f 6720// 6723// 6724//
f 6724// 6723// 6725//
f 6724// 6725// 6726//
f 6726// 6725// 6727//
f 6726// 6727// 6728//
f 6728// 6727// 6729//
f 6728// 6729// 6730//
f 6730// 6729// 6731//
f 6730// 6731// 6732//
f 6732// 6731// 6733//
f 6732// 6733// 6734//
f 6734// 6733// 6735//
f 6734// 6735// 6736//
f 6736// 6735// 6737//
f 6736// 6737// 6738//
f 6738// 6737// 6739//
f 6738// 6739// 6740//
f 6740// 6739// 6741//
f 6740// 6741// 6742//
f 6742// 6741// 6743//
f 6742// 6743// 6744//
f 6744// 6743// 6745//
f 6744// 6745// 6746//
f 6746// 6745// 6747//
f 6746// 6747// 6748//
f 6748// 6747// 6749//
f 6748// 6749// 6750//
f 6750// 6749// 6751//
f 221// 510// 6722//
f 6722// 510// 6721//
f 6722// 6721// 6752//
f 6752// 6721// 6753//
f 6752// 6753// 6754//
f 6754// 6753// 6755//
f 6754// 6755// 6756//
f 6756// 6755// 6757//
f 6756// 6757// 6758//
f 6758// 6757// 6759//
f 6758// 6759// 6760//
f 6760// 6759// 6761//
f 6760// 6761// 6762//
f 6762// 6761// 6763//
f 6762// 6763// 6764//
f 6764// 6763// 6765//
f 6764// 6765// 6766//
f 6766// 6765// 6767//
f 6766// 6767// 6768//
f 6768// 6767// 6769//
f 6768// 6769// 6770//
f 6770// 6769// 6771//
f 6770// 6771// 6772//
f 6772// 6771// 6773//
f 6772// 6773// 6774//
f 6774// 6773// 6775//
f 6774// 6775// 6776//
f 6776// 6775// 6777//
f 6776// 6777// 6778//
f 6778// 6777// 6779//
f 6751// 6749// 6778//
f 6778// 6749// 6776//
f 6750// 6751// 6779//
f 6779// 6751// 6778//
f 6748// 6750// 6777//
f 6777// 6750// 6779//
f 6748// 6777// 6746//
f 6746// 6777// 6775//
f 6746// 6775// 6744//
f 6744// 6775// 6773//
f 6744// 6773// 6742//
f 6742// 6773// 6771//
f 6742// 6771// 6740//
f 6740// 6771// 6769//
f 6740// 6769// 6738//
f 6738// 6769// 6767//
f 6738// 6767// 6736//
f 6736// 6767// 6765//
f 6734// 6736// 6763//
f 6763// 6736// 6765//
f 6734// 6763// 6761//
f 6734// 6761// 6732//
f 6732// 6761// 6759//
f 6732// 6759// 6730//
f 6730// 6759// 6757//
f 6730// 6757// 6728//
f 6728// 6757// 6755//
f 6728// 6755// 6726//
f 6726// 6755// 6753//
f 6726// 6753// 6724//
f 6724// 6753// 6721//
f 6724// 6721// 6720//
f 6723// 6722// 6725//
f 6725// 6722// 6752//
f 6725// 6752// 6727//
f 6727// 6752// 6754//
f 6727// 6754// 6729//
f 6729// 6754// 6756//
f 6729// 6756// 6731//
f 6731// 6756// 6758//
f 6731// 6758// 6733//
f 6733// 6758// 6760//
f 6733// 6760// 6735//
f 6735// 6760// 6762//
f 6737// 6735// 6764//
f 6764// 6735// 6762//
f 6737// 6764// 6766//
f 6737// 6766// 6739//
f 6739// 6766// 6768//
f 6739// 6768// 6741//
f 6741// 6768// 6770//
f 6741// 6770// 6743//
f 6743// 6770// 6772//
f 6743// 6772// 6745//
f 6745// 6772// 6774//
f 6745// 6774// 6747//
f 6747// 6774// 6776//
f 6747// 6776// 6749//
f 6780// 6781// 523//
f 523// 6781// 524//
f 219// 6782// 220//
f 220// 6782// 6783//
f 523// 220// 6780//
f 6780// 220// 6783//
f 6780// 6783// 6784//
f 6784// 6783// 6785//
f 6784// 6785// 6786//
f 6786// 6785// 6787//
f 6786// 6787// 6788//
f 6788// 6787// 6789//
f 6788// 6789// 6790//
f 6790// 6789// 6791//
f 6790// 6791// 6792//
f 6792// 6791// 6793//
f 6792// 6793// 6794//
f 6794// 6793// 6795//
f 6794// 6795// 6796//
f 6796// 6795// 6797//
f 6796// 6797// 6798//
f 6798// 6797// 6799//
f 6798// 6799// 6800//
f 6800// 6799// 6801//
f 6800// 6801// 6802//
f 6802// 6801// 6803//
f 6802// 6803// 6804//
f 6804// 6803// 6805//
f 6804// 6805// 6806//
f 6806// 6805// 6807//
f 6806// 6807// 6808//
f 6808// 6807// 6809//
f 6808// 6809// 6810//
f 6810// 6809// 6811//
f 219// 524// 6782//
f 6782// 524// 6781//
f 6782// 6781// 6812//
f 6812// 6781// 6813//
f 6812// 6813// 6814//
f 6814// 6813// 6815//
f 6814// 6815// 6816//
f 6816// 6815// 6817//
f 6816// 6817// 6818//
f 6818// 6817// 6819//
f 6818// 6819// 6820//
f 6820// 6819// 6821//
f 6820// 6821// 6822//
f 6822// 6821// 6823//
f 6822// 6823// 6824//
f 6824// 6823// 6825//
f 6824// 6825// 6826//
f 6826// 6825// 6827//
f 6826// 6827// 6828//
f 6828// 6827// 6829//
f 6828// 6829// 6830//
f 6830// 6829// 6831//
f 6830// 6831// 6832//
f 6832// 6831// 6833//
f 6832// 6833// 6834//
f 6834// 6833// 6835//
f 6834// 6835// 6836//
f 6836// 6835// 6837//
f 6836// 6837// 6838//
f 6838// 6837// 6839//
f 6811// 6809// 6838//
f 6838// 6809// 6836//
f 6810// 6811// 6839//
f 6839// 6811// 6838//
f 6808// 6810// 6837//
f 6837// 6810// 6839//
f 6808// 6837// 6806//
f 6806// 6837// 6835//
f 6806// 6835// 6804//
f 6804// 6835// 6833//
f 6804// 6833// 6802//
f 6802// 6833// 6831//
f 6802// 6831// 6800//
f 6800// 6831// 6829//
f 6800// 6829// 6798//
f 6798// 6829// 6827//
f 6798// 6827// 6796//
f 6796// 6827// 6825//
f 6794// 6796// 6823//
f 6823// 6796// 6825//
f 6794// 6823// 6821//
f 6794// 6821// 6792//
f 6792// 6821// 6819//
f 6792// 6819// 6790//
f 6790// 6819// 6817//
f 6790// 6817// 6788//
f 6788// 6817// 6815//
f 6788// 6815// 6786//
f 6786// 6815// 6813//
f 6786// 6813// 6784//
f 6784// 6813// 6781//
f 6784// 6781// 6780//
f 6783// 6782// 6785//
f 6785// 6782// 6812//
f 6785// 6812// 6787//
f 6787// 6812// 6814//
f 6787// 6814// 6789//
f 6789// 6814// 6816//
f 6789// 6816// 6791//
f 6791// 6816// 6818//
f 6791// 6818// 6793//
f 6793// 6818// 6820//
f 6793// 6820// 6795//
f 6795// 6820// 6822//
f 6797// 6795// 6824//
f 6824// 6795// 6822//
f 6797// 6824// 6826//
f 6797// 6826// 6799//
f 6799// 6826// 6828//
f 6799// 6828// 6801//
f 6801// 6828// 6830//
f 6801// 6830// 6803//
f 6803// 6830// 6832//
f 6803// 6832// 6805//
f 6805// 6832// 6834//
f 6805// 6834// 6807//
f 6807// 6834// 6836//
f 6807// 6836// 6809//
f 6840// 6841// 535//
f 535// 6841// 536//
f 217// 6842// 218//
f 218// 6842// 6843//
f 535// 218// 6840//
f 6840// 218// 6843//
f 6840// 6843// 6844//
f 6844// 6843// 6845//
f 6844// 6845// 6846//
f 6846// 6845// 6847//
f 6846// 6847// 6848//
f 6848// 6847// 6849//
f 6848// 6849// 6850//
f 6850// 6849// 6851//
f 6850// 6851// 6852//
f 6852// 6851// 6853//
f 6852// 6853// 6854//
f 6854// 6853// 6855//
f 6854// 6855// 6856//
f 6856// 6855// 6857//
f 6856// 6857// 6858//
f 6858// 6857// 6859//
f 6858// 6859// 6860//
f 6860// 6859// 6861//
f 6860// 6861// 6862//
f 6862// 6861// 6863//
f 6862// 6863// 6864//
f 6864// 6863// 6865//
f 6864// 6865// 6866//
f 6866// 6865// 6867//
f 6866// 6867// 6868//
f 6868// 6867// 6869//
f 6868// 6869// 6870//
f 6870// 6869// 6871//
f 217// 536// 6842//
f 6842// 536// 6841//
f 6842// 6841// 6872//
f 6872// 6841// 6873//
f 6872// 6873// 6874//
f 6874// 6873// 6875//
f 6874// 6875// 6876//
f 6876// 6875// 6877//
f 6876// 6877// 6878//
f 6878// 6877// 6879//
f 6878// 6879// 6880//
f 6880// 6879// 6881//
f 6880// 6881// 6882//
f 6882// 6881// 6883//
f 6882// 6883// 6884//
f 6884// 6883// 6885//
f 6884// 6885// 6886//
f 6886// 6885// 6887//
f 6886// 6887// 6888//
f 6888// 6887// 6889//
f 6888// 6889// 6890//
f 6890// 6889// 6891//
f 6890// 6891// 6892//
f 6892// 6891// 6893//
f 6892// 6893// 6894//
f 6894// 6893// 6895//
f 6894// 6895// 6896//
f 6896// 6895// 6897//
f 6896// 6897// 6898//
f 6898// 6897// 6899//
f 6871// 6869// 6898//
f 6898// 6869// 6896//
f 6870// 6871// 6899//
f 6899// 6871// 6898//
f 6868// 6870// 6897//
f 6897// 6870// 6899//
f 6868// 6897// 6866//
f 6866// 6897// 6895//
f 6866// 6895// 6864//
f 6864// 6895// 6893//
f 6864// 6893// 6862//
f 6862// 6893// 6891//
f 6862// 6891// 6860//
f 6860// 6891// 6889//
f 6860// 6889// 6858//
f 6858// 6889// 6887//
f 6858// 6887// 6856//
f 6856// 6887// 6885//
f 6854// 6856// 6883//
f 6883// 6856// 6885//
f 6854// 6883// 6881//
f 6854// 6881// 6852//
f 6852// 6881// 6879//
f 6852// 6879// 6850//
f 6850// 6879// 6877//
f 6850// 6877// 6848//
f 6848// 6877// 6875//
f 6848// 6875// 6846//
f 6846// 6875// 6873//
f 6846// 6873// 6844//
f 6844// 6873// 6841//
f 6844// 6841// 6840//
f 6843// 6842// 6845//
f 6845// 6842// 6872//
f 6845// 6872// 6847//
f 6847// 6872// 6874//
f 6847// 6874// 6849//
f 6849// 6874// 6876//
f 6849// 6876// 6851//
f 6851// 6876// 6878//
f 6851// 6878// 6853//
f 6853// 6878// 6880//
f 6853// 6880// 6855//
f 6855// 6880// 6882//
f 6857// 6855// 6884//
f 6884// 6855// 6882//
f 6857// 6884// 6886//
f 6857// 6886// 6859//
f 6859// 6886// 6888//
f 6859// 6888// 6861//
f 6861// 6888// 6890//
f 6861// 6890// 6863//
f 6863// 6890// 6892//
f 6863// 6892// 6865//
f 6865// 6892// 6894//
f 6865// 6894// 6867//
f 6867// 6894// 6896//
f 6867// 6896// 6869//
f 6900// 6901// 537//
f 537// 6901// 538//
f 215// 6902// 216//
f 216// 6902// 6903//
f 537// 216// 6900//
f 6900// 216// 6903//
f 6900// 6903// 6904//
f 6904// 6903// 6905//
f 6904// 6905// 6906//
f 6906// 6905// 6907//
f 6906// 6907// 6908//
f 6908// 6907// 6909//
f 6908// 6909// 6910//
f 6910// 6909// 6911//
f 6910// 6911// 6912//
f 6912// 6911// 6913//
f 6912// 6913// 6914//
f 6914// 6913// 6915//
f 6914// 6915// 6916//
f 6916// 6915// 6917//
f 6916// 6917// 6918//
f 6918// 6917// 6919//
f 6918// 6919// 6920//
f 6920// 6919// 6921//
f 6920// 6921// 6922//
f 6922// 6921// 6923//
f 6922// 6923// 6924//
f 6924// 6923// 6925//
f 6924// 6925// 6926//
f 6926// 6925// 6927//
f 6926// 6927// 6928//
f 6928// 6927// 6929//
f 6928// 6929// 6930//
f 6930// 6929// 6931//
f 215// 538// 6902//
f 6902// 538// 6901//
f 6902// 6901// 6932//
f 6932// 6901// 6933//
f 6932// 6933// 6934//
f 6934// 6933// 6935//
f 6934// 6935// 6936//
f 6936// 6935// 6937//
f 6936// 6937// 6938//
f 6938// 6937// 6939//
f 6938// 6939// 6940//
f 6940// 6939// 6941//
f 6940// 6941// 6942//
f 6942// 6941// 6943//
f 6942// 6943// 6944//
f 6944// 6943// 6945//
f 6944// 6945// 6946//
f 6946// 6945// 6947//
f 6946// 6947// 6948//
f 6948// 6947// 6949//
f 6948// 6949// 6950//
f 6950// 6949// 6951//
f 6950// 6951// 6952//
f 6952// 6951// 6953//
f 6952// 6953// 6954//
f 6954// 6953// 6955//
f 6954// 6955// 6956//
f 6956// 6955// 6957//
f 6956// 6957// 6958//
f 6958// 6957// 6959//
f 6931// 6929// 6958//
f 6958// 6929// 6956//
f 6930// 6931// 6959//
f 6959// 6931// 6958//
f 6928// 6930// 6957//
f 6957// 6930// 6959//
f 6928// 6957// 6926//
f 6926// 6957// 6955//
f 6926// 6955// 6924//
f 6924// 6955// 6953//
f 6924// 6953// 6922//
f 6922// 6953// 6951//
f 6922// 6951// 6920//
f 6920// 6951// 6949//
f 6920// 6949// 6918//
f 6918// 6949// 6947//
f 6918// 6947// 6916//
f 6916// 6947// 6945//
f 6914// 6916// 6943//
f 6943// 6916// 6945//
f 6914// 6943// 6941//
f 6914// 6941// 6912//
f 6912// 6941// 6939//
f 6912// 6939// 6910//
f 6910// 6939// 6937//
f 6910// 6937// 6908//
f 6908// 6937// 6935//
f 6908// 6935// 6906//
f 6906// 6935// 6933//
f 6906// 6933// 6904//
f 6904// 6933// 6901//
f 6904// 6901// 6900//
f 6903// 6902// 6905//
f 6905// 6902// 6932//
f 6905// 6932// 6907//
f 6907// 6932// 6934//
f 6907// 6934// 6909//
f 6909// 6934// 6936//
f 6909// 6936// 6911//
f 6911// 6936// 6938//
f 6911// 6938// 6913//
f 6913// 6938// 6940//
f 6913// 6940// 6915//
f 6915// 6940// 6942//
f 6917// 6915// 6944//
f 6944// 6915// 6942//
f 6917// 6944// 6946//
f 6917// 6946// 6919//
f 6919// 6946// 6948//
f 6919// 6948// 6921//
f 6921// 6948// 6950//
f 6921// 6950// 6923//
f 6923// 6950// 6952//
f 6923// 6952// 6925//
f 6925// 6952// 6954//
f 6925// 6954// 6927//
f 6927// 6954// 6956//
f 6927// 6956// 6929//
f 6960// 6961// 539//
f 539// 6961// 506//
f 213// 6962// 214//
f 214// 6962// 6963//
f 539// 214// 6960//
f 6960// 214// 6963//
f 6960// 6963// 6964//
f 6964// 6963// 6965//
f 6964// 6965// 6966//
f 6966// 6965// 6967//
f 6966// 6967// 6968//
f 6968// 6967// 6969//
f 6968// 6969// 6970//
f 6970// 6969// 6971//
f 6970// 6971// 6972//
f 6972// 6971// 6973//
f 6972// 6973// 6974//
f 6974// 6973// 6975//
f 6974// 6975// 6976//
f 6976// 6975// 6977//
f 6976// 6977// 6978//
f 6978// 6977// 6979//
f 6978// 6979// 6980//
f 6980// 6979// 6981//
f 6980// 6981// 6982//
f 6982// 6981// 6983//
f 6982// 6983// 6984//
f 6984// 6983// 6985//
f 6984// 6985// 6986//
f 6986// 6985// 6987//
f 6986// 6987// 6988//
f 6988// 6987// 6989//
f 6988// 6989// 6990//
f 6990// 6989// 6991//
f 213// 506// 6962//
f 6962// 506// 6961//
f 6962// 6961// 6992//
f 6992// 6961// 6993//
f 6992// 6993// 6994//
f 6994// 6993// 6995//
f 6994// 6995// 6996//
f 6996// 6995// 6997//
f 6996// 6997// 6998//
f 6998// 6997// 6999//
f 6998// 6999// 7000//
f 7000// 6999// 7001//
f 7000// 7001// 7002//
f 7002// 7001// 7003//
f 7002// 7003// 7004//
f 7004// 7003// 7005//
f 7004// 7005// 7006//
f 7006// 7005// 7007//
f 7006// 7007// 7008//
f 7008// 7007// 7009//
f 7008// 7009// 7010//
f 7010// 7009// 7011//
f 7010// 7011// 7012//
f 7012// 7011// 7013//
f 7012// 7013// 7014//
f 7014// 7013// 7015//
f 7014// 7015// 7016//
f 7016// 7015// 7017//
f 7016// 7017// 7018//
f 7018// 7017// 7019//
f 6991// 6989// 7018//
f 7018// 6989// 7016//
f 6990// 6991// 7019//
f 7019// 6991// 7018//
f 6988// 6990// 7017//
f 7017// 6990// 7019//
f 6988// 7017// 6986//
f 6986// 7017// 7015//
f 6986// 7015// 6984//
f 6984// 7015// 7013//
f 6984// 7013// 6982//
f 6982// 7013// 7011//
f 6982// 7011// 6980//
f 6980// 7011// 7009//
f 6980// 7009// 6978//
f 6978// 7009// 7007//
f 6978// 7007// 6976//
f 6976// 7007// 7005//
f 6974// 6976// 7003//
f 7003// 6976// 7005//
f 6974// 7003// 7001//
f 6974// 7001// 6972//
f 6972// 7001// 6999//
f 6972// 6999// 6970//
f 6970// 6999// 6997//
f 6970// 6997// 6968//
f 6968// 6997// 6995//
f 6968// 6995// 6966//
f 6966// 6995// 6993//
f 6966// 6993// 6964//
f 6964// 6993// 6961//
f 6964// 6961// 6960//
f 6963// 6962// 6965//
f 6965// 6962// 6992//
f 6965// 6992// 6967//
f 6967// 6992// 6994//
f 6967// 6994// 6969//
f 6969// 6994// 6996//
f 6969// 6996// 6971//
f 6971// 6996// 6998//
f 6971// 6998// 6973//
f 6973// 6998// 7000//
f 6973// 7000// 6975//
f 6975// 7000// 7002//
f 6977// 6975// 7004//
f 7004// 6975// 7002//
f 6977// 7004// 7006//
f 6977// 7006// 6979//
f 6979// 7006// 7008//
f 6979// 7008// 6981//
f 6981// 7008// 7010//
f 6981// 7010// 6983//
f 6983// 7010// 7012//
f 6983// 7012// 6985//
f 6985// 7012// 7014//
f 6985// 7014// 6987//
f 6987// 7014// 7016//
f 6987// 7016// 6989//
f 7020// 7021// 511//
f 511// 7021// 512//
f 211// 7022// 212//
f 212// 7022// 7023//
f 511// 212// 7020//
f 7020// 212// 7023//
f 7020// 7023// 7024//
f 7024// 7023// 7025//
f 7024// 7025// 7026//
f 7026// 7025// 7027//
f 7026// 7027// 7028//
f 7028// 7027// 7029//
f 7028// 7029// 7030//
f 7030// 7029// 7031//
f 7030// 7031// 7032//
f 7032// 7031// 7033//
f 7032// 7033// 7034//
f 7034// 7033// 7035//
f 7034// 7035// 7036//
f 7036// 7035// 7037//
f 7036// 7037// 7038//
f 7038// 7037// 7039//
f 7038// 7039// 7040//
f 7040// 7039// 7041//
f 7040// 7041// 7042//
f 7042// 7041// 7043//
f 7042// 7043// 7044//
f 7044// 7043// 7045//
f 7044// 7045// 7046//
f 7046// 7045// 7047//
f 7046// 7047// 7048//
f 7048// 7047// 7049//
f 7048// 7049// 7050//
f 7050// 7049// 7051//
f 211// 512// 7022//
f 7022// 512// 7021//
f 7022// 7021// 7052//
f 7052// 7021// 7053//
f 7052// 7053// 7054//
f 7054// 7053// 7055//
f 7054// 7055// 7056//
f 7056// 7055// 7057//
f 7056// 7057// 7058//
f 7058// 7057// 7059//
f 7058// 7059// 7060//
f 7060// 7059// 7061//
f 7060// 7061// 7062//
f 7062// 7061// 7063//
f 7062// 7063// 7064//
f 7064// 7063// 7065//
f 7064// 7065// 7066//
f 7066// 7065// 7067//
f 7066// 7067// 7068//
f 7068// 7067// 7069//
f 7068// 7069// 7070//
f 7070// 7069// 7071//
f 7070// 7071// 7072//
f 7072// 7071// 7073//
f 7072// 7073// 7074//
f 7074// 7073// 7075//
f 7074// 7075// 7076//
f 7076// 7075// 7077//
f 7076// 7077// 7078//
f 7078// 7077// 7079//
f 7051// 7049// 7078//
f 7078// 7049// 7076//
f 7050// 7051// 7079//
f 7079// 7051// 7078//
f 7048// 7050// 7077//
f 7077// 7050// 7079//
f 7048// 7077// 7046//
f 7046// 7077// 7075//
f 7046// 7075// 7044//
f 7044// 7075// 7073//
f 7044// 7073// 7042//
f 7042// 7073// 7071//
f 7042// 7071// 7040//
f 7040// 7071// 7069//
f 7040// 7069// 7038//
f 7038// 7069// 7067//
f 7038// 7067// 7036//
f 7036// 7067// 7065//
f 7034// 7036// 7063//
f 7063// 7036// 7065//
f 7034// 7063// 7061//
f 7034// 7061// 7032//
f 7032// 7061// 7059//
f 7032// 7059// 7030//
f 7030// 7059// 7057//
f 7030// 7057// 7028//
f 7028// 7057// 7055//
f 7028// 7055// 7026//
f 7026// 7055// 7053//
f 7026// 7053// 7024//
f 7024// 7053// 7021//
f 7024// 7021// 7020//
f 7023// 7022// 7025//
f 7025// 7022// 7052//
f 7025// 7052// 7027//
f 7027// 7052// 7054//
f 7027// 7054// 7029//
f 7029// 7054// 7056//
f 7029// 7056// 7031//
f 7031// 7056// 7058//
f 7031// 7058// 7033//
f 7033// 7058// 7060//
f 7033// 7060// 7035//
f 7035// 7060// 7062//
f 7037// 7035// 7064//
f 7064// 7035// 7062//
f 7037// 7064// 7066//
f 7037// 7066// 7039//
f 7039// 7066// 7068//
f 7039// 7068// 7041//
f 7041// 7068// 7070//
f 7041// 7070// 7043//
f 7043// 7070// 7072//
f 7043// 7072// 7045//
f 7045// 7072// 7074//
f 7045// 7074// 7047//
f 7047// 7074// 7076//
f 7047// 7076// 7049//
f 7080// 7081// 518//
f 518// 7081// 519//
f 209// 7082// 210//
f 210// 7082// 7083//
f 518// 210// 7080//
f 7080// 210// 7083//
f 7080// 7083// 7084//
f 7084// 7083// 7085//
f 7084// 7085// 7086//
f 7086// 7085// 7087//
f 7086// 7087// 7088//
f 7088// 7087// 7089//
f 7088// 7089// 7090//
f 7090// 7089// 7091//
f 7090// 7091// 7092//
f 7092// 7091// 7093//
f 7092// 7093// 7094//
f 7094// 7093// 7095//
f 7094// 7095// 7096//
f 7096// 7095// 7097//
f 7096// 7097// 7098//
f 7098// 7097// 7099//
f 7098// 7099// 7100//
f 7100// 7099// 7101//
f 7100// 7101// 7102//
f 7102// 7101// 7103//
f 7102// 7103// 7104//
f 7104// 7103// 7105//
f 7104// 7105// 7106//
f 7106// 7105// 7107//
f 7106// 7107// 7108//
f 7108// 7107// 7109//
f 7108// 7109// 7110//
f 7110// 7109// 7111//
f 209// 519// 7082//
f 7082// 519// 7081//
f 7082// 7081// 7112//
f 7112// 7081// 7113//
f 7112// 7113// 7114//
f 7114// 7113// 7115//
f 7114// 7115// 7116//
f 7116// 7115// 7117//
f 7116// 7117// 7118//
f 7118// 7117// 7119//
f 7118// 7119// 7120//
f 7120// 7119// 7121//
f 7120// 7121// 7122//
f 7122// 7121// 7123//
f 7122// 7123// 7124//
f 7124// 7123// 7125//
f 7124// 7125// 7126//
f 7126// 7125// 7127//
f 7126// 7127// 7128//
f 7128// 7127// 7129//
f 7128// 7129// 7130//
f 7130// 7129// 7131//
f 7130// 7131// 7132//
f 7132// 7131// 7133//
f 7132// 7133// 7134//
f 7134// 7133// 7135//
f 7134// 7135// 7136//
f 7136// 7135// 7137//
f 7136// 7137// 7138//
f 7138// 7137// 7139//
f 7111// 7109// 7138//
f 7138// 7109// 7136//
f 7110// 7111// 7139//
f 7139// 7111// 7138//
f 7108// 7110// 7137//
f 7137// 7110// 7139//
f 7108// 7137// 7106//
f 7106// 7137// 7135//
f 7106// 7135// 7104//
f 7104// 7135// 7133//
f 7104// 7133// 7102//
f 7102// 7133// 7131//
f 7102// 7131// 7100//
f 7100// 7131// 7129//
f 7100// 7129// 7098//
f 7098// 7129// 7127//
f 7098// 7127// 7096//
f 7096// 7127// 7125//
f 7094// 7096// 7123//
f 7123// 7096// 7125//
f 7094// 7123// 7121//
f 7094// 7121// 7092//
f 7092// 7121// 7119//
f 7092// 7119// 7090//
f 7090// 7119// 7117//
f 7090// 7117// 7088//
f 7088// 7117// 7115//
f 7088// 7115// 7086//
f 7086// 7115// 7113//
f 7086// 7113// 7084//
f 7084// 7113// 7081//
f 7084// 7081// 7080//
f 7083// 7082// 7085//
f 7085// 7082// 7112//
f 7085// 7112// 7087//
f 7087// 7112// 7114//
f 7087// 7114// 7089//
f 7089// 7114// 7116//
f 7089// 7116// 7091//
f 7091// 7116// 7118//
f 7091// 7118// 7093//
f 7093// 7118// 7120//
f 7093// 7120// 7095//
f 7095// 7120// 7122//
f 7097// 7095// 7124//
f 7124// 7095// 7122//
f 7097// 7124// 7126//
f 7097// 7126// 7099//
f 7099// 7126// 7128//
f 7099// 7128// 7101//
f 7101// 7128// 7130//
f 7101// 7130// 7103//
f 7103// 7130// 7132//
f 7103// 7132// 7105//
f 7105// 7132// 7134//
f 7105// 7134// 7107//
f 7107// 7134// 7136//
f 7107// 7136// 7109//
f 7140// 7141// 525//
f 525// 7141// 526//
f 207// 7142// 208//
f 208// 7142// 7143//
f 525// 208// 7140//
f 7140// 208// 7143//
f 7140// 7143// 7144//
f 7144// 7143// 7145//
f 7144// 7145// 7146//
f 7146// 7145// 7147//
f 7146// 7147// 7148//
f 7148// 7147// 7149//
f 7148// 7149// 7150//
f 7150// 7149// 7151//
f 7150// 7151// 7152//
f 7152// 7151// 7153//
f 7152// 7153// 7154//
f 7154// 7153// 7155//
f 7154// 7155// 7156//
f 7156// 7155// 7157//
f 7156// 7157// 7158//
f 7158// 7157// 7159//
f 7158// 7159// 7160//
f 7160// 7159// 7161//
f 7160// 7161// 7162//
f 7162// 7161// 7163//
f 7162// 7163// 7164//
f 7164// 7163// 7165//
f 7164// 7165// 7166//
f 7166// 7165// 7167//
f 7166// 7167// 7168//
f 7168// 7167// 7169//
f 7168// 7169// 7170//
f 7170// 7169// 7171//
f 207// 526// 7142//
f 7142// 526// 7141//
f 7142// 7141// 7172//
f 7172// 7141// 7173//
f 7172// 7173// 7174//
f 7174// 7173// 7175//
f 7174// 7175// 7176//
f 7176// 7175// 7177//
f 7176// 7177// 7178//
f 7178// 7177// 7179//
f 7178// 7179// 7180//
f 7180// 7179// 7181//
f 7180// 7181// 7182//
f 7182// 7181// 7183//
f 7182// 7183// 7184//
f 7184// 7183// 7185//
f 7184// 7185// 7186//
f 7186// 7185// 7187//
f 7186// 7187// 7188//
f 7188// 7187// 7189//
f 7188// 7189// 7190//
f 7190// 7189// 7191//
f 7190// 7191// 7192//
f 7192// 7191// 7193//
f 7192// 7193// 7194//
f 7194// 7193// 7195//
f 7194// 7195// 7196//
f 7196// 7195// 7197//
f 7196// 7197// 7198//
f 7198// 7197// 7199//
f 7171// 7169// 7198//
f 7198// 7169// 7196//
f 7170// 7171// 7199//
f 7199// 7171// 7198//
f 7168// 7170// 7197//
f 7197// 7170// 7199//
f 7168// 7197// 7166//
f 7166// 7197// 7195//
f 7166// 7195// 7164//
f 7164// 7195// 7193//
f 7164// 7193// 7162//
f 7162// 7193// 7191//
f 7162// 7191// 7160//
f 7160// 7191// 7189//
f 7160// 7189// 7158//
f 7158// 7189// 7187//
f 7158// 7187// 7156//
f 7156// 7187// 7185//
f 7154// 7156// 7183//
f 7183// 7156// 7185//
f 7154// 7183// 7181//
f 7154// 7181// 7152//
f 7152// 7181// 7179//
f 7152// 7179// 7150//
f 7150// 7179// 7177//
f 7150// 7177// 7148//
f 7148// 7177// 7175//
f 7148// 7175// 7146//
f 7146// 7175// 7173//
f 7146// 7173// 7144//
f 7144// 7173// 7141//
f 7144// 7141// 7140//
f 7143// 7142// 7145//
f 7145// 7142// 7172//
f 7145// 7172// 7147//
f 7147// 7172// 7174//
f 7147// 7174// 7149//
f 7149// 7174// 7176//
f 7149// 7176// 7151//
f 7151// 7176// 7178//
f 7151// 7178// 7153//
f 7153// 7178// 7180//
f 7153// 7180// 7155//
f 7155// 7180// 7182//
f 7157// 7155// 7184//
f 7184// 7155// 7182//
f 7157// 7184// 7186//
f 7157// 7186// 7159//
f 7159// 7186// 7188//
f 7159// 7188// 7161//
f 7161// 7188// 7190//
f 7161// 7190// 7163//
f 7163// 7190// 7192//
f 7163// 7192// 7165//
f 7165// 7192// 7194//
f 7165// 7194// 7167//
f 7167// 7194// 7196//
f 7167// 7196// 7169//
f 7200// 7201// 540//
f 540// 7201// 541//
f 205// 7202// 206//
f 206// 7202// 7203//
f 540// 206// 7200//
f 7200// 206// 7203//
f 7200// 7203// 7204//
f 7204// 7203// 7205//
f 7204// 7205// 7206//
f 7206// 7205// 7207//
f 7206// 7207// 7208//
f 7208// 7207// 7209//
f 7208// 7209// 7210//
f 7210// 7209// 7211//
f 7210// 7211// 7212//
f 7212// 7211// 7213//
f 7212// 7213// 7214//
f 7214// 7213// 7215//
f 7214// 7215// 7216//
f 7216// 7215// 7217//
f 7216// 7217// 7218//
f 7218// 7217// 7219//
f 7218// 7219// 7220//
f 7220// 7219// 7221//
f 7220// 7221// 7222//
f 7222// 7221// 7223//
f 7222// 7223// 7224//
f 7224// 7223// 7225//
f 7224// 7225// 7226//
f 7226// 7225// 7227//
f 7226// 7227// 7228//
f 7228// 7227// 7229//
f 7228// 7229// 7230//
f 7230// 7229// 7231//
f 205// 541// 7202//
f 7202// 541// 7201//
f 7202// 7201// 7232//
f 7232// 7201// 7233//
f 7232// 7233// 7234//
f 7234// 7233// 7235//
f 7234// 7235// 7236//
f 7236// 7235// 7237//
f 7236// 7237// 7238//
f 7238// 7237// 7239//
f 7238// 7239// 7240//
f 7240// 7239// 7241//
f 7240// 7241// 7242//
f 7242// 7241// 7243//
f 7242// 7243// 7244//
f 7244// 7243// 7245//
f 7244// 7245// 7246//
f 7246// 7245// 7247//
f 7246// 7247// 7248//
f 7248// 7247// 7249//
f 7248// 7249// 7250//
f 7250// 7249// 7251//
f 7250// 7251// 7252//
f 7252// 7251// 7253//
f 7252// 7253// 7254//
f 7254// 7253// 7255//
f 7254// 7255// 7256//
f 7256// 7255// 7257//
f 7256// 7257// 7258//
f 7258// 7257// 7259//
f 7231// 7229// 7258//
f 7258// 7229// 7256//
f 7230// 7231// 7259//
f 7259// 7231// 7258//
f 7228// 7230// 7257//
f 7257// 7230// 7259//
f 7228// 7257// 7226//
f 7226// 7257// 7255//
f 7226// 7255// 7224//
f 7224// 7255// 7253//
f 7224// 7253// 7222//
f 7222// 7253// 7251//
f 7222// 7251// 7220//
f 7220// 7251// 7249//
f 7220// 7249// 7218//
f 7218// 7249// 7247//
f 7218// 7247// 7216//
f 7216// 7247// 7245//
f 7214// 7216// 7243//
f 7243// 7216// 7245//
f 7214// 7243// 7241//
f 7214// 7241// 7212//
f 7212// 7241// 7239//
f 7212// 7239// 7210//
f 7210// 7239// 7237//
f 7210// 7237// 7208//
f 7208// 7237// 7235//
f 7208// 7235// 7206//
f 7206// 7235// 7233//
f 7206// 7233// 7204//
f 7204// 7233// 7201//
f 7204// 7201// 7200//
f 7203// 7202// 7205//
f 7205// 7202// 7232//
f 7205// 7232// 7207//
f 7207// 7232// 7234//
f 7207// 7234// 7209//
f 7209// 7234// 7236//
f 7209// 7236// 7211//
f 7211// 7236// 7238//
f 7211// 7238// 7213//
f 7213// 7238// 7240//
f 7213// 7240// 7215//
f 7215// 7240// 7242//
f 7217// 7215// 7244//
f 7244// 7215// 7242//
f 7217// 7244// 7246//
f 7217// 7246// 7219//
f 7219// 7246// 7248//
f 7219// 7248// 7221//
f 7221// 7248// 7250//
f 7221// 7250// 7223//
f 7223// 7250// 7252//
f 7223// 7252// 7225//
f 7225// 7252// 7254//
f 7225// 7254// 7227//
f 7227// 7254// 7256//
f 7227// 7256// 7229//
f 7260// 7261// 542//
f 542// 7261// 543//
f 203// 7262// 204//
f 204// 7262// 7263//
f 542// 204// 7260//
f 7260// 204// 7263//
f 7260// 7263// 7264//
f 7264// 7263// 7265//
f 7264// 7265// 7266//
f 7266// 7265// 7267//
f 7266// 7267// 7268//
f 7268// 7267// 7269//
f 7268// 7269// 7270//
f 7270// 7269// 7271//
f 7270// 7271// 7272//
f 7272// 7271// 7273//
f 7272// 7273// 7274//
f 7274// 7273// 7275//
f 7274// 7275// 7276//
f 7276// 7275// 7277//
f 7276// 7277// 7278//
f 7278// 7277// 7279//
f 7278// 7279// 7280//
f 7280// 7279// 7281//
f 7280// 7281// 7282//
f 7282// 7281// 7283//
f 7282// 7283// 7284//
f 7284// 7283// 7285//
f 7284// 7285// 7286//
f 7286// 7285// 7287//
f 7286// 7287// 7288//
f 7288// 7287// 7289//
f 7288// 7289// 7290//
f 7290// 7289// 7291//
f 203// 543// 7262//
f 7262// 543// 7261//
f 7262// 7261// 7292//
f 7292// 7261// 7293//
f 7292// 7293// 7294//
f 7294// 7293// 7295//
f 7294// 7295// 7296//
f 7296// 7295// 7297//
f 7296// 7297// 7298//
f 7298// 7297// 7299//
f 7298// 7299// 7300//
f 7300// 7299// 7301//
f 7300// 7301// 7302//
f 7302// 7301// 7303//
f 7302// 7303// 7304//
f 7304// 7303// 7305//
f 7304// 7305// 7306//
f 7306// 7305// 7307//
f 7306// 7307// 7308//
f 7308// 7307// 7309//
f 7308// 7309// 7310//
f 7310// 7309// 7311//
f 7310// 7311// 7312//
f 7312// 7311// 7313//
f 7312// 7313// 7314//
f 7314// 7313// 7315//
f 7314// 7315// 7316//
f 7316// 7315// 7317//
f 7316// 7317// 7318//
f 7318// 7317// 7319//
f 7291// 7289// 7318//
f 7318// 7289// 7316//
f 7290// 7291// 7319//
f 7319// 7291// 7318//
f 7288// 7290// 7317//
f 7317// 7290// 7319//
f 7288// 7317// 7286//
f 7286// 7317// 7315//
f 7286// 7315// 7284//
f 7284// 7315// 7313//
f 7284// 7313// 7282//
f 7282// 7313// 7311//
f 7282// 7311// 7280//
f 7280// 7311// 7309//
f 7280// 7309// 7278//
f 7278// 7309// 7307//
f 7278// 7307// 7276//
f 7276// 7307// 7305//
f 7274// 7276// 7303//
f 7303// 7276// 7305//
f 7274// 7303// 7301//
f 7274// 7301// 7272//
f 7272// 7301// 7299//
f 7272// 7299// 7270//
f 7270// 7299// 7297//
f 7270// 7297// 7268//
f 7268// 7297// 7295//
f 7268// 7295// 7266//
f 7266// 7295// 7293//
f 7266// 7293// 7264//
f 7264// 7293// 7261//
f 7264// 7261// 7260//
f 7263// 7262// 7265//
f 7265// 7262// 7292//
f 7265// 7292// 7267//
f 7267// 7292// 7294//
f 7267// 7294// 7269//
f 7269// 7294// 7296//
f 7269// 7296// 7271//
f 7271// 7296// 7298//
f 7271// 7298// 7273//
f 7273// 7298// 7300//
f 7273// 7300// 7275//
f 7275// 7300// 7302//
f 7277// 7275// 7304//
f 7304// 7275// 7302//
f 7277// 7304// 7306//
f 7277// 7306// 7279//
f 7279// 7306// 7308//
f 7279// 7308// 7281//
f 7281// 7308// 7310//
f 7281// 7310// 7283//
f 7283// 7310// 7312//
f 7283// 7312// 7285//
f 7285// 7312// 7314//
f 7285// 7314// 7287//
f 7287// 7314// 7316//
f 7287// 7316// 7289//
f 7320// 7321// 544//
f 544// 7321// 513//
f 201// 7322// 202//
f 202// 7322// 7323//
f 544// 202// 7320//
f 7320// 202// 7323//
f 7320// 7323// 7324//
f 7324// 7323// 7325//
f 7324// 7325// 7326//
f 7326// 7325// 7327//
f 7326// 7327// 7328//
f 7328// 7327// 7329//
f 7328// 7329// 7330//
f 7330// 7329// 7331//
f 7330// 7331// 7332//
f 7332// 7331// 7333//
f 7332// 7333// 7334//
f 7334// 7333// 7335//
f 7334// 7335// 7336//
f 7336// 7335// 7337//
f 7336// 7337// 7338//
f 7338// 7337// 7339//
f 7338// 7339// 7340//
f 7340// 7339// 7341//
f 7340// 7341// 7342//
f 7342// 7341// 7343//
f 7342// 7343// 7344//
f 7344// 7343// 7345//
f 7344// 7345// 7346//
f 7346// 7345// 7347//
f 7346// 7347// 7348//
f 7348// 7347// 7349//
f 7348// 7349// 7350//
f 7350// 7349// 7351//
f 201// 513// 7322//
f 7322// 513// 7321//
f 7322// 7321// 7352//
f 7352// 7321// 7353//
f 7352// 7353// 7354//
f 7354// 7353// 7355//
f 7354// 7355// 7356//
f 7356// 7355// 7357//
f 7356// 7357// 7358//
f 7358// 7357// 7359//
f 7358// 7359// 7360//
f 7360// 7359// 7361//
f 7360// 7361// 7362//
f 7362// 7361// 7363//
f 7362// 7363// 7364//
f 7364// 7363// 7365//
f 7364// 7365// 7366//
f 7366// 7365// 7367//
f 7366// 7367// 7368//
f 7368// 7367// 7369//
f 7368// 7369// 7370//
f 7370// 7369// 7371//
f 7370// 7371// 7372//
f 7372// 7371// 7373//
f 7372// 7373// 7374//
f 7374// 7373// 7375//
f 7374// 7375// 7376//
f 7376// 7375// 7377//
f 7376// 7377// 7378//
f 7378// 7377// 7379//
f 7351// 7349// 7378//
f 7378// 7349// 7376//
f 7350// 7351// 7379//
f 7379// 7351// 7378//
f 7348// 7350// 7377//
f 7377// 7350// 7379//
f 7348// 7377// 7346//
f 7346// 7377// 7375//
f 7346// 7375// 7344//
f 7344// 7375// 7373//
f 7344// 7373// 7342//
f 7342// 7373// 7371//
f 7342// 7371// 7340//
f 7340// 7371// 7369//
f 7340// 7369// 7338//
f 7338// 7369// 7367//
f 7338// 7367// 7336//
f 7336// 7367// 7365//
f 7334// 7336// 7363//
f 7363// 7336// 7365//
f 7334// 7363// 7361//
f 7334// 7361// 7332//
f 7332// 7361// 7359//
f 7332// 7359// 7330//
f 7330// 7359// 7357//
f 7330// 7357// 7328//
f 7328// 7357// 7355//
f 7328// 7355// 7326//
f 7326// 7355// 7353//
f 7326// 7353// 7324//
f 7324// 7353// 7321//
f 7324// 7321// 7320//
f 7323// 7322// 7325//
f 7325// 7322// 7352//
f 7325// 7352// 7327//
f 7327// 7352// 7354//
f 7327// 7354// 7329//
f 7329// 7354// 7356//
f 7329// 7356// 7331//
f 7331// 7356// 7358//
f 7331// 7358// 7333//
f 7333// 7358// 7360//
f 7333// 7360// 7335//
f 7335// 7360// 7362//
f 7337// 7335// 7364//
f 7364// 7335// 7362//
f 7337// 7364// 7366//
f 7337// 7366// 7339//
f 7339// 7366// 7368//
f 7339// 7368// 7341//
f 7341// 7368// 7370//
f 7341// 7370// 7343//
f 7343// 7370// 7372//
f 7343// 7372// 7345//
f 7345// 7372// 7374//
f 7345// 7374// 7347//
f 7347// 7374// 7376//
f 7347// 7376// 7349//
f 7380// 7381// 527//
f 527// 7381// 528//
f 199// 7382// 200//
f 200// 7382// 7383//
f 527// 200// 7380//
f 7380// 200// 7383//
f 7380// 7383// 7384//
f 7384// 7383// 7385//
f 7384// 7385// 7386//
f 7386// 7385// 7387//
f 7386// 7387// 7388//
f 7388// 7387// 7389//
f 7388// 7389// 7390//
f 7390// 7389// 7391//
f 7390// 7391// 7392//
f 7392// 7391// 7393//
f 7392// 7393// 7394//
f 7394// 7393// 7395//
f 7394// 7395// 7396//
f 7396// 7395// 7397//
f 7396// 7397// 7398//
f 7398// 7397// 7399//
f 7398// 7399// 7400//
f 7400// 7399// 7401//
f 7400// 7401// 7402//
f 7402// 7401// 7403//
f 7402// 7403// 7404//
f 7404// 7403// 7405//
f 7404// 7405// 7406//
f 7406// 7405// 7407//
f 7406// 7407// 7408//
f 7408// 7407// 7409//
f 7408// 7409// 7410//
f 7410// 7409// 7411//
f 199// 528// 7382//
f 7382// 528// 7381//
f 7382// 7381// 7412//
f 7412// 7381// 7413//
f 7412// 7413// 7414//
f 7414// 7413// 7415//
f 7414// 7415// 7416//
f 7416// 7415// 7417//
f 7416// 7417// 7418//
f 7418// 7417// 7419//
f 7418// 7419// 7420//
f 7420// 7419// 7421//
f 7420// 7421// 7422//
f 7422// 7421// 7423//
f 7422// 7423// 7424//
f 7424// 7423// 7425//
f 7424// 7425// 7426//
f 7426// 7425// 7427//
f 7426// 7427// 7428//
f 7428// 7427// 7429//
f 7428// 7429// 7430//
f 7430// 7429// 7431//
f 7430// 7431// 7432//
f 7432// 7431// 7433//
f 7432// 7433// 7434//
f 7434// 7433// 7435//
f 7434// 7435// 7436//
f 7436// 7435// 7437//
f 7436// 7437// 7438//
f 7438// 7437// 7439//
f 7411// 7409// 7438//
f 7438// 7409// 7436//
f 7410// 7411// 7439//
f 7439// 7411// 7438//
f 7408// 7410// 7437//
f 7437// 7410// 7439//
f 7408// 7437// 7406//
f 7406// 7437// 7435//
f 7406// 7435// 7404//
f 7404// 7435// 7433//
f 7404// 7433// 7402//
f 7402// 7433// 7431//
f 7402// 7431// 7400//
f 7400// 7431// 7429//
f 7400// 7429// 7398//
f 7398// 7429// 7427//
f 7398// 7427// 7396//
f 7396// 7427// 7425//
f 7394// 7396// 7423//
f 7423// 7396// 7425//
f 7394// 7423// 7421//
f 7394// 7421// 7392//
f 7392// 7421// 7419//
f 7392// 7419// 7390//
f 7390// 7419// 7417//
f 7390// 7417// 7388//
f 7388// 7417// 7415//
f 7388// 7415// 7386//
f 7386// 7415// 7413//
f 7386// 7413// 7384//
f 7384// 7413// 7381//
f 7384// 7381// 7380//
f 7383// 7382// 7385//
f 7385// 7382// 7412//
f 7385// 7412// 7387//
f 7387// 7412// 7414//
f 7387// 7414// 7389//
f 7389// 7414// 7416//
f 7389// 7416// 7391//
f 7391// 7416// 7418//
f 7391// 7418// 7393//
f 7393// 7418// 7420//
f 7393// 7420// 7395//
f 7395// 7420// 7422//
f 7397// 7395// 7424//
f 7424// 7395// 7422//
f 7397// 7424// 7426//
f 7397// 7426// 7399//
f 7399// 7426// 7428//
f 7399// 7428// 7401//
f 7401// 7428// 7430//
f 7401// 7430// 7403//
f 7403// 7430// 7432//
f 7403// 7432// 7405//
f 7405// 7432// 7434//
f 7405// 7434// 7407//
f 7407// 7434// 7436//
f 7407// 7436// 7409//
f 7440// 7441// 554//
f 554// 7441// 514//
f 197// 7442// 198//
f 198// 7442// 7443//
f 554// 198// 7440//
f 7440// 198// 7443//
f 7440// 7443// 7444//
f 7444// 7443// 7445//
f 7444// 7445// 7446//
f 7446// 7445// 7447//
f 7446// 7447// 7448//
f 7448// 7447// 7449//
f 7448// 7449// 7450//
f 7450// 7449// 7451//
f 7450// 7451// 7452//
f 7452// 7451// 7453//
f 7452// 7453// 7454//
f 7454// 7453// 7455//
f 7454// 7455// 7456//
f 7456// 7455// 7457//
f 7456// 7457// 7458//
f 7458// 7457// 7459//
f 7458// 7459// 7460//
f 7460// 7459// 7461//
f 7460// 7461// 7462//
f 7462// 7461// 7463//
f 7462// 7463// 7464//
f 7464// 7463// 7465//
f 7464// 7465// 7466//
f 7466// 7465// 7467//
f 7466// 7467// 7468//
f 7468// 7467// 7469//
f 7468// 7469// 7470//
f 7470// 7469// 7471//
f 197// 514// 7442//
f 7442// 514// 7441//
f 7442// 7441// 7472//
f 7472// 7441// 7473//
f 7472// 7473// 7474//
f 7474// 7473// 7475//
f 7474// 7475// 7476//
f 7476// 7475// 7477//
f 7476// 7477// 7478//
f 7478// 7477// 7479//
f 7478// 7479// 7480//
f 7480// 7479// 7481//
f 7480// 7481// 7482//
f 7482// 7481// 7483//
f 7482// 7483// 7484//
f 7484// 7483// 7485//
f 7484// 7485// 7486//
f 7486// 7485// 7487//
f 7486// 7487// 7488//
f 7488// 7487// 7489//
f 7488// 7489// 7490//
f 7490// 7489// 7491//
f 7490// 7491// 7492//
f 7492// 7491// 7493//
f 7492// 7493// 7494//
f 7494// 7493// 7495//
f 7494// 7495// 7496//
f 7496// 7495// 7497//
f 7496// 7497// 7498//
f 7498// 7497// 7499//
f 7471// 7469// 7498//
f 7498// 7469// 7496//
f 7470// 7471// 7499//
f 7499// 7471// 7498//
f 7468// 7470// 7497//
f 7497// 7470// 7499//
f 7468// 7497// 7466//
f 7466// 7497// 7495//
f 7466// 7495// 7464//
f 7464// 7495// 7493//
f 7464// 7493// 7462//
f 7462// 7493// 7491//
f 7462// 7491// 7460//
f 7460// 7491// 7489//
f 7460// 7489// 7458//
f 7458// 7489// 7487//
f 7458// 7487// 7456//
f 7456// 7487// 7485//
f 7454// 7456// 7483//
f 7483// 7456// 7485//
f 7454// 7483// 7481//
f 7454// 7481// 7452//
f 7452// 7481// 7479//
f 7452// 7479// 7450//
f 7450// 7479// 7477//
f 7450// 7477// 7448//
f 7448// 7477// 7475//
f 7448// 7475// 7446//
f 7446// 7475// 7473//
f 7446// 7473// 7444//
f 7444// 7473// 7441//
f 7444// 7441// 7440//
f 7443// 7442// 7445//
f 7445// 7442// 7472//
f 7445// 7472// 7447//
f 7447// 7472// 7474//
f 7447// 7474// 7449//
f 7449// 7474// 7476//
f 7449// 7476// 7451//
f 7451// 7476// 7478//
f 7451// 7478// 7453//
f 7453// 7478// 7480//
f 7453// 7480// 7455//
f 7455// 7480// 7482//
f 7457// 7455// 7484//
f 7484// 7455// 7482//
f 7457// 7484// 7486//
f 7457// 7486// 7459//
f 7459// 7486// 7488//
f 7459// 7488// 7461//
f 7461// 7488// 7490//
f 7461// 7490// 7463//
f 7463// 7490// 7492//
f 7463// 7492// 7465//
f 7465// 7492// 7494//
f 7465// 7494// 7467//
f 7467// 7494// 7496//
f 7467// 7496// 7469//
f 7500// 7501// 550//
f 550// 7501// 551//
f 195// 7502// 196//
f 196// 7502// 7503//
f 550// 196// 7500//
f 7500// 196// 7503//
f 7500// 7503// 7504//
f 7504// 7503// 7505//
f 7504// 7505// 7506//
f 7506// 7505// 7507//
f 7506// 7507// 7508//
f 7508// 7507// 7509//
f 7508// 7509// 7510//
f 7510// 7509// 7511//
f 7510// 7511// 7512//
f 7512// 7511// 7513//
f 7512// 7513// 7514//
f 7514// 7513// 7515//
f 7514// 7515// 7516//
f 7516// 7515// 7517//
f 7516// 7517// 7518//
f 7518// 7517// 7519//
f 7518// 7519// 7520//
f 7520// 7519// 7521//
f 7520// 7521// 7522//
f 7522// 7521// 7523//
f 7522// 7523// 7524//
f 7524// 7523// 7525//
f 7524// 7525// 7526//
f 7526// 7525// 7527//
f 7526// 7527// 7528//
f 7528// 7527// 7529//
f 7528// 7529// 7530//
f 7530// 7529// 7531//
f 195// 551// 7502//
f 7502// 551// 7501//
f 7502// 7501// 7532//
f 7532// 7501// 7533//
f 7532// 7533// 7534//
f 7534// 7533// 7535//
f 7534// 7535// 7536//
f 7536// 7535// 7537//
f 7536// 7537// 7538//
f 7538// 7537// 7539//
f 7538// 7539// 7540//
f 7540// 7539// 7541//
f 7540// 7541// 7542//
f 7542// 7541// 7543//
f 7542// 7543// 7544//
f 7544// 7543// 7545//
f 7544// 7545// 7546//
f 7546// 7545// 7547//
f 7546// 7547// 7548//
f 7548// 7547// 7549//
f 7548// 7549// 7550//
f 7550// 7549// 7551//
f 7550// 7551// 7552//
f 7552// 7551// 7553//
f 7552// 7553// 7554//
f 7554// 7553// 7555//
f 7554// 7555// 7556//
f 7556// 7555// 7557//
f 7556// 7557// 7558//
f 7558// 7557// 7559//
f 7531// 7529// 7558//
f 7558// 7529// 7556//
f 7530// 7531// 7559//
f 7559// 7531// 7558//
f 7528// 7530// 7557//
f 7557// 7530// 7559//
f 7528// 7557// 7526//
f 7526// 7557// 7555//
f 7526// 7555// 7524//
f 7524// 7555// 7553//
f 7524// 7553// 7522//
f 7522// 7553// 7551//
f 7522// 7551// 7520//
f 7520// 7551// 7549//
f 7520// 7549// 7518//
f 7518// 7549// 7547//
f 7518// 7547// 7516//
f 7516// 7547// 7545//
f 7514// 7516// 7543//
f 7543// 7516// 7545//
f 7514// 7543// 7541//
f 7514// 7541// 7512//
f 7512// 7541// 7539//
f 7512// 7539// 7510//
f 7510// 7539// 7537//
f 7510// 7537// 7508//
f 7508// 7537// 7535//
f 7508// 7535// 7506//
f 7506// 7535// 7533//
f 7506// 7533// 7504//
f 7504// 7533// 7501//
f 7504// 7501// 7500//
f 7503// 7502// 7505//
f 7505// 7502// 7532//
f 7505// 7532// 7507//
f 7507// 7532// 7534//
f 7507// 7534// 7509//
f 7509// 7534// 7536//
f 7509// 7536// 7511//
f 7511// 7536// 7538//
f 7511// 7538// 7513//
f 7513// 7538// 7540//
f 7513// 7540// 7515//
f 7515// 7540// 7542//
f 7517// 7515// 7544//
f 7544// 7515// 7542//
f 7517// 7544// 7546//
f 7517// 7546// 7519//
f 7519// 7546// 7548//
f 7519// 7548// 7521//
f 7521// 7548// 7550//
f 7521// 7550// 7523//
f 7523// 7550// 7552//
f 7523// 7552// 7525//
f 7525// 7552// 7554//
f 7525// 7554// 7527//
f 7527// 7554// 7556//
f 7527// 7556// 7529//
f 7560// 7561// 560//
f 560// 7561// 529//
f 193// 7562// 194//
f 194// 7562// 7563//
f 560// 194// 7560//
f 7560// 194// 7563//
f 7560// 7563// 7564//
f 7564// 7563// 7565//
f 7564// 7565// 7566//
f 7566// 7565// 7567//
f 7566// 7567// 7568//
f 7568// 7567// 7569//
f 7568// 7569// 7570//
f 7570// 7569// 7571//
f 7570// 7571// 7572//
f 7572// 7571// 7573//
f 7572// 7573// 7574//
f 7574// 7573// 7575//
f 7574// 7575// 7576//
f 7576// 7575// 7577//
f 7576// 7577// 7578//
f 7578// 7577// 7579//
f 7578// 7579// 7580//
f 7580// 7579// 7581//
f 7580// 7581// 7582//
f 7582// 7581// 7583//
f 7582// 7583// 7584//
f 7584// 7583// 7585//
f 7584// 7585// 7586//
f 7586// 7585// 7587//
f 7586// 7587// 7588//
f 7588// 7587// 7589//
f 7588// 7589// 7590//
f 7590// 7589// 7591//
f 193// 529// 7562//
f 7562// 529// 7561//
f 7562// 7561// 7592//
f 7592// 7561// 7593//
f 7592// 7593// 7594//
f 7594// 7593// 7595//
f 7594// 7595// 7596//
f 7596// 7595// 7597//
f 7596// 7597// 7598//
f 7598// 7597// 7599//
f 7598// 7599// 7600//
f 7600// 7599// 7601//
f 7600// 7601// 7602//
f 7602// 7601// 7603//
f 7602// 7603// 7604//
f 7604// 7603// 7605//
f 7604// 7605// 7606//
f 7606// 7605// 7607//
f 7606// 7607// 7608//
f 7608// 7607// 7609//
f 7608// 7609// 7610//
f 7610// 7609// 7611//
f 7610// 7611// 7612//
f 7612// 7611// 7613//
f 7612// 7613// 7614//
f 7614// 7613// 7615//
f 7614// 7615// 7616//
f 7616// 7615// 7617//
f 7616// 7617// 7618//
f 7618// 7617// 7619//
f 7591// 7589// 7618//
f 7618// 7589// 7616//
f 7590// 7591// 7619//
f 7619// 7591// 7618//
f 7588// 7590// 7617//
f 7617// 7590// 7619//
f 7588// 7617// 7586//
f 7586// 7617// 7615//
f 7586// 7615// 7584//
f 7584// 7615// 7613//
f 7584// 7613// 7582//
f 7582// 7613// 7611//
f 7582// 7611// 7580//
f 7580// 7611// 7609//
f 7580// 7609// 7578//
f 7578// 7609// 7607//
f 7578// 7607// 7576//
f 7576// 7607// 7605//
f 7574// 7576// 7603//
f 7603// 7576// 7605//
f 7574// 7603// 7601//
f 7574// 7601// 7572//
f 7572// 7601// 7599//
f 7572// 7599// 7570//
f 7570// 7599// 7597//
f 7570// 7597// 7568//
f 7568// 7597// 7595//
f 7568// 7595// 7566//
f 7566// 7595// 7593//
f 7566// 7593// 7564//
f 7564// 7593// 7561//
f 7564// 7561// 7560//
f 7563// 7562// 7565//
f 7565// 7562// 7592//
f 7565// 7592// 7567//
f 7567// 7592// 7594//
f 7567// 7594// 7569//
f 7569// 7594// 7596//
f 7569// 7596// 7571//
f 7571// 7596// 7598//
f 7571// 7598// 7573//
f 7573// 7598// 7600//
f 7573// 7600// 7575//
f 7575// 7600// 7602//
f 7577// 7575// 7604//
f 7604// 7575// 7602//
f 7577// 7604// 7606//
f 7577// 7606// 7579//
f 7579// 7606// 7608//
f 7579// 7608// 7581//
f 7581// 7608// 7610//
f 7581// 7610// 7583//
f 7583// 7610// 7612//
f 7583// 7612// 7585//
f 7585// 7612// 7614//
f 7585// 7614// 7587//
f 7587// 7614// 7616//
f 7587// 7616// 7589//
f 7620// 7621// 555//
f 555// 7621// 556//
f 190// 7622// 191//
f 191// 7622// 7623//
f 555// 191// 7620//
f 7620// 191// 7623//
f 7620// 7623// 7624//
f 7624// 7623// 7625//
f 7624// 7625// 7626//
f 7626// 7625// 7627//
f 7626// 7627// 7628//
f 7628// 7627// 7629//
f 7628// 7629// 7630//
f 7630// 7629// 7631//
f 7630// 7631// 7632//
f 7632// 7631// 7633//
f 7632// 7633// 7634//
f 7634// 7633// 7635//
f 7634// 7635// 7636//
f 7636// 7635// 7637//
f 7636// 7637// 7638//
f 7638// 7637// 7639//
f 7638// 7639// 7640//
f 7640// 7639// 7641//
f 7640// 7641// 7642//
f 7642// 7641// 7643//
f 7642// 7643// 7644//
f 7644// 7643// 7645//
f 7644// 7645// 7646//
f 7646// 7645// 7647//
f 7646// 7647// 7648//
f 7648// 7647// 7649//
f 7648// 7649// 7650//
f 7650// 7649// 7651//
f 190// 556// 7622//
f 7622// 556// 7621//
f 7622// 7621// 7652//
f 7652// 7621// 7653//
f 7652// 7653// 7654//
f 7654// 7653// 7655//
f 7654// 7655// 7656//
f 7656// 7655// 7657//
f 7656// 7657// 7658//
f 7658// 7657// 7659//
f 7658// 7659// 7660//
f 7660// 7659// 7661//
f 7660// 7661// 7662//
f 7662// 7661// 7663//
f 7662// 7663// 7664//
f 7664// 7663// 7665//
f 7664// 7665// 7666//
f 7666// 7665// 7667//
f 7666// 7667// 7668//
f 7668// 7667// 7669//
f 7668// 7669// 7670//
f 7670// 7669// 7671//
f 7670// 7671// 7672//
f 7672// 7671// 7673//
f 7672// 7673// 7674//
f 7674// 7673// 7675//
f 7674// 7675// 7676//
f 7676// 7675// 7677//
f 7676// 7677// 7678//
f 7678// 7677// 7679//
f 7651// 7649// 7678//
f 7678// 7649// 7676//
f 7650// 7651// 7679//
f 7679// 7651// 7678//
f 7648// 7650// 7677//
f 7677// 7650// 7679//
f 7648// 7677// 7646//
f 7646// 7677// 7675//
f 7646// 7675// 7644//
f 7644// 7675// 7673//
f 7644// 7673// 7642//
f 7642// 7673// 7671//
f 7642// 7671// 7640//
f 7640// 7671// 7669//
f 7640// 7669// 7638//
f 7638// 7669// 7667//
f 7638// 7667// 7636//
f 7636// 7667// 7665//
f 7634// 7636// 7663//
f 7663// 7636// 7665//
f 7634// 7663// 7661//
f 7634// 7661// 7632//
f 7632// 7661// 7659//
f 7632// 7659// 7630//
f 7630// 7659// 7657//
f 7630// 7657// 7628//
f 7628// 7657// 7655//
f 7628// 7655// 7626//
f 7626// 7655// 7653//
f 7626// 7653// 7624//
f 7624// 7653// 7621//
f 7624// 7621// 7620//
f 7623// 7622// 7625//
f 7625// 7622// 7652//
f 7625// 7652// 7627//
f 7627// 7652// 7654//
f 7627// 7654// 7629//
f 7629// 7654// 7656//
f 7629// 7656// 7631//
f 7631// 7656// 7658//
f 7631// 7658// 7633//
f 7633// 7658// 7660//
f 7633// 7660// 7635//
f 7635// 7660// 7662//
f 7637// 7635// 7664//
f 7664// 7635// 7662//
f 7637// 7664// 7666//
f 7637// 7666// 7639//
f 7639// 7666// 7668//
f 7639// 7668// 7641//
f 7641// 7668// 7670//
f 7641// 7670// 7643//
f 7643// 7670// 7672//
f 7643// 7672// 7645//
f 7645// 7672// 7674//
f 7645// 7674// 7647//
f 7647// 7674// 7676//
f 7647// 7676// 7649//
f 7680// 7681// 561//
f 561// 7681// 520//
f 188// 7682// 189//
f 189// 7682// 7683//
f 561// 189// 7680//
f 7680// 189// 7683//
f 7680// 7683// 7684//
f 7684// 7683// 7685//
f 7684// 7685// 7686//
f 7686// 7685// 7687//
f 7686// 7687// 7688//
f 7688// 7687// 7689//
f 7688// 7689// 7690//
f 7690// 7689// 7691//
f 7690// 7691// 7692//
f 7692// 7691// 7693//
f 7692// 7693// 7694//
f 7694// 7693// 7695//
f 7694// 7695// 7696//
f 7696// 7695// 7697//
f 7696// 7697// 7698//
f 7698// 7697// 7699//
f 7698// 7699// 7700//
f 7700// 7699// 7701//
f 7700// 7701// 7702//
f 7702// 7701// 7703//
f 7702// 7703// 7704//
f 7704// 7703// 7705//
f 7704// 7705// 7706//
f 7706// 7705// 7707//
f 7706// 7707// 7708//
f 7708// 7707// 7709//
f 7708// 7709// 7710//
f 7710// 7709// 7711//
f 188// 520// 7682//
f 7682// 520// 7681//
f 7682// 7681// 7712//
f 7712// 7681// 7713//
f 7712// 7713// 7714//
f 7714// 7713// 7715//
f 7714// 7715// 7716//
f 7716// 7715// 7717//
f 7716// 7717// 7718//
f 7718// 7717// 7719//
f 7718// 7719// 7720//
f 7720// 7719// 7721//
f 7720// 7721// 7722//
f 7722// 7721// 7723//
f 7722// 7723// 7724//
f 7724// 7723// 7725//
f 7724// 7725// 7726//
f 7726// 7725// 7727//
f 7726// 7727// 7728//
f 7728// 7727// 7729//
f 7728// 7729// 7730//
f 7730// 7729// 7731//
f 7730// 7731// 7732//
f 7732// 7731// 7733//
f 7732// 7733// 7734//
f 7734// 7733// 7735//
f 7734// 7735// 7736//
f 7736// 7735// 7737//
f 7736// 7737// 7738//
f 7738// 7737// 7739//
f 7711// 7709// 7738//
f 7738// 7709// 7736//
f 7710// 7711// 7739//
f 7739// 7711// 7738//
f 7708// 7710// 7737//
f 7737// 7710// 7739//
f 7708// 7737// 7706//
f 7706// 7737// 7735//
f 7706// 7735// 7704//
f 7704// 7735// 7733//
f 7704// 7733// 7702//
f 7702// 7733// 7731//
f 7702// 7731// 7700//
f 7700// 7731// 7729//
f 7700// 7729// 7698//
f 7698// 7729// 7727//
f 7698// 7727// 7696//
f 7696// 7727// 7725//
f 7694// 7696// 7723//
f 7723// 7696// 7725//
f 7694// 7723// 7721//
f 7694// 7721// 7692//
f 7692// 7721// 7719//
f 7692// 7719// 7690//
f 7690// 7719// 7717//
f 7690// 7717// 7688//
f 7688// 7717// 7715//
f 7688// 7715// 7686//
f 7686// 7715// 7713//
f 7686// 7713// 7684//
f 7684// 7713// 7681//
f 7684// 7681// 7680//
f 7683// 7682// 7685//
f 7685// 7682// 7712//
f 7685// 7712// 7687//
f 7687// 7712// 7714//
f 7687// 7714// 7689//
f 7689// 7714// 7716//
f 7689// 7716// 7691//
f 7691// 7716// 7718//
f 7691// 7718// 7693//
f 7693// 7718// 7720//
f 7693// 7720// 7695//
f 7695// 7720// 7722//
f 7697// 7695// 7724//
f 7724// 7695// 7722//
f 7697// 7724// 7726//
f 7697// 7726// 7699//
f 7699// 7726// 7728//
f 7699// 7728// 7701//
f 7701// 7728// 7730//
f 7701// 7730// 7703//
f 7703// 7730// 7732//
f 7703// 7732// 7705//
f 7705// 7732// 7734//
f 7705// 7734// 7707//
f 7707// 7734// 7736//
f 7707// 7736// 7709//
f 7740// 7741// 557//
f 557// 7741// 530//
f 186// 7742// 187//
f 187// 7742// 7743//
f 557// 187// 7740//
f 7740// 187// 7743//
f 7740// 7743// 7744//
f 7744// 7743// 7745//
f 7744// 7745// 7746//
f 7746// 7745// 7747//
f 7746// 7747// 7748//
f 7748// 7747// 7749//
f 7748// 7749// 7750//
f 7750// 7749// 7751//
f 7750// 7751// 7752//
f 7752// 7751// 7753//
f 7752// 7753// 7754//
f 7754// 7753// 7755//
f 7754// 7755// 7756//
f 7756// 7755// 7757//
f 7756// 7757// 7758//
f 7758// 7757// 7759//
f 7758// 7759// 7760//
f 7760// 7759// 7761//
f 7760// 7761// 7762//
f 7762// 7761// 7763//
f 7762// 7763// 7764//
f 7764// 7763// 7765//
f 7764// 7765// 7766//
f 7766// 7765// 7767//
f 7766// 7767// 7768//
f 7768// 7767// 7769//
f 7768// 7769// 7770//
f 7770// 7769// 7771//
f 186// 530// 7742//
f 7742// 530// 7741//
f 7742// 7741// 7772//
f 7772// 7741// 7773//
f 7772// 7773// 7774//
f 7774// 7773// 7775//
f 7774// 7775// 7776//
f 7776// 7775// 7777//
f 7776// 7777// 7778//
f 7778// 7777// 7779//
f 7778// 7779// 7780//
f 7780// 7779// 7781//
f 7780// 7781// 7782//
f 7782// 7781// 7783//
f 7782// 7783// 7784//
f 7784// 7783// 7785//
f 7784// 7785// 7786//
f 7786// 7785// 7787//
f 7786// 7787// 7788//
f 7788// 7787// 7789//
f 7788// 7789// 7790//
f 7790// 7789// 7791//
f 7790// 7791// 7792//
f 7792// 7791// 7793//
f 7792// 7793// 7794//
f 7794// 7793// 7795//
f 7794// 7795// 7796//
f 7796// 7795// 7797//
f 7796// 7797// 7798//
f 7798// 7797// 7799//
f 7771// 7769// 7798//
f 7798// 7769// 7796//
f 7770// 7771// 7799//
f 7799// 7771// 7798//
f 7768// 7770// 7797//
f 7797// 7770// 7799//
f 7768// 7797// 7766//
f 7766// 7797// 7795//
f 7766// 7795// 7764//
f 7764// 7795// 7793//
f 7764// 7793// 7762//
f 7762// 7793// 7791//
f 7762// 7791// 7760//
f 7760// 7791// 7789//
f 7760// 7789// 7758//
f 7758// 7789// 7787//
f 7758// 7787// 7756//
f 7756// 7787// 7785//
f 7754// 7756// 7783//
f 7783// 7756// 7785//
f 7754// 7783// 7781//
f 7754// 7781// 7752//
f 7752// 7781// 7779//
f 7752// 7779// 7750//
f 7750// 7779// 7777//
f 7750// 7777// 7748//
f 7748// 7777// 7775//
f 7748// 7775// 7746//
f 7746// 7775// 7773//
f 7746// 7773// 7744//
f 7744// 7773// 7741//
f 7744// 7741// 7740//
f 7743// 7742// 7745//
f 7745// 7742// 7772//
f 7745// 7772// 7747//
f 7747// 7772// 7774//
f 7747// 7774// 7749//
f 7749// 7774// 7776//
f 7749// 7776// 7751//
f 7751// 7776// 7778//
f 7751// 7778// 7753//
f 7753// 7778// 7780//
f 7753// 7780// 7755//
f 7755// 7780// 7782//
f 7757// 7755// 7784//
f 7784// 7755// 7782//
f 7757// 7784// 7786//
f 7757// 7786// 7759//
f 7759// 7786// 7788//
f 7759// 7788// 7761//
f 7761// 7788// 7790//
f 7761// 7790// 7763//
f 7763// 7790// 7792//
f 7763// 7792// 7765//
f 7765// 7792// 7794//
f 7765// 7794// 7767//
f 7767// 7794// 7796//
f 7767// 7796// 7769//
f 7800// 7801// 552//
f 552// 7801// 553//
f 184// 7802// 185//
f 185// 7802// 7803//
f 552// 185// 7800//
f 7800// 185// 7803//
f 7800// 7803// 7804//
f 7804// 7803// 7805//
f 7804// 7805// 7806//
f 7806// 7805// 7807//
f 7806// 7807// 7808//
f 7808// 7807// 7809//
f 7808// 7809// 7810//
f 7810// 7809// 7811//
f 7810// 7811// 7812//
f 7812// 7811// 7813//
f 7812// 7813// 7814//
f 7814// 7813// 7815//
f 7814// 7815// 7816//
f 7816// 7815// 7817//
f 7816// 7817// 7818//
f 7818// 7817// 7819//
f 7818// 7819// 7820//
f 7820// 7819// 7821//
f 7820// 7821// 7822//
f 7822// 7821// 7823//
f 7822// 7823// 7824//
f 7824// 7823// 7825//
f 7824// 7825// 7826//
f 7826// 7825// 7827//
f 7826// 7827// 7828//
f 7828// 7827// 7829//
f 7828// 7829// 7830//
f 7830// 7829// 7831//
f 184// 553// 7802//
f 7802// 553// 7801//
f 7802// 7801// 7832//
f 7832// 7801// 7833//
f 7832// 7833// 7834//
f 7834// 7833// 7835//
f 7834// 7835// 7836//
f 7836// 7835// 7837//
f 7836// 7837// 7838//
f 7838// 7837// 7839//
f 7838// 7839// 7840//
f 7840// 7839// 7841//
f 7840// 7841// 7842//
f 7842// 7841// 7843//
f 7842// 7843// 7844//
f 7844// 7843// 7845//
f 7844// 7845// 7846//
f 7846// 7845// 7847//
f 7846// 7847// 7848//
f 7848// 7847// 7849//
f 7848// 7849// 7850//
f 7850// 7849// 7851//
f 7850// 7851// 7852//
f 7852// 7851// 7853//
f 7852// 7853// 7854//
f 7854// 7853// 7855//
f 7854// 7855// 7856//
f 7856// 7855// 7857//
f 7856// 7857// 7858//
f 7858// 7857// 7859//
f 7831// 7829// 7858//
f 7858// 7829// 7856//
f 7830// 7831// 7859//
f 7859// 7831// 7858//
f 7828// 7830// 7857//
f 7857// 7830// 7859//
f 7828// 7857// 7826//
f 7826// 7857// 7855//
f 7826// 7855// 7824//
f 7824// 7855// 7853//
f 7824// 7853// 7822//
f 7822// 7853// 7851//
f 7822// 7851// 7820//
f 7820// 7851// 7849//
f 7820// 7849// 7818//
f 7818// 7849// 7847//
f 7818// 7847// 7816//
f 7816// 7847// 7845//
f 7814// 7816// 7843//
f 7843// 7816// 7845//
f 7814// 7843// 7841//
f 7814// 7841// 7812//
f 7812// 7841// 7839//
f 7812// 7839// 7810//
f 7810// 7839// 7837//
f 7810// 7837// 7808//
f 7808// 7837// 7835//
f 7808// 7835// 7806//
f 7806// 7835// 7833//
f 7806// 7833// 7804//
f 7804// 7833// 7801//
f 7804// 7801// 7800//
f 7803// 7802// 7805//
f 7805// 7802// 7832//
f 7805// 7832// 7807//
f 7807// 7832// 7834//
f 7807// 7834// 7809//
f 7809// 7834// 7836//
f 7809// 7836// 7811//
f 7811// 7836// 7838//
f 7811// 7838// 7813//
f 7813// 7838// 7840//
f 7813// 7840// 7815//
f 7815// 7840// 7842//
f 7817// 7815// 7844//
f 7844// 7815// 7842//
f 7817// 7844// 7846//
f 7817// 7846// 7819//
f 7819// 7846// 7848//
f 7819// 7848// 7821//
f 7821// 7848// 7850//
f 7821// 7850// 7823//
f 7823// 7850// 7852//
f 7823// 7852// 7825//
f 7825// 7852// 7854//
f 7825// 7854// 7827//
f 7827// 7854// 7856//
f 7827// 7856// 7829//
f 7860// 7861// 558//
f 558// 7861// 559//
f 182// 7862// 183//
f 183// 7862// 7863//
f 558// 183// 7860//
f 7860// 183// 7863//
f 7860// 7863// 7864//
f 7864// 7863// 7865//
f 7864// 7865// 7866//
f 7866// 7865// 7867//
f 7866// 7867// 7868//
f 7868// 7867// 7869//
f 7868// 7869// 7870//
f 7870// 7869// 7871//
f 7870// 7871// 7872//
f 7872// 7871// 7873//
f 7872// 7873// 7874//
f 7874// 7873// 7875//
f 7874// 7875// 7876//
f 7876// 7875// 7877//
f 7876// 7877// 7878//
f 7878// 7877// 7879//
f 7878// 7879// 7880//
f 7880// 7879// 7881//
f 7880// 7881// 7882//
f 7882// 7881// 7883//
f 7882// 7883// 7884//
f 7884// 7883// 7885//
f 7884// 7885// 7886//
f 7886// 7885// 7887//
f 7886// 7887// 7888//
f 7888// 7887// 7889//
f 7888// 7889// 7890//
f 7890// 7889// 7891//
f 182// 559// 7862//
f 7862// 559// 7861//
f 7862// 7861// 7892//
f 7892// 7861// 7893//
f 7892// 7893// 7894//
f 7894// 7893// 7895//
f 7894// 7895// 7896//
f 7896// 7895// 7897//
f 7896// 7897// 7898//
f 7898// 7897// 7899//
f 7898// 7899// 7900//
f 7900// 7899// 7901//
f 7900// 7901// 7902//
f 7902// 7901// 7903//
f 7902// 7903// 7904//
f 7904// 7903// 7905//
f 7904// 7905// 7906//
f 7906// 7905// 7907//
f 7906// 7907// 7908//
f 7908// 7907// 7909//
f 7908// 7909// 7910//
f 7910// 7909// 7911//
f 7910// 7911// 7912//
f 7912// 7911// 7913//
f 7912// 7913// 7914//
f 7914// 7913// 7915//
f 7914// 7915// 7916//
f 7916// 7915// 7917//
f 7916// 7917// 7918//
f 7918// 7917// 7919//
f 7891// 7889// 7918//
f 7918// 7889// 7916//
f 7890// 7891// 7919//
f 7919// 7891// 7918//
f 7888// 7890// 7917//
f 7917// 7890// 7919//
f 7888// 7917// 7886//
f 7886// 7917// 7915//
f 7886// 7915// 7884//
f 7884// 7915// 7913//
f 7884// 7913// 7882//
f 7882// 7913// 7911//
f 7882// 7911// 7880//
f 7880// 7911// 7909//
f 7880// 7909// 7878//
f 7878// 7909// 7907//
f 7878// 7907// 7876//
f 7876// 7907// 7905//
f 7874// 7876// 7903//
f 7903// 7876// 7905//
f 7874// 7903// 7901//
f 7874// 7901// 7872//
f 7872// 7901// 7899//
f 7872// 7899// 7870//
f 7870// 7899// 7897//
f 7870// 7897// 7868//
f 7868// 7897// 7895//
f 7868// 7895// 7866//
f 7866// 7895// 7893//
f 7866// 7893// 7864//
f 7864// 7893// 7861//
f 7864// 7861// 7860//
f 7863// 7862// 7865//
f 7865// 7862// 7892//
f 7865// 7892// 7867//
f 7867// 7892// 7894//
f 7867// 7894// 7869//
f 7869// 7894// 7896//
f 7869// 7896// 7871//
f 7871// 7896// 7898//
f 7871// 7898// 7873//
f 7873// 7898// 7900//
f 7873// 7900// 7875//
f 7875// 7900// 7902//
f 7877// 7875// 7904//
f 7904// 7875// 7902//
f 7877// 7904// 7906//
f 7877// 7906// 7879//
f 7879// 7906// 7908//
f 7879// 7908// 7881//
f 7881// 7908// 7910//
f 7881// 7910// 7883//
f 7883// 7910// 7912//
f 7883// 7912// 7885//
f 7885// 7912// 7914//
f 7885// 7914// 7887//
f 7887// 7914// 7916//
f 7887// 7916// 7889//
f 7920// 7921// 564//
f 564// 7921// 565//
f 180// 7922// 181//
f 181// 7922// 7923//
f 564// 181// 7920//
f 7920// 181// 7923//
f 7920// 7923// 7924//
f 7924// 7923// 7925//
f 7924// 7925// 7926//
f 7926// 7925// 7927//
f 7926// 7927// 7928//
f 7928// 7927// 7929//
f 7928// 7929// 7930//
f 7930// 7929// 7931//
f 7930// 7931// 7932//
f 7932// 7931// 7933//
f 7932// 7933// 7934//
f 7934// 7933// 7935//
f 7934// 7935// 7936//
f 7936// 7935// 7937//
f 7936// 7937// 7938//
f 7938// 7937// 7939//
f 7938// 7939// 7940//
f 7940// 7939// 7941//
f 7940// 7941// 7942//
f 7942// 7941// 7943//
f 7942// 7943// 7944//
f 7944// 7943// 7945//
f 7944// 7945// 7946//
f 7946// 7945// 7947//
f 7946// 7947// 7948//
f 7948// 7947// 7949//
f 7948// 7949// 7950//
f 7950// 7949// 7951//
f 180// 565// 7922//
f 7922// 565// 7921//
f 7922// 7921// 7952//
f 7952// 7921// 7953//
f 7952// 7953// 7954//
f 7954// 7953// 7955//
f 7954// 7955// 7956//
f 7956// 7955// 7957//
f 7956// 7957// 7958//
f 7958// 7957// 7959//
f 7958// 7959// 7960//
f 7960// 7959// 7961//
f 7960// 7961// 7962//
f 7962// 7961// 7963//
f 7962// 7963// 7964//
f 7964// 7963// 7965//
f 7964// 7965// 7966//
f 7966// 7965// 7967//
f 7966// 7967// 7968//
f 7968// 7967// 7969//
f 7968// 7969// 7970//
f 7970// 7969// 7971//
f 7970// 7971// 7972//
f 7972// 7971// 7973//
f 7972// 7973// 7974//
f 7974// 7973// 7975//
f 7974// 7975// 7976//
f 7976// 7975// 7977//
f 7976// 7977// 7978//
f 7978// 7977// 7979//
f 7951// 7949// 7978//
f 7978// 7949// 7976//
f 7950// 7951// 7979//
f 7979// 7951// 7978//
f 7948// 7950// 7977//
f 7977// 7950// 7979//
f 7948// 7977// 7946//
f 7946// 7977// 7975//
f 7946// 7975// 7944//
f 7944// 7975// 7973//
f 7944// 7973// 7942//
f 7942// 7973// 7971//
f 7942// 7971// 7940//
f 7940// 7971// 7969//
f 7940// 7969// 7938//
f 7938// 7969// 7967//
f 7938// 7967// 7936//
f 7936// 7967// 7965//
f 7934// 7936// 7963//
f 7963// 7936// 7965//
f 7934// 7963// 7961//
f 7934// 7961// 7932//
f 7932// 7961// 7959//
f 7932// 7959// 7930//
f 7930// 7959// 7957//
f 7930// 7957// 7928//
f 7928// 7957// 7955//
f 7928// 7955// 7926//
f 7926// 7955// 7953//
f 7926// 7953// 7924//
f 7924// 7953// 7921//
f 7924// 7921// 7920//
f 7923// 7922// 7925//
f 7925// 7922// 7952//
f 7925// 7952// 7927//
f 7927// 7952// 7954//
f 7927// 7954// 7929//
f 7929// 7954// 7956//
f 7929// 7956// 7931//
f 7931// 7956// 7958//
f 7931// 7958// 7933//
f 7933// 7958// 7960//
f 7933// 7960// 7935//
f 7935// 7960// 7962//
f 7937// 7935// 7964//
f 7964// 7935// 7962//
f 7937// 7964// 7966//
f 7937// 7966// 7939//
f 7939// 7966// 7968//
f 7939// 7968// 7941//
f 7941// 7968// 7970//
f 7941// 7970// 7943//
f 7943// 7970// 7972//
f 7943// 7972// 7945//
f 7945// 7972// 7974//
f 7945// 7974// 7947//
f 7947// 7974// 7976//
f 7947// 7976// 7949//
f 7980// 7981// 570//
f 570// 7981// 531//
f 178// 7982// 179//
f 179// 7982// 7983//
f 570// 179// 7980//
f 7980// 179// 7983//
f 7980// 7983// 7984//
f 7984// 7983// 7985//
f 7984// 7985// 7986//
f 7986// 7985// 7987//
f 7986// 7987// 7988//
f 7988// 7987// 7989//
f 7988// 7989// 7990//
f 7990// 7989// 7991//
f 7990// 7991// 7992//
f 7992// 7991// 7993//
f 7992// 7993// 7994//
f 7994// 7993// 7995//
f 7994// 7995// 7996//
f 7996// 7995// 7997//
f 7996// 7997// 7998//
f 7998// 7997// 7999//
f 7998// 7999// 8000//
f 8000// 7999// 8001//
f 8000// 8001// 8002//
f 8002// 8001// 8003//
f 8002// 8003// 8004//
f 8004// 8003// 8005//
f 8004// 8005// 8006//
f 8006// 8005// 8007//
f 8006// 8007// 8008//
f 8008// 8007// 8009//
f 8008// 8009// 8010//
f 8010// 8009// 8011//
f 178// 531// 7982//
f 7982// 531// 7981//
f 7982// 7981// 8012//
f 8012// 7981// 8013//
f 8012// 8013// 8014//
f 8014// 8013// 8015//
f 8014// 8015// 8016//
f 8016// 8015// 8017//
f 8016// 8017// 8018//
f 8018// 8017// 8019//
f 8018// 8019// 8020//
f 8020// 8019// 8021//
f 8020// 8021// 8022//
f 8022// 8021// 8023//
f 8022// 8023// 8024//
f 8024// 8023// 8025//
f 8024// 8025// 8026//
f 8026// 8025// 8027//
f 8026// 8027// 8028//
f 8028// 8027// 8029//
f 8028// 8029// 8030//
f 8030// 8029// 8031//
f 8030// 8031// 8032//
f 8032// 8031// 8033//
f 8032// 8033// 8034//
f 8034// 8033// 8035//
f 8034// 8035// 8036//
f 8036// 8035// 8037//
f 8036// 8037// 8038//
f 8038// 8037// 8039//
f 8011// 8009// 8038//
f 8038// 8009// 8036//
f 8010// 8011// 8039//
f 8039// 8011// 8038//
f 8008// 8010// 8037//
f 8037// 8010// 8039//
f 8008// 8037// 8006//
f 8006// 8037// 8035//
f 8006// 8035// 8004//
f 8004// 8035// 8033//
f 8004// 8033// 8002//
f 8002// 8033// 8031//
f 8002// 8031// 8000//
f 8000// 8031// 8029//
f 8000// 8029// 7998//
f 7998// 8029// 8027//
f 7998// 8027// 7996//
f 7996// 8027// 8025//
f 7994// 7996// 8023//
f 8023// 7996// 8025//
f 7994// 8023// 8021//
f 7994// 8021// 7992//
f 7992// 8021// 8019//
f 7992// 8019// 7990//
f 7990// 8019// 8017//
f 7990// 8017// 7988//
f 7988// 8017// 8015//
f 7988// 8015// 7986//
f 7986// 8015// 8013//
f 7986// 8013// 7984//
f 7984// 8013// 7981//
f 7984// 7981// 7980//
f 7983// 7982// 7985//
f 7985// 7982// 8012//
f 7985// 8012// 7987//
f 7987// 8012// 8014//
f 7987// 8014// 7989//
f 7989// 8014// 8016//
f 7989// 8016// 7991//
f 7991// 8016// 8018//
f 7991// 8018// 7993//
f 7993// 8018// 8020//
f 7993// 8020// 7995//
f 7995// 8020// 8022//
f 7997// 7995// 8024//
f 8024// 7995// 8022//
f 7997// 8024// 8026//
f 7997// 8026// 7999//
f 7999// 8026// 8028//
f 7999// 8028// 8001//
f 8001// 8028// 8030//
f 8001// 8030// 8003//
f 8003// 8030// 8032//
f 8003// 8032// 8005//
f 8005// 8032// 8034//
f 8005// 8034// 8007//
f 8007// 8034// 8036//
f 8007// 8036// 8009//
f 8040// 8041// 566//
f 566// 8041// 567//
f 176// 8042// 177//
f 177// 8042// 8043//
f 566// 177// 8040//
f 8040// 177// 8043//
f 8040// 8043// 8044//
f 8044// 8043// 8045//
f 8044// 8045// 8046//
f 8046// 8045// 8047//
f 8046// 8047// 8048//
f 8048// 8047// 8049//
f 8048// 8049// 8050//
f 8050// 8049// 8051//
f 8050// 8051// 8052//
f 8052// 8051// 8053//
f 8052// 8053// 8054//
f 8054// 8053// 8055//
f 8054// 8055// 8056//
f 8056// 8055// 8057//
f 8056// 8057// 8058//
f 8058// 8057// 8059//
f 8058// 8059// 8060//
f 8060// 8059// 8061//
f 8060// 8061// 8062//
f 8062// 8061// 8063//
f 8062// 8063// 8064//
f 8064// 8063// 8065//
f 8064// 8065// 8066//
f 8066// 8065// 8067//
f 8066// 8067// 8068//
f 8068// 8067// 8069//
f 8068// 8069// 8070//
f 8070// 8069// 8071//
f 176// 567// 8042//
f 8042// 567// 8041//
f 8042// 8041// 8072//
f 8072// 8041// 8073//
f 8072// 8073// 8074//
f 8074// 8073// 8075//
f 8074// 8075// 8076//
f 8076// 8075// 8077//
f 8076// 8077// 8078//
f 8078// 8077// 8079//
f 8078// 8079// 8080//
f 8080// 8079// 8081//
f 8080// 8081// 8082//
f 8082// 8081// 8083//
f 8082// 8083// 8084//
f 8084// 8083// 8085//
f 8084// 8085// 8086//
f 8086// 8085// 8087//
f 8086// 8087// 8088//
f 8088// 8087// 8089//
f 8088// 8089// 8090//
f 8090// 8089// 8091//
f 8090// 8091// 8092//
f 8092// 8091// 8093//
f 8092// 8093// 8094//
f 8094// 8093// 8095//
f 8094// 8095// 8096//
f 8096// 8095// 8097//
f 8096// 8097// 8098//
f 8098// 8097// 8099//
f 8071// 8069// 8098//
f 8098// 8069// 8096//
f 8070// 8071// 8099//
f 8099// 8071// 8098//
f 8068// 8070// 8097//
f 8097// 8070// 8099//
f 8068// 8097// 8066//
f 8066// 8097// 8095//
f 8066// 8095// 8064//
f 8064// 8095// 8093//
f 8064// 8093// 8062//
f 8062// 8093// 8091//
f 8062// 8091// 8060//
f 8060// 8091// 8089//
f 8060// 8089// 8058//
f 8058// 8089// 8087//
f 8058// 8087// 8056//
f 8056// 8087// 8085//
f 8054// 8056// 8083//
f 8083// 8056// 8085//
f 8054// 8083// 8081//
f 8054// 8081// 8052//
f 8052// 8081// 8079//
f 8052// 8079// 8050//
f 8050// 8079// 8077//
f 8050// 8077// 8048//
f 8048// 8077// 8075//
f 8048// 8075// 8046//
f 8046// 8075// 8073//
f 8046// 8073// 8044//
f 8044// 8073// 8041//
f 8044// 8041// 8040//
f 8043// 8042// 8045//
f 8045// 8042// 8072//
f 8045// 8072// 8047//
f 8047// 8072// 8074//
f 8047// 8074// 8049//
f 8049// 8074// 8076//
f 8049// 8076// 8051//
f 8051// 8076// 8078//
f 8051// 8078// 8053//
f 8053// 8078// 8080//
f 8053// 8080// 8055//
f 8055// 8080// 8082//
f 8057// 8055// 8084//
f 8084// 8055// 8082//
f 8057// 8084// 8086//
f 8057// 8086// 8059//
f 8059// 8086// 8088//
f 8059// 8088// 8061//
f 8061// 8088// 8090//
f 8061// 8090// 8063//
f 8063// 8090// 8092//
f 8063// 8092// 8065//
f 8065// 8092// 8094//
f 8065// 8094// 8067//
f 8067// 8094// 8096//
f 8067// 8096// 8069//
f 8100// 8101// 568//
f 568// 8101// 515//
f 174// 8102// 175//
f 175// 8102// 8103//
f 568// 175// 8100//
f 8100// 175// 8103//
f 8100// 8103// 8104//
f 8104// 8103// 8105//
f 8104// 8105// 8106//
f 8106// 8105// 8107//
f 8106// 8107// 8108//
f 8108// 8107// 8109//
f 8108// 8109// 8110//
f 8110// 8109// 8111//
f 8110// 8111// 8112//
f 8112// 8111// 8113//
f 8112// 8113// 8114//
f 8114// 8113// 8115//
f 8114// 8115// 8116//
f 8116// 8115// 8117//
f 8116// 8117// 8118//
f 8118// 8117// 8119//
f 8118// 8119// 8120//
f 8120// 8119// 8121//
f 8120// 8121// 8122//
f 8122// 8121// 8123//
f 8122// 8123// 8124//
f 8124// 8123// 8125//
f 8124// 8125// 8126//
f 8126// 8125// 8127//
f 8126// 8127// 8128//
f 8128// 8127// 8129//
f 8128// 8129// 8130//
f 8130// 8129// 8131//
f 174// 515// 8102//
f 8102// 515// 8101//
f 8102// 8101// 8132//
f 8132// 8101// 8133//
f 8132// 8133// 8134//
f 8134// 8133// 8135//
f 8134// 8135// 8136//
f 8136// 8135// 8137//
f 8136// 8137// 8138//
f 8138// 8137// 8139//
f 8138// 8139// 8140//
f 8140// 8139// 8141//
f 8140// 8141// 8142//
f 8142// 8141// 8143//
f 8142// 8143// 8144//
f 8144// 8143// 8145//
f 8144// 8145// 8146//
f 8146// 8145// 8147//
f 8146// 8147// 8148//
f 8148// 8147// 8149//
f 8148// 8149// 8150//
f 8150// 8149// 8151//
f 8150// 8151// 8152//
f 8152// 8151// 8153//
f 8152// 8153// 8154//
f 8154// 8153// 8155//
f 8154// 8155// 8156//
f 8156// 8155// 8157//
f 8156// 8157// 8158//
f 8158// 8157// 8159//
f 8131// 8129// 8158//
f 8158// 8129// 8156//
f 8130// 8131// 8159//
f 8159// 8131// 8158//
f 8128// 8130// 8157//
f 8157// 8130// 8159//
f 8128// 8157// 8126//
f 8126// 8157// 8155//
f 8126// 8155// 8124//
f 8124// 8155// 8153//
f 8124// 8153// 8122//
f 8122// 8153// 8151//
f 8122// 8151// 8120//
f 8120// 8151// 8149//
f 8120// 8149// 8118//
f 8118// 8149// 8147//
f 8118// 8147// 8116//
f 8116// 8147// 8145//
f 8114// 8116// 8143//
f 8143// 8116// 8145//
f 8114// 8143// 8141//
f 8114// 8141// 8112//
f 8112// 8141// 8139//
f 8112// 8139// 8110//
f 8110// 8139// 8137//
f 8110// 8137// 8108//
f 8108// 8137// 8135//
f 8108// 8135// 8106//
f 8106// 8135// 8133//
f 8106// 8133// 8104//
f 8104// 8133// 8101//
f 8104// 8101// 8100//
f 8103// 8102// 8105//
f 8105// 8102// 8132//
f 8105// 8132// 8107//
f 8107// 8132// 8134//
f 8107// 8134// 8109//
f 8109// 8134// 8136//
f 8109// 8136// 8111//
f 8111// 8136// 8138//
f 8111// 8138// 8113//
f 8113// 8138// 8140//
f 8113// 8140// 8115//
f 8115// 8140// 8142//
f 8117// 8115// 8144//
f 8144// 8115// 8142//
f 8117// 8144// 8146//
f 8117// 8146// 8119//
f 8119// 8146// 8148//
f 8119// 8148// 8121//
f 8121// 8148// 8150//
f 8121// 8150// 8123//
f 8123// 8150// 8152//
f 8123// 8152// 8125//
f 8125// 8152// 8154//
f 8125// 8154// 8127//
f 8127// 8154// 8156//
f 8127// 8156// 8129//
f 8160// 8161// 562//
f 562// 8161// 563//
f 172// 8162// 173//
f 173// 8162// 8163//
f 562// 173// 8160//
f 8160// 173// 8163//
f 8160// 8163// 8164//
f 8164// 8163// 8165//
f 8164// 8165// 8166//
f 8166// 8165// 8167//
f 8166// 8167// 8168//
f 8168// 8167// 8169//
f 8168// 8169// 8170//
f 8170// 8169// 8171//
f 8170// 8171// 8172//
f 8172// 8171// 8173//
f 8172// 8173// 8174//
f 8174// 8173// 8175//
f 8174// 8175// 8176//
f 8176// 8175// 8177//
f 8176// 8177// 8178//
f 8178// 8177// 8179//
f 8178// 8179// 8180//
f 8180// 8179// 8181//
f 8180// 8181// 8182//
f 8182// 8181// 8183//
f 8182// 8183// 8184//
f 8184// 8183// 8185//
f 8184// 8185// 8186//
f 8186// 8185// 8187//
f 8186// 8187// 8188//
f 8188// 8187// 8189//
f 8188// 8189// 8190//
f 8190// 8189// 8191//
f 172// 563// 8162//
f 8162// 563// 8161//
f 8162// 8161// 8192//
f 8192// 8161// 8193//
f 8192// 8193// 8194//
f 8194// 8193// 8195//
f 8194// 8195// 8196//
f 8196// 8195// 8197//
f 8196// 8197// 8198//
f 8198// 8197// 8199//
f 8198// 8199// 8200//
f 8200// 8199// 8201//
f 8200// 8201// 8202//
f 8202// 8201// 8203//
f 8202// 8203// 8204//
f 8204// 8203// 8205//
f 8204// 8205// 8206//
f 8206// 8205// 8207//
f 8206// 8207// 8208//
f 8208// 8207// 8209//
f 8208// 8209// 8210//
f 8210// 8209// 8211//
f 8210// 8211// 8212//
f 8212// 8211// 8213//
f 8212// 8213// 8214//
f 8214// 8213// 8215//
f 8214// 8215// 8216//
f 8216// 8215// 8217//
f 8216// 8217// 8218//
f 8218// 8217// 8219//
f 8191// 8189// 8218//
f 8218// 8189// 8216//
f 8190// 8191// 8219//
f 8219// 8191// 8218//
f 8188// 8190// 8217//
f 8217// 8190// 8219//
f 8188// 8217// 8186//
f 8186// 8217// 8215//
f 8186// 8215// 8184//
f 8184// 8215// 8213//
f 8184// 8213// 8182//
f 8182// 8213// 8211//
f 8182// 8211// 8180//
f 8180// 8211// 8209//
f 8180// 8209// 8178//
f 8178// 8209// 8207//
f 8178// 8207// 8176//
f 8176// 8207// 8205//
f 8174// 8176// 8203//
f 8203// 8176// 8205//
f 8174// 8203// 8201//
f 8174// 8201// 8172//
f 8172// 8201// 8199//
f 8172// 8199// 8170//
f 8170// 8199// 8197//
f 8170// 8197// 8168//
f 8168// 8197// 8195//
f 8168// 8195// 8166//
f 8166// 8195// 8193//
f 8166// 8193// 8164//
f 8164// 8193// 8161//
f 8164// 8161// 8160//
f 8163// 8162// 8165//
f 8165// 8162// 8192//
f 8165// 8192// 8167//
f 8167// 8192// 8194//
f 8167// 8194// 8169//
f 8169// 8194// 8196//
f 8169// 8196// 8171//
f 8171// 8196// 8198//
f 8171// 8198// 8173//
f 8173// 8198// 8200//
f 8173// 8200// 8175//
f 8175// 8200// 8202//
f 8177// 8175// 8204//
f 8204// 8175// 8202//
f 8177// 8204// 8206//
f 8177// 8206// 8179//
f 8179// 8206// 8208//
f 8179// 8208// 8181//
f 8181// 8208// 8210//
f 8181// 8210// 8183//
f 8183// 8210// 8212//
f 8183// 8212// 8185//
f 8185// 8212// 8214//
f 8185// 8214// 8187//
f 8187// 8214// 8216//
f 8187// 8216// 8189//
f 8220// 8221// 569//
f 569// 8221// 532//
f 170// 8222// 171//
f 171// 8222// 8223//
f 569// 171// 8220//
f 8220// 171// 8223//
f 8220// 8223// 8224//
f 8224// 8223// 8225//
f 8224// 8225// 8226//
f 8226// 8225// 8227//
f 8226// 8227// 8228//
f 8228// 8227// 8229//
f 8228// 8229// 8230//
f 8230// 8229// 8231//
f 8230// 8231// 8232//
f 8232// 8231// 8233//
f 8232// 8233// 8234//
f 8234// 8233// 8235//
f 8234// 8235// 8236//
f 8236// 8235// 8237//
f 8236// 8237// 8238//
f 8238// 8237// 8239//
f 8238// 8239// 8240//
f 8240// 8239// 8241//
f 8240// 8241// 8242//
f 8242// 8241// 8243//
f 8242// 8243// 8244//
f 8244// 8243// 8245//
f 8244// 8245// 8246//
f 8246// 8245// 8247//
f 8246// 8247// 8248//
f 8248// 8247// 8249//
f 8248// 8249// 8250//
f 8250// 8249// 8251//
f 170// 532// 8222//
f 8222// 532// 8221//
f 8222// 8221// 8252//
f 8252// 8221// 8253//
f 8252// 8253// 8254//
f 8254// 8253// 8255//
f 8254// 8255// 8256//
f 8256// 8255// 8257//
f 8256// 8257// 8258//
f 8258// 8257// 8259//
f 8258// 8259// 8260//
f 8260// 8259// 8261//
f 8260// 8261// 8262//
f 8262// 8261// 8263//
f 8262// 8263// 8264//
f 8264// 8263// 8265//
f 8264// 8265// 8266//
f 8266// 8265// 8267//
f 8266// 8267// 8268//
f 8268// 8267// 8269//
f 8268// 8269// 8270//
f 8270// 8269// 8271//
f 8270// 8271// 8272//
f 8272// 8271// 8273//
f 8272// 8273// 8274//
f 8274// 8273// 8275//
f 8274// 8275// 8276//
f 8276// 8275// 8277//
f 8276// 8277// 8278//
f 8278// 8277// 8279//
f 8251// 8249// 8278//
f 8278// 8249// 8276//
f 8250// 8251// 8279//
f 8279// 8251// 8278//
f 8248// 8250// 8277//
f 8277// 8250// 8279//
f 8248// 8277// 8246//
f 8246// 8277// 8275//
f 8246// 8275// 8244//
f 8244// 8275// 8273//
f 8244// 8273// 8242//
f 8242// 8273// 8271//
f 8242// 8271// 8240//
f 8240// 8271// 8269//
f 8240// 8269// 8238//
f 8238// 8269// 8267//
f 8238// 8267// 8236//
f 8236// 8267// 8265//
f 8234// 8236// 8263//
f 8263// 8236// 8265//
f 8234// 8263// 8261//
f 8234// 8261// 8232//
f 8232// 8261// 8259//
f 8232// 8259// 8230//
f 8230// 8259// 8257//
f 8230// 8257// 8228//
f 8228// 8257// 8255//
f 8228// 8255// 8226//
f 8226// 8255// 8253//
f 8226// 8253// 8224//
f 8224// 8253// 8221//
f 8224// 8221// 8220//
f 8223// 8222// 8225//
f 8225// 8222// 8252//
f 8225// 8252// 8227//
f 8227// 8252// 8254//
f 8227// 8254// 8229//
f 8229// 8254// 8256//
f 8229// 8256// 8231//
f 8231// 8256// 8258//
f 8231// 8258// 8233//
f 8233// 8258// 8260//
f 8233// 8260// 8235//
f 8235// 8260// 8262//
f 8237// 8235// 8264//
f 8264// 8235// 8262//
f 8237// 8264// 8266//
f 8237// 8266// 8239//
f 8239// 8266// 8268//
f 8239// 8268// 8241//
f 8241// 8268// 8270//
f 8241// 8270// 8243//
f 8243// 8270// 8272//
f 8243// 8272// 8245//
f 8245// 8272// 8274//
f 8245// 8274// 8247//
f 8247// 8274// 8276//
f 8247// 8276// 8249//
f 8280// 8281// 509//
f 509// 8281// 507//
f 168// 8282// 169//
f 169// 8282// 8283//
f 509// 169// 8280//
f 8280// 169// 8283//
f 8280// 8283// 8284//
f 8284// 8283// 8285//
f 8284// 8285// 8286//
f 8286// 8285// 8287//
f 8286// 8287// 8288//
f 8288// 8287// 8289//
f 8288// 8289// 8290//
f 8290// 8289// 8291//
f 8290// 8291// 8292//
f 8292// 8291// 8293//
f 8292// 8293// 8294//
f 8294// 8293// 8295//
f 8294// 8295// 8296//
f 8296// 8295// 8297//
f 8296// 8297// 8298//
f 8298// 8297// 8299//
f 8298// 8299// 8300//
f 8300// 8299// 8301//
f 8300// 8301// 8302//
f 8302// 8301// 8303//
f 8302// 8303// 8304//
f 8304// 8303// 8305//
f 8304// 8305// 8306//
f 8306// 8305// 8307//
f 8306// 8307// 8308//
f 8308// 8307// 8309//
f 8308// 8309// 8310//
f 8310// 8309// 8311//
f 168// 507// 8282//
f 8282// 507// 8281//
f 8282// 8281// 8312//
f 8312// 8281// 8313//
f 8312// 8313// 8314//
f 8314// 8313// 8315//
f 8314// 8315// 8316//
f 8316// 8315// 8317//
f 8316// 8317// 8318//
f 8318// 8317// 8319//
f 8318// 8319// 8320//
f 8320// 8319// 8321//
f 8320// 8321// 8322//
f 8322// 8321// 8323//
f 8322// 8323// 8324//
f 8324// 8323// 8325//
f 8324// 8325// 8326//
f 8326// 8325// 8327//
f 8326// 8327// 8328//
f 8328// 8327// 8329//
f 8328// 8329// 8330//
f 8330// 8329// 8331//
f 8330// 8331// 8332//
f 8332// 8331// 8333//
f 8332// 8333// 8334//
f 8334// 8333// 8335//
f 8334// 8335// 8336//
f 8336// 8335// 8337//
f 8336// 8337// 8338//
f 8338// 8337// 8339//
f 8311// 8309// 8338//
f 8338// 8309// 8336//
f 8310// 8311// 8339//
f 8339// 8311// 8338//
f 8308// 8310// 8337//
f 8337// 8310// 8339//
f 8308// 8337// 8306//
f 8306// 8337// 8335//
f 8306// 8335// 8304//
f 8304// 8335// 8333//
f 8304// 8333// 8302//
f 8302// 8333// 8331//
f 8302// 8331// 8300//
f 8300// 8331// 8329//
f 8300// 8329// 8298//
f 8298// 8329// 8327//
f 8298// 8327// 8296//
f 8296// 8327// 8325//
f 8294// 8296// 8323//
f 8323// 8296// 8325//
f 8294// 8323// 8321//
f 8294// 8321// 8292//
f 8292// 8321// 8319//
f 8292// 8319// 8290//
f 8290// 8319// 8317//
f 8290// 8317// 8288//
f 8288// 8317// 8315//
f 8288// 8315// 8286//
f 8286// 8315// 8313//
f 8286// 8313// 8284//
f 8284// 8313// 8281//
f 8284// 8281// 8280//
f 8283// 8282// 8285//
f 8285// 8282// 8312//
f 8285// 8312// 8287//
f 8287// 8312// 8314//
f 8287// 8314// 8289//
f 8289// 8314// 8316//
f 8289// 8316// 8291//
f 8291// 8316// 8318//
f 8291// 8318// 8293//
f 8293// 8318// 8320//
f 8293// 8320// 8295//
f 8295// 8320// 8322//
f 8297// 8295// 8324//
f 8324// 8295// 8322//
f 8297// 8324// 8326//
f 8297// 8326// 8299//
f 8299// 8326// 8328//
f 8299// 8328// 8301//
f 8301// 8328// 8330//
f 8301// 8330// 8303//
f 8303// 8330// 8332//
f 8303// 8332// 8305//
f 8305// 8332// 8334//
f 8305// 8334// 8307//
f 8307// 8334// 8336//
f 8307// 8336// 8309//
f 66// 370// 67//
f 67// 370// 371//
f 67// 371// 75//
f 75// 371// 1//
f 1// 371// 369//
f 1// 369// 63//
f 63// 369// 64//
f 64// 369// 368//
f 64// 368// 65//
f 65// 368// 60//
f 60// 368// 370//
f 60// 370// 66//
usemtl 3
f 8340// 8341// 74//
f 74// 8341// 73//
f 8341// 8342// 73//
f 73// 8342// 72//
f 8342// 8343// 72//
f 72// 8343// 92//
f 8343// 8344// 92//
f 92// 8344// 91//
f 8344// 8345// 91//
f 91// 8345// 90//
f 8345// 8346// 90//
f 90// 8346// 69//
f 8346// 8347// 69//
f 69// 8347// 76//
f 8347// 8340// 76//
f 76// 8340// 74//
f 8348// 8344// 8349//
f 8349// 8344// 8343//
f 8350// 8347// 8348//
f 8348// 8347// 8346//
f 8348// 8346// 8344//
f 8344// 8346// 8345//
f 8350// 8351// 8347//
f 8347// 8351// 8352//
f 8347// 8352// 8340//
f 8340// 8352// 8353//
f 8340// 8353// 8354//
f 8354// 8355// 8340//
f 8340// 8355// 8349//
f 8340// 8349// 8341//
f 8341// 8349// 8343//
f 8341// 8343// 8342//
f 8348// 8349// 8356//
f 8356// 8349// 8357//
f 8350// 8348// 8358//
f 8358// 8348// 8356//
f 8350// 8358// 8359//
f 8350// 8359// 8351//
f 8351// 8359// 8360//
f 8351// 8360// 8352//
f 8353// 8352// 8361//
f 8361// 8352// 8360//
f 8353// 8361// 8362//
f 8353// 8362// 8354//
f 8354// 8362// 8363//
f 8354// 8363// 8355//
f 8349// 8355// 8357//
f 8357// 8355// 8363//
f 8364// 8365// 80//
f 80// 8365// 81//
f 8365// 8366// 81//
f 81// 8366// 82//
f 8366// 8367// 82//
f 82// 8367// 83//
f 8368// 94// 93//
f 8368// 93// 8369//
f 8369// 93// 86//
f 8369// 86// 8370//
f 8370// 86// 85//
f 8370// 85// 8371//
f 8371// 85// 84//
f 8371// 84// 8372//
f 8372// 84// 89//
f 8372// 89// 8373//
f 8373// 89// 88//
f 8373// 88// 8374//
f 8374// 88// 87//
f 8374// 87// 8375//
f 8375// 87// 83//
f 8375// 83// 8367//
f 8364// 80// 79//
f 8364// 79// 8376//
f 8376// 79// 78//
f 8376// 78// 8377//
f 8377// 78// 77//
f 8377// 77// 8378//
f 8378// 77// 71//
f 8378// 71// 8379//
f 8379// 71// 70//
f 8379// 70// 8380//
f 8380// 70// 95//
f 8380// 95// 8381//
f 8381// 95// 94//
f 8381// 94// 8368//
f 8370// 8371// 8382//
f 8382// 8371// 8372//
f 8382// 8372// 8383//
f 8383// 8372// 8373//
f 8383// 8373// 8384//
f 8384// 8373// 8374//
f 8384// 8374// 8385//
f 8385// 8374// 8375//
f 8385// 8375// 8386//
f 8386// 8375// 8367//
f 8386// 8367// 8387//
f 8387// 8367// 8366//
f 8387// 8366// 8388//
f 8388// 8366// 8365//
f 8388// 8365// 8389//
f 8389// 8365// 8364//
f 8389// 8364// 8390//
f 8390// 8364// 8376//
f 8390// 8376// 8391//
f 8391// 8376// 8377//
f 8391// 8377// 8392//
f 8392// 8377// 8378//
f 8392// 8378// 8393//
f 8393// 8378// 8379//
f 8393// 8379// 8394//
f 8394// 8379// 8380//
f 8394// 8380// 8395//
f 8395// 8380// 8381//
f 8395// 8381// 8396//
f 8396// 8381// 8368//
f 8396// 8368// 8397//
f 8397// 8368// 8369//
f 8397// 8369// 8398//
f 8398// 8369// 8370//
f 8398// 8370// 8382//
f 8386// 8387// 8399//
f 8399// 8387// 8400//
f 8386// 8399// 8401//
f 8386// 8401// 8385//
f 8385// 8401// 8402//
f 8385// 8402// 8384//
f 8384// 8402// 8403//
f 8384// 8403// 8383//
f 8383// 8403// 8404//
f 8383// 8404// 8382//
f 8382// 8404// 8405//
f 8382// 8405// 8398//
f 8398// 8405// 8406//
f 8398// 8406// 8397//
f 8397// 8406// 8407//
f 8397// 8407// 8396//
f 8396// 8407// 8408//
f 8396// 8408// 8395//
f 8395// 8408// 8409//
f 8395// 8409// 8394//
f 8394// 8409// 8410//
f 8394// 8410// 8393//
f 8393// 8410// 8411//
f 8393// 8411// 8392//
f 8392// 8411// 8412//
f 8392// 8412// 8391//
f 8391// 8412// 8413//
f 8391// 8413// 8390//
f 8390// 8413// 8414//
f 8390// 8414// 8389//
f 8388// 8389// 8415//
f 8415// 8389// 8414//
f 8387// 8388// 8400//
f 8400// 8388// 8415//
f 8416// 8417// 2//
f 2// 8417// 4//
f 8417// 8418// 4//
f 4// 8418// 5//
f 8418// 8419// 5//
f 5// 8419// 11//
f 8419// 8420// 11//
f 11// 8420// 21//
f 8420// 8421// 21//
f 21// 8421// 6//
f 8421// 8422// 6//
f 6// 8422// 7//
f 8422// 8423// 7//
f 7// 8423// 8//
f 8423// 8424// 8//
f 8// 8424// 15//
f 8424// 8425// 15//
f 15// 8425// 14//
f 8425// 8426// 14//
f 14// 8426// 12//
f 8426// 8427// 12//
f 12// 8427// 13//
f 8427// 8416// 13//
f 13// 8416// 2//
f 8418// 8417// 8416//
f 8416// 8427// 8418//
f 8418// 8427// 8426//
f 8418// 8426// 8419//
f 8421// 8420// 8422//
f 8422// 8420// 8419//
f 8422// 8419// 8423//
f 8423// 8419// 8426//
f 8423// 8426// 8424//
f 8424// 8426// 8425//
f 8428// 8429// 10//
f 10// 8429// 9//
f 9// 8429// 8430//
f 8431// 61// 59//
f 8431// 59// 8432//
f 8432// 59// 58//
f 8432// 58// 8430//
f 8430// 58// 68//
f 8430// 68// 9//
f 8433// 47// 46//
f 8433// 46// 8434//
f 8434// 46// 44//
f 8434// 44// 8435//
f 8435// 44// 42//
f 8435// 42// 8436//
f 8436// 42// 41//
f 8436// 41// 8437//
f 8437// 41// 20//
f 8437// 20// 8438//
f 8438// 20// 19//
f 8438// 19// 8439//
f 8439// 19// 8431//
f 8431// 19// 17//
f 8431// 17// 61//
f 8440// 52// 51//
f 8440// 51// 8441//
f 8441// 51// 50//
f 8441// 50// 8442//
f 8442// 50// 49//
f 8442// 49// 8443//
f 8443// 49// 23//
f 8443// 23// 8444//
f 8444// 23// 22//
f 8444// 22// 8445//
f 8445// 22// 48//
f 8445// 48// 8446//
f 8446// 48// 47//
f 8446// 47// 8433//
f 8447// 54// 53//
f 8447// 53// 8448//
f 8448// 53// 52//
f 8448// 52// 8440//
f 8447// 8449// 54//
f 54// 8449// 55//
f 8450// 57// 56//
f 8450// 56// 8451//
f 8451// 56// 55//
f 8451// 55// 8449//
f 8452// 30// 40//
f 8452// 40// 8453//
f 8453// 40// 39//
f 8453// 39// 8454//
f 8454// 39// 29//
f 8454// 29// 8455//
f 8455// 29// 28//
f 8455// 28// 8456//
f 8456// 28// 26//
f 8456// 26// 8457//
f 8457// 26// 25//
f 8457// 25// 8458//
f 8458// 25// 57//
f 8458// 57// 8450//
f 8459// 34// 33//
f 8459// 33// 8460//
f 8460// 33// 35//
f 8460// 35// 8461//
f 8461// 35// 36//
f 8461// 36// 8462//
f 8462// 36// 37//
f 8462// 37// 8463//
f 8463// 37// 32//
f 8463// 32// 8464//
f 8464// 32// 31//
f 8464// 31// 8465//
f 8465// 31// 30//
f 8465// 30// 8452//
f 8428// 10// 27//
f 8428// 27// 8466//
f 8466// 27// 38//
f 8466// 38// 8467//
f 8467// 38// 34//
f 8467// 34// 8459//
f 8460// 8431// 8459//
f 8459// 8431// 8432//
f 8459// 8432// 8467//
f 8467// 8432// 8430//
f 8467// 8430// 8466//
f 8466// 8430// 8429//
f 8466// 8429// 8428//
f 8449// 8447// 8451//
f 8451// 8447// 8448//
f 8451// 8448// 8450//
f 8450// 8448// 8440//
f 8450// 8440// 8458//
f 8458// 8440// 8441//
f 8458// 8441// 8457//
f 8457// 8441// 8442//
f 8457// 8442// 8456//
f 8456// 8442// 8443//
f 8456// 8443// 8455//
f 8455// 8443// 8444//
f 8455// 8444// 8454//
f 8454// 8444// 8445//
f 8454// 8445// 8453//
f 8453// 8445// 8446//
f 8453// 8446// 8452//
f 8452// 8446// 8433//
f 8452// 8433// 8465//
f 8465// 8433// 8434//
f 8465// 8434// 8464//
f 8464// 8434// 8435//
f 8464// 8435// 8463//
f 8463// 8435// 8436//
f 8463// 8436// 8462//
f 8462// 8436// 8437//
f 8462// 8437// 8461//
f 8461// 8437// 8438//
f 8461// 8438// 8460//
f 8460// 8438// 8439//
f 8460// 8439// 8431//
f 8468// 8469// 43//
f 43// 8469// 18//
f 8469// 8470// 18//
f 18// 8470// 16//
f 8470// 8471// 16//
f 16// 8471// 62//
f 8471// 8472// 62//
f 62// 8472// 24//
f 8472// 8473// 24//
f 24// 8473// 45//
f 8473// 8468// 45//
f 45// 8468// 43//
f 8472// 8471// 8473//
f 8473// 8471// 8470//
f 8473// 8470// 8468//
f 8468// 8470// 8469//
usemtl 1
f 8356// 8357// 8358//
f 8358// 8357// 8363//
f 8358// 8363// 8359//
f 8359// 8363// 8362//
f 8359// 8362// 8360//
f 8360// 8362// 8361//
f 8400// 8415// 8399//
f 8399// 8415// 8414//
f 8399// 8414// 8413//
f 8407// 8406// 8399//
f 8399// 8406// 8405//
f 8399// 8405// 8401//
f 8413// 8412// 8399//
f 8399// 8412// 8411//
f 8399// 8411// 8410//
f 8410// 8409// 8399//
f 8399// 8409// 8408//
f 8399// 8408// 8407//
f 8404// 8403// 8405//
f 8405// 8403// 8402//
f 8405// 8402// 8401//
usemtl 4
f 8474// 636// 8475//
f 8475// 636// 654//
f 8475// 654// 8476//
f 8476// 654// 653//
f 8476// 653// 8477//
f 8477// 653// 652//
f 8477// 652// 8478//
f 8478// 652// 659//
f 8478// 659// 8479//
f 8479// 659// 658//
f 8479// 658// 8480//
f 8480// 658// 657//
f 8480// 657// 8481//
f 8481// 657// 656//
f 8481// 656// 8482//
f 8482// 656// 655//
f 8482// 655// 8483//
f 8483// 655// 644//
f 8483// 644// 8484//
f 8484// 644// 643//
f 8484// 643// 8485//
f 8485// 643// 642//
f 8485// 642// 8486//
f 8486// 642// 641//
f 8486// 641// 8487//
f 8487// 641// 640//
f 8487// 640// 8488//
f 8488// 640// 651//
f 8488// 651// 8489//
f 8489// 651// 650//
f 8489// 650// 8490//
f 8490// 650// 649//
f 8490// 649// 8491//
f 8491// 649// 648//
f 8491// 648// 8492//
f 8492// 648// 647//
f 8492// 647// 8493//
f 8493// 647// 646//
f 8493// 646// 8494//
f 8494// 646// 645//
f 8494// 645// 8495//
f 8495// 645// 639//
f 8495// 639// 8496//
f 8496// 639// 638//
f 8496// 638// 8497//
f 8497// 638// 637//
f 8497// 637// 8474//
f 8474// 637// 636//
f 8496// 8497// 8498//
f 8498// 8497// 8474//
f 8498// 8474// 8475//
f 8493// 8494// 8498//
f 8498// 8494// 8495//
f 8498// 8495// 8496//
f 8490// 8491// 8498//
f 8498// 8491// 8492//
f 8498// 8492// 8493//
f 8487// 8488// 8498//
f 8498// 8488// 8489//
f 8498// 8489// 8490//
f 8484// 8485// 8498//
f 8498// 8485// 8486//
f 8498// 8486// 8487//
f 8481// 8482// 8498//
f 8498// 8482// 8483//
f 8498// 8483// 8484//
f 8478// 8479// 8498//
f 8498// 8479// 8480//
f 8498// 8480// 8481//
f 8475// 8476// 8498//
f 8498// 8476// 8477//
f 8498// 8477// 8478//
